marketplace,query,rank,product_id,product_url,title,brand,price,old_price,discount,rating,review_count,image_url,collected_at
wildberries,полотенце,1,11458591,https://www.wildberries.ru/catalog/11458591/detail.aspx,Полотенце махровое банное 100х150 набор 4 шт белое,Aquarelle,631.86,1206.24,48,4.7,3,https://basket-01.wbbasket.ru/vol114/part11458/11458591/images/big/1.webp,2026-09-20T20:04:28+00:00
wildberries,полотенце,2,17038374,https://www.wildberries.ru/catalog/17038374/detail.aspx,Полотенце махровое для лица 70х140 графит,Cleanelly,397.17,772.26,49,4.4,380,https://basket-02.wbbasket.ru/vol170/part17038/17038374/images/big/1.webp,2026-09-20T20:04:28+00:00
wildberries,полотенце,3,11714803,https://www.wildberries.ru/catalog/11714803/detail.aspx,Полотенце махровое для лица 30х50 комплект 3 шт серое,Arya Home,539.61,1072.28,50,4.3,17,https://basket-01.wbbasket.ru/vol117/part11714/11714803/images/big/1.webp,2026-09-20T20:04:28+00:00
wildberries,полотенце,4,11322047,https://www.wildberries.ru/catalog/11322047/detail.aspx,Полотенце бамбук пляжное 100х150 набор 2 шт молочное,Hobby Home,1144.81,2438.52,53,4.6,940,https://basket-01.wbbasket.ru/vol113/part11322/11322047/images/big/1.webp,2026-09-20T20:04:28+00:00
wildberries,полотенце,5,16377459,https://www.wildberries.ru/catalog/16377459/detail.aspx,Полотенце хлопок банное 50х90 набор 4 шт серое,Донецкая мануфактура,431.57,897.59,52,4.4,940,https://basket-02.wbbasket.ru/vol163/part16377/16377459/images/big/1.webp,2026-09-20T20:04:28+00:00
wildberries,полотенце,6,14107245,https://www.wildberries.ru/catalog/14107245/detail.aspx,Полотенце бамбук для ванной 70х140 комплект 3 шт бежевое,Belezza,1342.24,2390.16,44,4.3,2500,https://basket-01.wbbasket.ru/vol141/part14107/14107245/images/big/1.webp,2026-09-20T20:04:28+00:00
wildberries,полотенце,7,14491946,https://www.wildberries.ru/catalog/14491946/detail.aspx,Полотенце микрофибра для лица 100х150 набор 2 шт белое,Karna,2054.52,3254.17,37,4.3,940,https://basket-02.wbbasket.ru/vol144/part14491/14491946/images/big/1.webp,2026-09-20T20:04:28+00:00
wildberries,полотенце,8,14408072,https://www.wildberries.ru/catalog/14408072/detail.aspx,Полотенце органический хлопок для рук 30х50 набор 4 шт серое,Sofi De Marko,545.15,984.12,45,4.8,2500,https://basket-02.wbbasket.ru/vol144/part14408/14408072/images/big/1.webp,2026-09-20T20:04:28+00:00
wildberries,полотенце,9,11839607,https://www.wildberries.ru/catalog/11839607/detail.aspx,Полотенце микрофибра для рук 100х150 набор 4 шт белое,Unison,1287.49,2549.49,50,4.3,45,https://basket-01.wbbasket.ru/vol118/part11839/11839607/images/big/1.webp,2026-09-20T20:04:28+00:00
wildberries,полотенце,10,10192619,https://www.wildberries.ru/catalog/10192619/detail.aspx,Полотенце органический хлопок пляжное 50х90 подарочный набор молочное,Arya Home,1482.00,2632.33,44,4.7,17,https://basket-01.wbbasket.ru/vol101/part10192/10192619/images/big/1.webp,2026-09-20T20:04:28+00:00
wildberries,полотенце,11,14418934,https://www.wildberries.ru/catalog/14418934/detail.aspx,Полотенце микрофибра для ванной 100х150 набор 2 шт серое,Aquarelle,888.47,1157.61,23,5.0,45,https://basket-02.wbbasket.ru/vol144/part14418/14418934/images/big/1.webp,2026-09-20T20:04:28+00:00
wildberries,полотенце,12,18897858,https://www.wildberries.ru/catalog/18897858/detail.aspx,Полотенце махровое для ванной 80х150 белое,Волжский текстиль,567.68,820.52,31,4.9,940,https://basket-02.wbbasket.ru/vol188/part18897/18897858/images/big/1.webp,2026-09-20T20:04:28+00:00
wildberries,полотенце,13,11321324,https://www.wildberries.ru/catalog/11321324/detail.aspx,Полотенце махровое банное 100х150 комплект 3 шт белое,Bio-Textiles,359.68,651.24,45,4.3,7100,https://basket-01.wbbasket.ru/vol113/part11321/11321324/images/big/1.webp,2026-09-20T20:04:28+00:00
wildberries,полотенце,14,17099076,https://www.wildberries.ru/catalog/17099076/detail.aspx,Полотенце махровое пляжное 70х140 набор 4 шт молочное,Гармония,1160.40,2059.60,44,5.0,120,https://basket-02.wbbasket.ru/vol170/part17099/17099076/images/big/1.webp,2026-09-20T20:04:28+00:00
wildberries,полотенце,15,15672134,https://www.wildberries.ru/catalog/15672134/detail.aspx,Полотенце бамбук для рук 100х150 подарочный набор графит,Togas,877.44,1318.11,33,4.2,120,https://basket-02.wbbasket.ru/vol156/part15672/15672134/images/big/1.webp,2026-09-20T20:04:28+00:00
wildberries,полотенце,16,11188789,https://www.wildberries.ru/catalog/11188789/detail.aspx,Полотенце хлопок банное 50х90 набор 2 шт белое,Донецкая мануфактура,437.43,907.09,52,4.6,380,https://basket-01.wbbasket.ru/vol111/part11188/11188789/images/big/1.webp,2026-09-20T20:04:28+00:00
wildberries,полотенце,17,16829332,https://www.wildberries.ru/catalog/16829332/detail.aspx,Полотенце органический хлопок для лица 80х150 набор 4 шт графит,Aquarelle,1279.42,2566.72,50,4.4,17,https://basket-02.wbbasket.ru/vol168/part16829/16829332/images/big/1.webp,2026-09-20T20:04:28+00:00
wildberries,полотенце,18,11651177,https://www.wildberries.ru/catalog/11651177/detail.aspx,Полотенце органический хлопок для ванной 30х50 подарочный набор молочное,Aquarelle,2554.25,4868.47,48,4.2,940,https://basket-01.wbbasket.ru/vol116/part11651/11651177/images/big/1.webp,2026-09-20T20:04:28+00:00
wildberries,полотенце,19,17761611,https://www.wildberries.ru/catalog/17761611/detail.aspx,Полотенце махровое для лица 70х140 набор 4 шт графит,Arya Home,883.13,1293.91,32,4.4,17,https://basket-02.wbbasket.ru/vol177/part17761/17761611/images/big/1.webp,2026-09-20T20:04:28+00:00
wildberries,полотенце,20,12790237,https://www.wildberries.ru/catalog/12790237/detail.aspx,Полотенце микрофибра банное 50х90 бежевое,Bio-Textiles,439.88,907.84,52,4.5,7100,https://basket-01.wbbasket.ru/vol127/part12790/12790237/images/big/1.webp,2026-09-20T20:04:28+00:00
wildberries,полотенце банное,1,17633773,https://www.wildberries.ru/catalog/17633773/detail.aspx,Полотенце органический хлопок банное 70х140 подарочный набор бежевое,Sofi De Marko,920.27,1845.75,50,4.4,7100,https://basket-02.wbbasket.ru/vol176/part17633/17633773/images/big/1.webp,2026-09-20T20:04:28+00:00
wildberries,полотенце банное,2,10959074,https://www.wildberries.ru/catalog/10959074/detail.aspx,Полотенце хлопок для ванной 70х140 набор 2 шт графит,Belezza,1711.39,3376.88,49,4.2,7100,https://basket-01.wbbasket.ru/vol109/part10959/10959074/images/big/1.webp,2026-09-20T20:04:28+00:00
wildberries,полотенце банное,3,13946066,https://www.wildberries.ru/catalog/13946066/detail.aspx,Полотенце микрофибра для лица 50х90 бежевое,Волжский текстиль,2164.74,3973.45,46,4.5,120,https://basket-01.wbbasket.ru/vol139/part13946/13946066/images/big/1.webp,2026-09-20T20:04:28+00:00
wildberries,полотенце банное,4,14374922,https://www.wildberries.ru/catalog/14374922/detail.aspx,Полотенце микрофибра банное 80х150 набор 2 шт молочное,Донецкая мануфактура,1732.42,3067.26,44,4.4,940,https://basket-01.wbbasket.ru/vol143/part14374/14374922/images/big/1.webp,2026-09-20T20:04:28+00:00
wildberries,полотенце банное,5,10156287,https://www.wildberries.ru/catalog/10156287/detail.aspx,Полотенце бамбук для рук 70х140 комплект 3 шт молочное,Sofi De Marko,891.68,1910.12,53,4.6,17,https://basket-01.wbbasket.ru/vol101/part10156/10156287/images/big/1.webp,2026-09-20T20:04:28+00:00
wildberries,полотенце банное,6,16199635,https://www.wildberries.ru/catalog/16199635/detail.aspx,Полотенце микрофибра для лица 80х150 комплект 3 шт белое,Verossa,880.26,1840.93,52,4.4,7100,https://basket-02.wbbasket.ru/vol161/part16199/16199635/images/big/1.webp,2026-09-20T20:04:28+00:00
wildberries,полотенце банное,7,11737893,https://www.wildberries.ru/catalog/11737893/detail.aspx,Полотенце микрофибра для ванной 80х150 бежевое,Гармония,1850.77,2904.67,36,5.0,45,https://basket-01.wbbasket.ru/vol117/part11737/11737893/images/big/1.webp,2026-09-20T20:04:28+00:00
wildberries,полотенце банное,8,13415796,https://www.wildberries.ru/catalog/13415796/detail.aspx,Полотенце махровое банное 80х150 набор 4 шт серое,Karna,814.84,1585.56,49,4.7,380,https://basket-01.wbbasket.ru/vol134/part13415/13415796/images/big/1.webp,2026-09-20T20:04:28+00:00
wildberries,полотенце банное,9,12194789,https://www.wildberries.ru/catalog/12194789/detail.aspx,Полотенце органический хлопок для ванной 50х90 набор 2 шт молочное,Волжский текстиль,2229.88,2905.96,23,4.7,380,https://basket-01.wbbasket.ru/vol121/part12194/12194789/images/big/1.webp,2026-09-20T20:04:28+00:00
wildberries,полотенце банное,10,12500715,https://www.wildberries.ru/catalog/12500715/detail.aspx,Полотенце органический хлопок пляжное 30х50 бежевое,Belezza,340.30,712.86,52,4.6,940,https://basket-01.wbbasket.ru/vol125/part12500/12500715/images/big/1.webp,2026-09-20T20:04:28+00:00
wildberries,полотенце банное,11,10669324,https://www.wildberries.ru/catalog/10669324/detail.aspx,Полотенце микрофибра для лица 30х50 набор 4 шт бежевое,Донецкая мануфактура,757.92,1621.78,53,4.9,120,https://basket-01.wbbasket.ru/vol106/part10669/10669324/images/big/1.webp,2026-09-20T20:04:28+00:00
wildberries,полотенце банное,12,13971793,https://www.wildberries.ru/catalog/13971793/detail.aspx,Полотенце хлопок банное 100х150 молочное,Aquarelle,1386.55,2957.77,53,4.9,45,https://basket-01.wbbasket.ru/vol139/part13971/13971793/images/big/1.webp,2026-09-20T20:04:28+00:00
wildberries,полотенце банное,13,14163555,https://www.wildberries.ru/catalog/14163555/detail.aspx,Полотенце органический хлопок банное 70х140 комплект 3 шт молочное,Unison,2511.82,4927.07,49,4.4,17,https://basket-01.wbbasket.ru/vol141/part14163/14163555/images/big/1.webp,2026-09-20T20:04:28+00:00
wildberries,полотенце банное,14,13818418,https://www.wildberries.ru/catalog/13818418/detail.aspx,Полотенце махровое для рук 70х140 набор 4 шт молочное,Ecotex,743.83,1499.42,50,4.4,120,https://basket-01.wbbasket.ru/vol138/part13818/13818418/images/big/1.webp,2026-09-20T20:04:28+00:00
wildberries,полотенце банное,15,18996207,https://www.wildberries.ru/catalog/18996207/detail.aspx,Полотенце бамбук для ванной 50х90 комплект 3 шт серое,Ecotex,1694.77,3239.67,48,4.5,3,https://basket-02.wbbasket.ru/vol189/part18996/18996207/images/big/1.webp,2026-09-20T20:04:28+00:00
wildberries,полотенце банное,16,15262632,https://www.wildberries.ru/catalog/15262632/detail.aspx,Полотенце бамбук для лица 80х150 комплект 3 шт бежевое,Verossa,401.30,646.54,38,4.5,17,https://basket-02.wbbasket.ru/vol152/part15262/15262632/images/big/1.webp,2026-09-20T20:04:28+00:00
wildberries,полотенце банное,17,13305700,https://www.wildberries.ru/catalog/13305700/detail.aspx,Полотенце микрофибра для лица 100х150 набор 2 шт молочное,Ecotex,392.33,794.81,51,4.5,17,https://basket-01.wbbasket.ru/vol133/part13305/13305700/images/big/1.webp,2026-09-20T20:04:28+00:00
wildberries,полотенце банное,18,16751158,https://www.wildberries.ru/catalog/16751158/detail.aspx,Полотенце бамбук пляжное 100х150 набор 2 шт серое,Aquarelle,1216.19,2028.06,40,4.8,45,https://basket-02.wbbasket.ru/vol167/part16751/16751158/images/big/1.webp,2026-09-20T20:04:28+00:00
wildberries,полотенце банное,19,15098175,https://www.wildberries.ru/catalog/15098175/detail.aspx,Полотенце органический хлопок для рук 70х140 графит,Sofi De Marko,767.74,1574.14,51,4.4,2500,https://basket-02.wbbasket.ru/vol150/part15098/15098175/images/big/1.webp,2026-09-20T20:04:28+00:00
wildberries,полотенце банное,20,12846949,https://www.wildberries.ru/catalog/12846949/detail.aspx,Полотенце микрофибра пляжное 100х150 подарочный набор молочное,Arya Home,1042.16,1834.26,43,4.7,380,https://basket-01.wbbasket.ru/vol128/part12846/12846949/images/big/1.webp,2026-09-20T20:04:28+00:00
wildberries,полотенце для лица,1,10775337,https://www.wildberries.ru/catalog/10775337/detail.aspx,Полотенце микрофибра для ванной 50х90 набор 4 шт серое,Волжский текстиль,644.26,922.98,30,4.4,7100,https://basket-01.wbbasket.ru/vol107/part10775/10775337/images/big/1.webp,2026-09-20T20:04:28+00:00
wildberries,полотенце для лица,2,14093379,https://www.wildberries.ru/catalog/14093379/detail.aspx,Полотенце махровое для рук 30х50 белое,Донецкая мануфактура,1789.55,3122.66,43,4.3,3,https://basket-01.wbbasket.ru/vol140/part14093/14093379/images/big/1.webp,2026-09-20T20:04:28+00:00
wildberries,полотенце для лица,3,12036059,https://www.wildberries.ru/catalog/12036059/detail.aspx,Полотенце махровое для рук 70х140 набор 4 шт графит,Unison,856.41,1305.41,34,4.6,7100,https://basket-01.wbbasket.ru/vol120/part12036/12036059/images/big/1.webp,2026-09-20T20:04:28+00:00
wildberries,полотенце для лица,4,17159521,https://www.wildberries.ru/catalog/17159521/detail.aspx,Полотенце микрофибра пляжное 80х150 комплект 3 шт молочное,Aquarelle,1411.91,2968.99,52,4.9,7100,https://basket-02.wbbasket.ru/vol171/part17159/17159521/images/big/1.webp,2026-09-20T20:04:28+00:00
wildberries,полотенце для лица,5,18745959,https://www.wildberries.ru/catalog/18745959/detail.aspx,Полотенце хлопок для рук 30х50 комплект 3 шт белое,Unison,2488.70,4950.60,50,4.6,120,https://basket-02.wbbasket.ru/vol187/part18745/18745959/images/big/1.webp,2026-09-20T20:04:28+00:00
wildberries,полотенце для лица,6,12321531,https://www.wildberries.ru/catalog/12321531/detail.aspx,Полотенце органический хлопок банное 100х150 набор 4 шт серое,Karna,747.27,1334.73,44,4.3,2500,https://basket-01.wbbasket.ru/vol123/part12321/12321531/images/big/1.webp,2026-09-20T20:04:28+00:00
wildberries,полотенце для лица,7,13470105,https://www.wildberries.ru/catalog/13470105/detail.aspx,Полотенце хлопок для лица 50х90 подарочный набор молочное,Togas,800.10,1339.52,40,4.9,2500,https://basket-01.wbbasket.ru/vol134/part13470/13470105/images/big/1.webp,2026-09-20T20:04:28+00:00
wildberries,полотенце для лица,8,16542890,https://www.wildberries.ru/catalog/16542890/detail.aspx,Полотенце микрофибра банное 80х150 подарочный набор молочное,Unison,441.80,693.07,36,4.9,2500,https://basket-02.wbbasket.ru/vol165/part16542/16542890/images/big/1.webp,2026-09-20T20:04:28+00:00
wildberries,полотенце для лица,9,15639317,https://www.wildberries.ru/catalog/15639317/detail.aspx,Полотенце микрофибра пляжное 70х140 подарочный набор белое,Волжский текстиль,774.79,1027.47,25,4.7,2500,https://basket-02.wbbasket.ru/vol156/part15639/15639317/images/big/1.webp,2026-09-20T20:04:28+00:00
wildberries,полотенце для лица,10,10454696,https://www.wildberries.ru/catalog/10454696/detail.aspx,Полотенце хлопок для рук 70х140 графит,Togas,437.61,802.01,45,4.3,2500,https://basket-01.wbbasket.ru/vol104/part10454/10454696/images/big/1.webp,2026-09-20T20:04:28+00:00
wildberries,полотенце для лица,11,16360682,https://www.wildberries.ru/catalog/16360682/detail.aspx,Полотенце органический хлопок для лица 50х90 комплект 3 шт молочное,Belezza,721.66,1150.44,37,4.4,2500,https://basket-02.wbbasket.ru/vol163/part16360/16360682/images/big/1.webp,2026-09-20T20:04:28+00:00
wildberries,полотенце для лица,12,10675419,https://www.wildberries.ru/catalog/10675419/detail.aspx,Полотенце махровое для рук 50х90 бежевое,Karna,724.64,986.78,27,4.8,120,https://basket-01.wbbasket.ru/vol106/part10675/10675419/images/big/1.webp,2026-09-20T20:04:28+00:00
wildberries,полотенце для лица,13,13656838,https://www.wildberries.ru/catalog/13656838/detail.aspx,Полотенце махровое пляжное 70х140 набор 4 шт белое,Sofi De Marko,1040.33,1880.47,45,4.6,380,https://basket-01.wbbasket.ru/vol136/part13656/13656838/images/big/1.webp,2026-09-20T20:04:28+00:00
wildberries,полотенце для лица,14,11813596,https://www.wildberries.ru/catalog/11813596/detail.aspx,Полотенце бамбук для лица 80х150 бежевое,Arya Home,2618.94,5678.51,54,4.7,380,https://basket-01.wbbasket.ru/vol118/part11813/11813596/images/big/1.webp,2026-09-20T20:04:28+00:00
wildberries,полотенце для лица,15,15059717,https://www.wildberries.ru/catalog/15059717/detail.aspx,Полотенце органический хлопок для рук 70х140 набор 2 шт графит,Донецкая мануфактура,1857.60,2820.89,34,4.9,17,https://basket-02.wbbasket.ru/vol150/part15059/15059717/images/big/1.webp,2026-09-20T20:04:28+00:00
wildberries,полотенце для лица,16,15724909,https://www.wildberries.ru/catalog/15724909/detail.aspx,Полотенце микрофибра банное 100х150 молочное,Arya Home,1624.38,2851.38,43,4.2,2500,https://basket-02.wbbasket.ru/vol157/part15724/15724909/images/big/1.webp,2026-09-20T20:04:28+00:00
wildberries,полотенце для лица,17,18753457,https://www.wildberries.ru/catalog/18753457/detail.aspx,Полотенце органический хлопок банное 30х50 комплект 3 шт молочное,Гармония,1514.07,2208.31,31,5.0,380,https://basket-02.wbbasket.ru/vol187/part18753/18753457/images/big/1.webp,2026-09-20T20:04:28+00:00
wildberries,полотенце для лица,18,11453962,https://www.wildberries.ru/catalog/11453962/detail.aspx,Полотенце микрофибра для рук 30х50 подарочный набор графит,Донецкая мануфактура,747.89,1137.50,34,4.4,7100,https://basket-01.wbbasket.ru/vol114/part11453/11453962/images/big/1.webp,2026-09-20T20:04:28+00:00
wildberries,полотенце для лица,19,18179730,https://www.wildberries.ru/catalog/18179730/detail.aspx,Полотенце органический хлопок пляжное 80х150 подарочный набор серое,Sofi De Marko,389.33,620.01,37,4.4,380,https://basket-02.wbbasket.ru/vol181/part18179/18179730/images/big/1.webp,2026-09-20T20:04:28+00:00
wildberries,полотенце для лица,20,16818732,https://www.wildberries.ru/catalog/16818732/detail.aspx,Полотенце бамбук пляжное 100х150 бежевое,Hobby Home,1463.40,2015.18,27,4.6,120,https://basket-02.wbbasket.ru/vol168/part16818/16818732/images/big/1.webp,2026-09-20T20:04:28+00:00
wildberries,полотенце махровое,1,15137284,https://www.wildberries.ru/catalog/15137284/detail.aspx,Полотенце органический хлопок для рук 30х50 набор 2 шт бежевое,Togas,724.02,1392.01,48,4.7,940,https://basket-02.wbbasket.ru/vol151/part15137/15137284/images/big/1.webp,2026-09-20T20:04:28+00:00
wildberries,полотенце махровое,2,15144280,https://www.wildberries.ru/catalog/15144280/detail.aspx,Полотенце микрофибра пляжное 100х150 подарочный набор графит,Bio-Textiles,754.88,1289.61,41,4.4,17,https://basket-02.wbbasket.ru/vol151/part15144/15144280/images/big/1.webp,2026-09-20T20:04:28+00:00
wildberries,полотенце махровое,3,18801946,https://www.wildberries.ru/catalog/18801946/detail.aspx,Полотенце хлопок для ванной 50х90 белое,Togas,539.80,936.97,42,4.7,17,https://basket-02.wbbasket.ru/vol188/part18801/18801946/images/big/1.webp,2026-09-20T20:04:28+00:00
wildberries,полотенце махровое,4,14602180,https://www.wildberries.ru/catalog/14602180/detail.aspx,Полотенце хлопок для ванной 70х140 комплект 3 шт белое,Гармония,674.85,1201.72,44,4.2,3,https://basket-02.wbbasket.ru/vol146/part14602/14602180/images/big/1.webp,2026-09-20T20:04:28+00:00
wildberries,полотенце махровое,5,15716097,https://www.wildberries.ru/catalog/15716097/detail.aspx,Полотенце бамбук для лица 30х50 набор 2 шт бежевое,Волжский текстиль,1206.54,2088.33,42,4.3,3,https://basket-02.wbbasket.ru/vol157/part15716/15716097/images/big/1.webp,2026-09-20T20:04:28+00:00
wildberries,полотенце махровое,6,12545556,https://www.wildberries.ru/catalog/12545556/detail.aspx,Полотенце органический хлопок банное 50х90 подарочный набор молочное,Karna,399.01,765.22,48,4.3,380,https://basket-01.wbbasket.ru/vol125/part12545/12545556/images/big/1.webp,2026-09-20T20:04:28+00:00
wildberries,полотенце махровое,7,18767312,https://www.wildberries.ru/catalog/18767312/detail.aspx,Полотенце хлопок банное 80х150 подарочный набор графит,Verossa,1402.52,2108.15,33,4.5,7100,https://basket-02.wbbasket.ru/vol187/part18767/18767312/images/big/1.webp,2026-09-20T20:04:28+00:00
wildberries,полотенце махровое,8,13486102,https://www.wildberries.ru/catalog/13486102/detail.aspx,Полотенце микрофибра для рук 100х150 графит,Karna,402.83,792.00,49,4.7,380,https://basket-01.wbbasket.ru/vol134/part13486/13486102/images/big/1.webp,2026-09-20T20:04:28+00:00
wildberries,полотенце махровое,9,17883823,https://www.wildberries.ru/catalog/17883823/detail.aspx,Полотенце махровое для лица 70х140 набор 4 шт графит,Aquarelle,349.81,583.37,40,4.4,120,https://basket-02.wbbasket.ru/vol178/part17883/17883823/images/big/1.webp,2026-09-20T20:04:28+00:00
wildberries,полотенце махровое,10,13318855,https://www.wildberries.ru/catalog/13318855/detail.aspx,Полотенце бамбук для рук 50х90 набор 4 шт серое,Karna,2598.82,4757.95,45,4.5,120,https://basket-01.wbbasket.ru/vol133/part13318/13318855/images/big/1.webp,2026-09-20T20:04:28+00:00
wildberries,полотенце махровое,11,14842082,https://www.wildberries.ru/catalog/14842082/detail.aspx,Полотенце хлопок для ванной 70х140 набор 2 шт бежевое,Aquarelle,641.80,1178.05,46,4.6,7100,https://basket-02.wbbasket.ru/vol148/part14842/14842082/images/big/1.webp,2026-09-20T20:04:28+00:00
wildberries,полотенце махровое,12,17248238,https://www.wildberries.ru/catalog/17248238/detail.aspx,Полотенце бамбук для рук 100х150 графит,Togas,971.51,1785.86,46,4.8,380,https://basket-02.wbbasket.ru/vol172/part17248/17248238/images/big/1.webp,2026-09-20T20:04:28+00:00
wildberries,полотенце махровое,13,10674975,https://www.wildberries.ru/catalog/10674975/detail.aspx,Полотенце махровое для лица 80х150 бежевое,Cleanelly,2513.53,3877.27,35,4.8,45,https://basket-01.wbbasket.ru/vol106/part10674/10674975/images/big/1.webp,2026-09-20T20:04:28+00:00
wildberries,полотенце махровое,14,11530793,https://www.wildberries.ru/catalog/11530793/detail.aspx,Полотенце микрофибра для рук 100х150 набор 4 шт графит,Bio-Textiles,1030.03,1794.88,43,4.6,2500,https://basket-01.wbbasket.ru/vol115/part11530/11530793/images/big/1.webp,2026-09-20T20:04:28+00:00
wildberries,полотенце махровое,15,16718473,https://www.wildberries.ru/catalog/16718473/detail.aspx,Полотенце бамбук банное 70х140 комплект 3 шт молочное,Hobby Home,1687.70,3200.43,47,4.9,3,https://basket-02.wbbasket.ru/vol167/part16718/16718473/images/big/1.webp,2026-09-20T20:04:28+00:00
wildberries,полотенце махровое,16,10019311,https://www.wildberries.ru/catalog/10019311/detail.aspx,Полотенце махровое для ванной 100х150 комплект 3 шт бежевое,Bio-Textiles,2321.29,4092.75,43,4.7,7100,https://basket-01.wbbasket.ru/vol100/part10019/10019311/images/big/1.webp,2026-09-20T20:04:28+00:00
wildberries,полотенце махровое,17,10865901,https://www.wildberries.ru/catalog/10865901/detail.aspx,Полотенце махровое для лица 80х150 комплект 3 шт графит,Ecotex,2388.92,4056.00,41,4.4,45,https://basket-01.wbbasket.ru/vol108/part10865/10865901/images/big/1.webp,2026-09-20T20:04:28+00:00
wildberries,полотенце махровое,18,12657144,https://www.wildberries.ru/catalog/12657144/detail.aspx,Полотенце бамбук для рук 30х50 набор 2 шт бежевое,Unison,1745.20,2644.62,34,4.4,3,https://basket-01.wbbasket.ru/vol126/part12657/12657144/images/big/1.webp,2026-09-20T20:04:28+00:00
wildberries,полотенце махровое,19,14896624,https://www.wildberries.ru/catalog/14896624/detail.aspx,Полотенце органический хлопок банное 70х140 набор 2 шт молочное,Волжский текстиль,407.28,585.90,30,4.6,380,https://basket-02.wbbasket.ru/vol148/part14896/14896624/images/big/1.webp,2026-09-20T20:04:28+00:00
wildberries,полотенце махровое,20,18526867,https://www.wildberries.ru/catalog/18526867/detail.aspx,Полотенце органический хлопок для рук 70х140 подарочный набор графит,Ecotex,569.39,1212.62,53,4.8,45,https://basket-02.wbbasket.ru/vol185/part18526/18526867/images/big/1.webp,2026-09-20T20:04:28+00:00
wildberries,полотенце хлопок,1,15008935,https://www.wildberries.ru/catalog/15008935/detail.aspx,Полотенце махровое для ванной 30х50 комплект 3 шт графит,Гармония,865.97,1346.20,36,4.9,7100,https://basket-02.wbbasket.ru/vol150/part15008/15008935/images/big/1.webp,2026-09-20T20:04:28+00:00
wildberries,полотенце хлопок,2,17639414,https://www.wildberries.ru/catalog/17639414/detail.aspx,Полотенце хлопок для рук 80х150 подарочный набор серое,Гармония,802.30,1435.38,44,4.9,120,https://basket-02.wbbasket.ru/vol176/part17639/17639414/images/big/1.webp,2026-09-20T20:04:28+00:00
wildberries,полотенце хлопок,3,16395997,https://www.wildberries.ru/catalog/16395997/detail.aspx,Полотенце хлопок пляжное 30х50 набор 4 шт молочное,Togas,368.73,636.31,42,4.5,45,https://basket-02.wbbasket.ru/vol163/part16395/16395997/images/big/1.webp,2026-09-20T20:04:28+00:00
wildberries,полотенце хлопок,4,11672884,https://www.wildberries.ru/catalog/11672884/detail.aspx,Полотенце махровое для лица 80х150 серое,Bio-Textiles,2103.46,4334.25,51,4.6,7100,https://basket-01.wbbasket.ru/vol116/part11672/11672884/images/big/1.webp,2026-09-20T20:04:28+00:00
wildberries,полотенце хлопок,5,16668663,https://www.wildberries.ru/catalog/16668663/detail.aspx,Полотенце хлопок для рук 70х140 набор 2 шт молочное,Cleanelly,2726.42,4375.10,38,4.7,940,https://basket-02.wbbasket.ru/vol166/part16668/16668663/images/big/1.webp,2026-09-20T20:04:28+00:00
wildberries,полотенце хлопок,6,14821419,https://www.wildberries.ru/catalog/14821419/detail.aspx,Полотенце микрофибра для рук 100х150 подарочный набор графит,Гармония,403.74,610.17,34,5.0,17,https://basket-02.wbbasket.ru/vol148/part14821/14821419/images/big/1.webp,2026-09-20T20:04:28+00:00
wildberries,полотенце хлопок,7,14921894,https://www.wildberries.ru/catalog/14921894/detail.aspx,Полотенце махровое банное 30х50 набор 4 шт серое,Ecotex,336.88,679.33,50,4.5,2500,https://basket-02.wbbasket.ru/vol149/part14921/14921894/images/big/1.webp,2026-09-20T20:04:28+00:00
wildberries,полотенце хлопок,8,16418028,https://www.wildberries.ru/catalog/16418028/detail.aspx,Полотенце хлопок пляжное 30х50 белое,Belezza,532.49,984.33,46,4.7,120,https://basket-02.wbbasket.ru/vol164/part16418/16418028/images/big/1.webp,2026-09-20T20:04:28+00:00
wildberries,полотенце хлопок,9,17805654,https://www.wildberries.ru/catalog/17805654/detail.aspx,Полотенце микрофибра для лица 70х140 подарочный набор серое,Bio-Textiles,917.33,1200.29,24,4.9,45,https://basket-02.wbbasket.ru/vol178/part17805/17805654/images/big/1.webp,2026-09-20T20:04:28+00:00
wildberries,полотенце хлопок,10,13342306,https://www.wildberries.ru/catalog/13342306/detail.aspx,Полотенце органический хлопок для ванной 80х150 комплект 3 шт молочное,Verossa,1563.30,3221.61,51,5.0,7100,https://basket-01.wbbasket.ru/vol133/part13342/13342306/images/big/1.webp,2026-09-20T20:04:28+00:00
wildberries,полотенце хлопок,11,16640518,https://www.wildberries.ru/catalog/16640518/detail.aspx,Полотенце хлопок для рук 80х150 комплект 3 шт графит,Verossa,906.77,1419.74,36,4.4,3,https://basket-02.wbbasket.ru/vol166/part16640/16640518/images/big/1.webp,2026-09-20T20:04:28+00:00
wildberries,полотенце хлопок,12,14204819,https://www.wildberries.ru/catalog/14204819/detail.aspx,Полотенце микрофибра для рук 100х150 набор 4 шт графит,Unison,2284.11,4278.04,47,4.7,45,https://basket-01.wbbasket.ru/vol142/part14204/14204819/images/big/1.webp,2026-09-20T20:04:28+00:00
wildberries,полотенце хлопок,13,14951131,https://www.wildberries.ru/catalog/14951131/detail.aspx,Полотенце махровое банное 100х150 подарочный набор бежевое,Aquarelle,1237.70,1755.39,29,4.5,2500,https://basket-02.wbbasket.ru/vol149/part14951/14951131/images/big/1.webp,2026-09-20T20:04:28+00:00
wildberries,полотенце хлопок,14,14311242,https://www.wildberries.ru/catalog/14311242/detail.aspx,Полотенце хлопок для лица 80х150 комплект 3 шт графит,Belezza,1450.02,2968.81,51,4.9,7100,https://basket-01.wbbasket.ru/vol143/part14311/14311242/images/big/1.webp,2026-09-20T20:04:28+00:00
wildberries,полотенце хлопок,15,16667458,https://www.wildberries.ru/catalog/16667458/detail.aspx,Полотенце бамбук для ванной 50х90 подарочный набор бежевое,Arya Home,634.98,954.41,33,5.0,940,https://basket-02.wbbasket.ru/vol166/part16667/16667458/images/big/1.webp,2026-09-20T20:04:28+00:00
wildberries,полотенце хлопок,16,14398338,https://www.wildberries.ru/catalog/14398338/detail.aspx,Полотенце органический хлопок банное 100х150 бежевое,Verossa,950.97,1877.32,49,4.7,940,https://basket-01.wbbasket.ru/vol143/part14398/14398338/images/big/1.webp,2026-09-20T20:04:28+00:00
wildberries,полотенце хлопок,17,11060605,https://www.wildberries.ru/catalog/11060605/detail.aspx,Полотенце хлопок для рук 50х90 графит,Verossa,888.42,1331.95,33,4.7,7100,https://basket-01.wbbasket.ru/vol110/part11060/11060605/images/big/1.webp,2026-09-20T20:04:28+00:00
wildberries,полотенце хлопок,18,11630611,https://www.wildberries.ru/catalog/11630611/detail.aspx,Полотенце бамбук для рук 50х90 набор 4 шт бежевое,Unison,367.11,640.01,43,4.4,45,https://basket-01.wbbasket.ru/vol116/part11630/11630611/images/big/1.webp,2026-09-20T20:04:28+00:00
wildberries,полотенце хлопок,19,11661307,https://www.wildberries.ru/catalog/11661307/detail.aspx,Полотенце органический хлопок для ванной 80х150 подарочный набор графит,Ecotex,1804.89,3784.62,52,4.9,2500,https://basket-01.wbbasket.ru/vol116/part11661/11661307/images/big/1.webp,2026-09-20T20:04:28+00:00
wildberries,полотенце хлопок,20,16162857,https://www.wildberries.ru/catalog/16162857/detail.aspx,Полотенце махровое для ванной 70х140 подарочный набор молочное,Karna,652.91,907.17,28,4.6,940,https://basket-02.wbbasket.ru/vol161/part16162/16162857/images/big/1.webp,2026-09-20T20:04:28+00:00
wildberries,набор полотенец,1,10848566,https://www.wildberries.ru/catalog/10848566/detail.aspx,Полотенце органический хлопок для ванной 70х140 набор 4 шт молочное,Cleanelly,3115.13,6772.24,54,4.8,120,https://basket-01.wbbasket.ru/vol108/part10848/10848566/images/big/1.webp,2026-09-20T20:04:28+00:00
wildberries,набор полотенец,2,10047572,https://www.wildberries.ru/catalog/10047572/detail.aspx,Полотенце микрофибра для лица 50х90 подарочный набор белое,Belezza,1220.71,2437.67,50,4.4,45,https://basket-01.wbbasket.ru/vol100/part10047/10047572/images/big/1.webp,2026-09-20T20:04:28+00:00
wildberries,набор полотенец,3,10264762,https://www.wildberries.ru/catalog/10264762/detail.aspx,Полотенце микрофибра для ванной 70х140 набор 4 шт бежевое,Belezza,798.60,1461.41,45,4.3,3,https://basket-01.wbbasket.ru/vol102/part10264/10264762/images/big/1.webp,2026-09-20T20:04:28+00:00
wildberries,набор полотенец,4,13716988,https://www.wildberries.ru/catalog/13716988/detail.aspx,Полотенце органический хлопок пляжное 50х90 комплект 3 шт молочное,Belezza,4642.90,7924.52,41,5.0,3,https://basket-01.wbbasket.ru/vol137/part13716/13716988/images/big/1.webp,2026-09-20T20:04:28+00:00
wildberries,набор полотенец,5,17441741,https://www.wildberries.ru/catalog/17441741/detail.aspx,Полотенце микрофибра для ванной 30х50 комплект 3 шт бежевое,Togas,4847.31,8440.34,43,4.3,17,https://basket-02.wbbasket.ru/vol174/part17441/17441741/images/big/1.webp,2026-09-20T20:04:28+00:00
wildberries,набор полотенец,6,18901266,https://www.wildberries.ru/catalog/18901266/detail.aspx,Полотенце микрофибра для лица 50х90 подарочный набор серое,Hobby Home,3717.44,6107.06,39,4.4,2500,https://basket-02.wbbasket.ru/vol189/part18901/18901266/images/big/1.webp,2026-09-20T20:04:28+00:00
wildberries,набор полотенец,7,11595275,https://www.wildberries.ru/catalog/11595275/detail.aspx,Полотенце махровое пляжное 70х140 набор 4 шт молочное,Verossa,1826.16,3057.71,40,4.5,940,https://basket-01.wbbasket.ru/vol115/part11595/11595275/images/big/1.webp,2026-09-20T20:04:28+00:00
wildberries,набор полотенец,8,16251976,https://www.wildberries.ru/catalog/16251976/detail.aspx,Полотенце бамбук для ванной 70х140 набор 4 шт бежевое,Aquarelle,3905.52,7694.38,49,4.8,3,https://basket-02.wbbasket.ru/vol162/part16251/16251976/images/big/1.webp,2026-09-20T20:04:28+00:00
wildberries,набор полотенец,9,10863121,https://www.wildberries.ru/catalog/10863121/detail.aspx,Полотенце микрофибра пляжное 100х150 комплект 3 шт молочное,Донецкая мануфактура,5478.63,11402.58,52,5.0,380,https://basket-01.wbbasket.ru/vol108/part10863/10863121/images/big/1.webp,2026-09-20T20:04:28+00:00
wildberries,набор полотенец,10,16166651,https://www.wildberries.ru/catalog/16166651/detail.aspx,Полотенце махровое пляжное 80х150 подарочный набор белое,Hobby Home,1554.02,3202.58,51,4.3,380,https://basket-02.wbbasket.ru/vol161/part16166/16166651/images/big/1.webp,2026-09-20T20:04:28+00:00
wildberries,набор полотенец,11,14487028,https://www.wildberries.ru/catalog/14487028/detail.aspx,Полотенце хлопок для рук 80х150 подарочный набор графит,Донецкая мануфактура,3569.01,6752.74,47,4.2,380,https://basket-02.wbbasket.ru/vol144/part14487/14487028/images/big/1.webp,2026-09-20T20:04:28+00:00
wildberries,набор полотенец,12,10514340,https://www.wildberries.ru/catalog/10514340/detail.aspx,Полотенце бамбук для ванной 100х150 набор 4 шт белое,Togas,2387.94,4696.77,49,4.3,120,https://basket-01.wbbasket.ru/vol105/part10514/10514340/images/big/1.webp,2026-09-20T20:04:28+00:00
wildberries,набор полотенец,13,10882629,https://www.wildberries.ru/catalog/10882629/detail.aspx,Полотенце органический хлопок для рук 100х150 комплект 3 шт серое,Ecotex,3558.07,6534.76,46,4.3,3,https://basket-01.wbbasket.ru/vol108/part10882/10882629/images/big/1.webp,2026-09-20T20:04:28+00:00
wildberries,набор полотенец,14,15791039,https://www.wildberries.ru/catalog/15791039/detail.aspx,Полотенце махровое для ванной 30х50 подарочный набор молочное,Aquarelle,1748.85,3079.92,43,4.5,380,https://basket-02.wbbasket.ru/vol157/part15791/15791039/images/big/1.webp,2026-09-20T20:04:28+00:00
wildberries,набор полотенец,15,13543918,https://www.wildberries.ru/catalog/13543918/detail.aspx,Полотенце микрофибра для рук 80х150 набор 4 шт бежевое,Aquarelle,2047.38,3038.27,33,4.8,380,https://basket-01.wbbasket.ru/vol135/part13543/13543918/images/big/1.webp,2026-09-20T20:04:28+00:00
wildberries,набор полотенец,16,15941939,https://www.wildberries.ru/catalog/15941939/detail.aspx,Полотенце бамбук банное 50х90 набор 4 шт молочное,Karna,1191.62,2085.62,43,4.3,3,https://basket-02.wbbasket.ru/vol159/part15941/15941939/images/big/1.webp,2026-09-20T20:04:28+00:00
wildberries,набор полотенец,17,16795314,https://www.wildberries.ru/catalog/16795314/detail.aspx,Полотенце махровое для рук 50х90 комплект 3 шт графит,Ecotex,2585.31,4034.54,36,4.2,940,https://basket-02.wbbasket.ru/vol167/part16795/16795314/images/big/1.webp,2026-09-20T20:04:28+00:00
wildberries,набор полотенец,18,15205543,https://www.wildberries.ru/catalog/15205543/detail.aspx,Полотенце микрофибра для рук 100х150 набор 4 шт молочное,Belezza,1114.69,1528.00,27,4.8,120,https://basket-02.wbbasket.ru/vol152/part15205/15205543/images/big/1.webp,2026-09-20T20:04:28+00:00
wildberries,набор полотенец,19,12477824,https://www.wildberries.ru/catalog/12477824/detail.aspx,Полотенце хлопок банное 80х150 подарочный набор графит,Hobby Home,1309.05,2558.72,49,4.4,45,https://basket-01.wbbasket.ru/vol124/part12477/12477824/images/big/1.webp,2026-09-20T20:04:28+00:00
wildberries,набор полотенец,20,17531380,https://www.wildberries.ru/catalog/17531380/detail.aspx,Полотенце хлопок для лица 80х150 набор 4 шт бежевое,Karna,4969.67,8981.99,45,4.7,940,https://basket-02.wbbasket.ru/vol175/part17531/17531380/images/big/1.webp,2026-09-20T20:04:28+00:00
wildberries,набор полотенец для ванной,1,18511700,https://www.wildberries.ru/catalog/18511700/detail.aspx,Полотенце бамбук для лица 30х50 комплект 3 шт молочное,Гармония,2902.57,3920.08,26,4.3,7100,https://basket-02.wbbasket.ru/vol185/part18511/18511700/images/big/1.webp,2026-09-20T20:04:28+00:00
wildberries,набор полотенец для ванной,2,16450545,https://www.wildberries.ru/catalog/16450545/detail.aspx,Полотенце махровое банное 100х150 подарочный набор бежевое,Bio-Textiles,4992.39,9159.40,45,4.6,3,https://basket-02.wbbasket.ru/vol164/part16450/16450545/images/big/1.webp,2026-09-20T20:04:28+00:00
wildberries,набор полотенец для ванной,3,15761929,https://www.wildberries.ru/catalog/15761929/detail.aspx,Полотенце микрофибра для лица 100х150 подарочный набор молочное,Bio-Textiles,1375.28,2791.64,51,5.0,17,https://basket-02.wbbasket.ru/vol157/part15761/15761929/images/big/1.webp,2026-09-20T20:04:28+00:00
wildberries,набор полотенец для ванной,4,16499771,https://www.wildberries.ru/catalog/16499771/detail.aspx,Полотенце хлопок банное 70х140 подарочный набор молочное,Волжский текстиль,2583.04,5491.91,53,4.5,940,https://basket-02.wbbasket.ru/vol164/part16499/16499771/images/big/1.webp,2026-09-20T20:04:28+00:00
wildberries,набор полотенец для ванной,5,12522845,https://www.wildberries.ru/catalog/12522845/detail.aspx,Полотенце микрофибра банное 100х150 набор 4 шт серое,Aquarelle,2585.01,5044.29,49,4.5,45,https://basket-01.wbbasket.ru/vol125/part12522/12522845/images/big/1.webp,2026-09-20T20:04:28+00:00
wildberries,набор полотенец для ванной,6,12144023,https://www.wildberries.ru/catalog/12144023/detail.aspx,Полотенце бамбук для ванной 30х50 подарочный набор графит,Unison,693.36,1395.38,50,4.7,17,https://basket-01.wbbasket.ru/vol121/part12144/12144023/images/big/1.webp,2026-09-20T20:04:28+00:00
wildberries,набор полотенец для ванной,7,13221313,https://www.wildberries.ru/catalog/13221313/detail.aspx,Полотенце органический хлопок пляжное 100х150 комплект 3 шт серое,Aquarelle,1325.91,2637.95,50,4.4,45,https://basket-01.wbbasket.ru/vol132/part13221/13221313/images/big/1.webp,2026-09-20T20:04:28+00:00
wildberries,набор полотенец для ванной,8,12198638,https://www.wildberries.ru/catalog/12198638/detail.aspx,Полотенце махровое для ванной 50х90 подарочный набор графит,Belezza,1999.06,3977.48,50,4.7,45,https://basket-01.wbbasket.ru/vol121/part12198/12198638/images/big/1.webp,2026-09-20T20:04:28+00:00
wildberries,набор полотенец для ванной,9,14780297,https://www.wildberries.ru/catalog/14780297/detail.aspx,Полотенце хлопок пляжное 70х140 комплект 3 шт бежевое,Belezza,1557.85,2648.00,41,4.8,7100,https://basket-02.wbbasket.ru/vol147/part14780/14780297/images/big/1.webp,2026-09-20T20:04:28+00:00
wildberries,набор полотенец для ванной,10,14727345,https://www.wildberries.ru/catalog/14727345/detail.aspx,Полотенце микрофибра для лица 100х150 комплект 3 шт белое,Sofi De Marko,4563.00,7827.88,42,4.8,2500,https://basket-02.wbbasket.ru/vol147/part14727/14727345/images/big/1.webp,2026-09-20T20:04:28+00:00
wildberries,набор полотенец для ванной,11,18655523,https://www.wildberries.ru/catalog/18655523/detail.aspx,Полотенце хлопок пляжное 70х140 подарочный набор бежевое,Belezza,2313.24,3220.80,28,4.9,380,https://basket-02.wbbasket.ru/vol186/part18655/18655523/images/big/1.webp,2026-09-20T20:04:28+00:00
wildberries,набор полотенец для ванной,12,15865064,https://www.wildberries.ru/catalog/15865064/detail.aspx,Полотенце хлопок для ванной 30х50 комплект 3 шт белое,Verossa,842.37,1437.10,41,4.9,2500,https://basket-02.wbbasket.ru/vol158/part15865/15865064/images/big/1.webp,2026-09-20T20:04:28+00:00
wildberries,набор полотенец для ванной,13,15625238,https://www.wildberries.ru/catalog/15625238/detail.aspx,Полотенце органический хлопок пляжное 100х150 набор 4 шт молочное,Cleanelly,1328.58,1845.63,28,4.8,45,https://basket-02.wbbasket.ru/vol156/part15625/15625238/images/big/1.webp,2026-09-20T20:04:28+00:00
wildberries,набор полотенец для ванной,14,12508522,https://www.wildberries.ru/catalog/12508522/detail.aspx,Полотенце бамбук для рук 70х140 подарочный набор молочное,Cleanelly,775.27,1158.32,33,4.6,2500,https://basket-01.wbbasket.ru/vol125/part12508/12508522/images/big/1.webp,2026-09-20T20:04:28+00:00
wildberries,набор полотенец для ванной,15,18385742,https://www.wildberries.ru/catalog/18385742/detail.aspx,Полотенце бамбук для лица 100х150 набор 4 шт бежевое,Verossa,2167.00,2939.59,26,4.7,3,https://basket-02.wbbasket.ru/vol183/part18385/18385742/images/big/1.webp,2026-09-20T20:04:28+00:00
wildberries,набор полотенец для ванной,16,11436363,https://www.wildberries.ru/catalog/11436363/detail.aspx,Полотенце микрофибра пляжное 70х140 комплект 3 шт серое,Aquarelle,751.57,1258.81,40,4.6,940,https://basket-01.wbbasket.ru/vol114/part11436/11436363/images/big/1.webp,2026-09-20T20:04:28+00:00
wildberries,набор полотенец для ванной,17,16262974,https://www.wildberries.ru/catalog/16262974/detail.aspx,Полотенце микрофибра пляжное 80х150 набор 4 шт графит,Verossa,1963.46,3236.16,39,4.4,3,https://basket-02.wbbasket.ru/vol162/part16262/16262974/images/big/1.webp,2026-09-20T20:04:28+00:00
wildberries,набор полотенец для ванной,18,12937508,https://www.wildberries.ru/catalog/12937508/detail.aspx,Полотенце махровое для ванной 70х140 подарочный набор графит,Hobby Home,3849.46,6895.97,44,4.9,7100,https://basket-01.wbbasket.ru/vol129/part12937/12937508/images/big/1.webp,2026-09-20T20:04:28+00:00
wildberries,набор полотенец для ванной,19,15294819,https://www.wildberries.ru/catalog/15294819/detail.aspx,Полотенце органический хлопок для лица 70х140 набор 4 шт молочное,Togas,1512.48,3171.99,52,4.9,2500,https://basket-02.wbbasket.ru/vol152/part15294/15294819/images/big/1.webp,2026-09-20T20:04:28+00:00
wildberries,набор полотенец для ванной,20,14583814,https://www.wildberries.ru/catalog/14583814/detail.aspx,Полотенце микрофибра для рук 100х150 комплект 3 шт белое,Гармония,1562.73,2953.81,47,4.3,940,https://basket-02.wbbasket.ru/vol145/part14583/14583814/images/big/1.webp,2026-09-20T20:04:28+00:00
wildberries,комплект полотенец,1,11385991,https://www.wildberries.ru/catalog/11385991/detail.aspx,Полотенце органический хлопок для рук 30х50 комплект 3 шт белое,Ecotex,3805.74,6726.07,43,4.8,17,https://basket-01.wbbasket.ru/vol113/part11385/11385991/images/big/1.webp,2026-09-20T20:04:28+00:00
wildberries,комплект полотенец,2,17149041,https://www.wildberries.ru/catalog/17149041/detail.aspx,Полотенце микрофибра для лица 80х150 набор 4 шт серое,Ecotex,681.49,1159.44,41,4.3,7100,https://basket-02.wbbasket.ru/vol171/part17149/17149041/images/big/1.webp,2026-09-20T20:04:28+00:00
wildberries,комплект полотенец,3,16815076,https://www.wildberries.ru/catalog/16815076/detail.aspx,Полотенце органический хлопок банное 100х150 комплект 3 шт молочное,Hobby Home,4569.25,6248.62,27,4.5,45,https://basket-02.wbbasket.ru/vol168/part16815/16815076/images/big/1.webp,2026-09-20T20:04:28+00:00
wildberries,комплект полотенец,4,10543335,https://www.wildberries.ru/catalog/10543335/detail.aspx,Полотенце хлопок пляжное 30х50 набор 4 шт белое,Cleanelly,1258.43,2069.57,39,4.7,7100,https://basket-01.wbbasket.ru/vol105/part10543/10543335/images/big/1.webp,2026-09-20T20:04:28+00:00
wildberries,комплект полотенец,5,11903351,https://www.wildberries.ru/catalog/11903351/detail.aspx,Полотенце бамбук для рук 50х90 подарочный набор белое,Hobby Home,1582.98,2413.49,34,4.2,45,https://basket-01.wbbasket.ru/vol119/part11903/11903351/images/big/1.webp,2026-09-20T20:04:28+00:00
wildberries,комплект полотенец,6,18240971,https://www.wildberries.ru/catalog/18240971/detail.aspx,Полотенце микрофибра для рук 80х150 комплект 3 шт серое,Bio-Textiles,3799.44,5915.80,36,4.4,45,https://basket-02.wbbasket.ru/vol182/part18240/18240971/images/big/1.webp,2026-09-20T20:04:28+00:00
wildberries,комплект полотенец,7,14871470,https://www.wildberries.ru/catalog/14871470/detail.aspx,Полотенце махровое для рук 70х140 подарочный набор бежевое,Гармония,5997.51,11626.69,48,4.9,45,https://basket-02.wbbasket.ru/vol148/part14871/14871470/images/big/1.webp,2026-09-20T20:04:28+00:00
wildberries,комплект полотенец,8,16189302,https://www.wildberries.ru/catalog/16189302/detail.aspx,Полотенце хлопок для ванной 80х150 набор 4 шт бежевое,Togas,4445.20,5883.91,24,4.6,45,https://basket-02.wbbasket.ru/vol161/part16189/16189302/images/big/1.webp,2026-09-20T20:04:28+00:00
wildberries,комплект полотенец,9,15318841,https://www.wildberries.ru/catalog/15318841/detail.aspx,Полотенце махровое банное 100х150 подарочный набор молочное,Донецкая мануфактура,2405.72,3287.12,27,4.7,7100,https://basket-02.wbbasket.ru/vol153/part15318/15318841/images/big/1.webp,2026-09-20T20:04:28+00:00
wildberries,комплект полотенец,10,10929673,https://www.wildberries.ru/catalog/10929673/detail.aspx,Полотенце микрофибра для ванной 70х140 набор 4 шт графит,Bio-Textiles,5556.36,11777.49,53,4.9,45,https://basket-01.wbbasket.ru/vol109/part10929/10929673/images/big/1.webp,2026-09-20T20:04:28+00:00
wildberries,комплект полотенец,11,14604524,https://www.wildberries.ru/catalog/14604524/detail.aspx,Полотенце хлопок для лица 100х150 подарочный набор серое,Karna,1663.48,3113.29,47,4.3,380,https://basket-02.wbbasket.ru/vol146/part14604/14604524/images/big/1.webp,2026-09-20T20:04:28+00:00
wildberries,комплект полотенец,12,15664316,https://www.wildberries.ru/catalog/15664316/detail.aspx,Полотенце микрофибра банное 80х150 подарочный набор графит,Донецкая мануфактура,1062.24,2243.24,53,4.9,3,https://basket-02.wbbasket.ru/vol156/part15664/15664316/images/big/1.webp,2026-09-20T20:04:28+00:00
wildberries,комплект полотенец,13,18355692,https://www.wildberries.ru/catalog/18355692/detail.aspx,Полотенце махровое банное 50х90 подарочный набор серое,Гармония,1273.32,2387.59,47,4.9,380,https://basket-02.wbbasket.ru/vol183/part18355/18355692/images/big/1.webp,2026-09-20T20:04:28+00:00
wildberries,комплект полотенец,14,17792046,https://www.wildberries.ru/catalog/17792046/detail.aspx,Полотенце бамбук для рук 70х140 комплект 3 шт серое,Aquarelle,752.04,1258.96,40,4.4,45,https://basket-02.wbbasket.ru/vol177/part17792/17792046/images/big/1.webp,2026-09-20T20:04:28+00:00
wildberries,комплект полотенец,15,17542969,https://www.wildberries.ru/catalog/17542969/detail.aspx,Полотенце бамбук для ванной 30х50 подарочный набор серое,Hobby Home,2004.64,2827.08,29,4.4,17,https://basket-02.wbbasket.ru/vol175/part17542/17542969/images/big/1.webp,2026-09-20T20:04:28+00:00
wildberries,комплект полотенец,16,12673322,https://www.wildberries.ru/catalog/12673322/detail.aspx,Полотенце бамбук для рук 80х150 набор 4 шт белое,Cleanelly,4553.71,7201.43,37,4.6,7100,https://basket-01.wbbasket.ru/vol126/part12673/12673322/images/big/1.webp,2026-09-20T20:04:28+00:00
wildberries,комплект полотенец,17,10847927,https://www.wildberries.ru/catalog/10847927/detail.aspx,Полотенце бамбук для рук 50х90 подарочный набор молочное,Bio-Textiles,2148.26,3475.04,38,4.4,7100,https://basket-01.wbbasket.ru/vol108/part10847/10847927/images/big/1.webp,2026-09-20T20:04:28+00:00
wildberries,комплект полотенец,18,10858283,https://www.wildberries.ru/catalog/10858283/detail.aspx,Полотенце микрофибра банное 50х90 комплект 3 шт белое,Karna,3105.18,4163.17,25,4.7,120,https://basket-01.wbbasket.ru/vol108/part10858/10858283/images/big/1.webp,2026-09-20T20:04:28+00:00
wildberries,комплект полотенец,19,11993318,https://www.wildberries.ru/catalog/11993318/detail.aspx,Полотенце микрофибра для ванной 50х90 комплект 3 шт графит,Hobby Home,5350.77,9957.34,46,4.3,17,https://basket-01.wbbasket.ru/vol119/part11993/11993318/images/big/1.webp,2026-09-20T20:04:28+00:00
wildberries,комплект полотенец,20,12299088,https://www.wildberries.ru/catalog/12299088/detail.aspx,Полотенце бамбук для ванной 80х150 набор 4 шт белое,Ecotex,2589.06,3471.34,25,4.8,7100,https://basket-01.wbbasket.ru/vol122/part12299/12299088/images/big/1.webp,2026-09-20T20:04:28+00:00
wildberries,полотенца набор 4 шт,1,15020319,https://www.wildberries.ru/catalog/15020319/detail.aspx,Полотенце органический хлопок для лица 80х150 комплект 3 шт белое,Волжский текстиль,2315.18,4294.31,46,4.7,7100,https://basket-02.wbbasket.ru/vol150/part15020/15020319/images/big/1.webp,2026-09-20T20:04:28+00:00
wildberries,полотенца набор 4 шт,2,10447065,https://www.wildberries.ru/catalog/10447065/detail.aspx,Полотенце микрофибра для ванной 30х50 комплект 3 шт серое,Togas,2780.59,4384.74,37,4.7,380,https://basket-01.wbbasket.ru/vol104/part10447/10447065/images/big/1.webp,2026-09-20T20:04:28+00:00
wildberries,полотенца набор 4 шт,3,16378535,https://www.wildberries.ru/catalog/16378535/detail.aspx,Полотенце микрофибра пляжное 70х140 комплект 3 шт графит,Aquarelle,1270.03,2536.43,50,4.3,120,https://basket-02.wbbasket.ru/vol163/part16378/16378535/images/big/1.webp,2026-09-20T20:04:28+00:00
wildberries,полотенца набор 4 шт,4,17912226,https://www.wildberries.ru/catalog/17912226/detail.aspx,Полотенце микрофибра банное 70х140 комплект 3 шт молочное,Cleanelly,1800.33,3005.36,40,4.9,3,https://basket-02.wbbasket.ru/vol179/part17912/17912226/images/big/1.webp,2026-09-20T20:04:28+00:00
wildberries,полотенца набор 4 шт,5,18944387,https://www.wildberries.ru/catalog/18944387/detail.aspx,Полотенце хлопок пляжное 70х140 подарочный набор серое,Togas,1888.25,2749.04,31,4.5,940,https://basket-02.wbbasket.ru/vol189/part18944/18944387/images/big/1.webp,2026-09-20T20:04:28+00:00
wildberries,полотенца набор 4 шт,6,14848684,https://www.wildberries.ru/catalog/14848684/detail.aspx,Полотенце бамбук пляжное 30х50 комплект 3 шт белое,Aquarelle,2686.16,5866.67,54,4.8,7100,https://basket-02.wbbasket.ru/vol148/part14848/14848684/images/big/1.webp,2026-09-20T20:04:28+00:00
wildberries,полотенца набор 4 шт,7,15790398,https://www.wildberries.ru/catalog/15790398/detail.aspx,Полотенце органический хлопок для ванной 80х150 набор 4 шт серое,Hobby Home,2662.31,5809.55,54,5.0,45,https://basket-02.wbbasket.ru/vol157/part15790/15790398/images/big/1.webp,2026-09-20T20:04:28+00:00
wildberries,полотенца набор 4 шт,8,14548852,https://www.wildberries.ru/catalog/14548852/detail.aspx,Полотенце махровое для ванной 50х90 подарочный набор молочное,Karna,1587.04,3245.75,51,4.9,380,https://basket-02.wbbasket.ru/vol145/part14548/14548852/images/big/1.webp,2026-09-20T20:04:28+00:00
wildberries,полотенца набор 4 шт,9,11681042,https://www.wildberries.ru/catalog/11681042/detail.aspx,Полотенце махровое пляжное 80х150 набор 4 шт белое,Belezza,3603.81,5440.14,34,4.5,7100,https://basket-01.wbbasket.ru/vol116/part11681/11681042/images/big/1.webp,2026-09-20T20:04:28+00:00
wildberries,полотенца набор 4 шт,10,15388299,https://www.wildberries.ru/catalog/15388299/detail.aspx,Полотенце хлопок банное 80х150 подарочный набор молочное,Verossa,1785.10,3869.24,54,4.4,3,https://basket-02.wbbasket.ru/vol153/part15388/15388299/images/big/1.webp,2026-09-20T20:04:28+00:00
wildberries,полотенца набор 4 шт,11,16660463,https://www.wildberries.ru/catalog/16660463/detail.aspx,Полотенце махровое пляжное 70х140 набор 4 шт бежевое,Unison,2060.04,4383.09,53,4.8,45,https://basket-02.wbbasket.ru/vol166/part16660/16660463/images/big/1.webp,2026-09-20T20:04:28+00:00
wildberries,полотенца набор 4 шт,12,18796605,https://www.wildberries.ru/catalog/18796605/detail.aspx,Полотенце бамбук банное 50х90 подарочный набор графит,Unison,867.82,1483.03,41,4.6,45,https://basket-02.wbbasket.ru/vol187/part18796/18796605/images/big/1.webp,2026-09-20T20:04:28+00:00
wildberries,полотенца набор 4 шт,13,10236293,https://www.wildberries.ru/catalog/10236293/detail.aspx,Полотенце микрофибра для рук 100х150 комплект 3 шт бежевое,Гармония,1346.34,2620.97,49,4.8,380,https://basket-01.wbbasket.ru/vol102/part10236/10236293/images/big/1.webp,2026-09-20T20:04:28+00:00
wildberries,полотенца набор 4 шт,14,12359075,https://www.wildberries.ru/catalog/12359075/detail.aspx,Полотенце хлопок для лица 80х150 подарочный набор молочное,Донецкая мануфактура,1384.92,2030.71,32,4.6,120,https://basket-01.wbbasket.ru/vol123/part12359/12359075/images/big/1.webp,2026-09-20T20:04:28+00:00
wildberries,полотенца набор 4 шт,15,16032283,https://www.wildberries.ru/catalog/16032283/detail.aspx,Полотенце бамбук для рук 70х140 комплект 3 шт серое,Cleanelly,1667.68,2560.55,35,4.8,3,https://basket-02.wbbasket.ru/vol160/part16032/16032283/images/big/1.webp,2026-09-20T20:04:28+00:00
wildberries,полотенца набор 4 шт,16,11969909,https://www.wildberries.ru/catalog/11969909/detail.aspx,Полотенце махровое для рук 100х150 подарочный набор молочное,Aquarelle,3366.88,6709.71,50,4.7,380,https://basket-01.wbbasket.ru/vol119/part11969/11969909/images/big/1.webp,2026-09-20T20:04:28+00:00
wildberries,полотенца набор 4 шт,17,17899184,https://www.wildberries.ru/catalog/17899184/detail.aspx,Полотенце микрофибра для лица 70х140 набор 4 шт молочное,Hobby Home,2245.03,3758.77,40,4.8,120,https://basket-02.wbbasket.ru/vol178/part17899/17899184/images/big/1.webp,2026-09-20T20:04:28+00:00
wildberries,полотенца набор 4 шт,18,18480665,https://www.wildberries.ru/catalog/18480665/detail.aspx,Полотенце хлопок пляжное 50х90 подарочный набор молочное,Arya Home,3592.68,5033.30,29,4.4,45,https://basket-02.wbbasket.ru/vol184/part18480/18480665/images/big/1.webp,2026-09-20T20:04:28+00:00
wildberries,полотенца набор 4 шт,19,10933413,https://www.wildberries.ru/catalog/10933413/detail.aspx,Полотенце бамбук пляжное 30х50 подарочный набор белое,Belezza,2875.30,4890.70,41,4.6,2500,https://basket-01.wbbasket.ru/vol109/part10933/10933413/images/big/1.webp,2026-09-20T20:04:28+00:00
wildberries,полотенца набор 4 шт,20,11225232,https://www.wildberries.ru/catalog/11225232/detail.aspx,Полотенце микрофибра банное 80х150 подарочный набор серое,Bio-Textiles,817.92,1612.30,49,4.2,940,https://basket-01.wbbasket.ru/vol112/part11225/11225232/images/big/1.webp,2026-09-20T20:04:28+00:00
wildberries,подарочный набор полотенец,1,17052503,https://www.wildberries.ru/catalog/17052503/detail.aspx,Полотенце махровое пляжное 50х90 набор 4 шт молочное,Togas,1644.81,3271.93,50,4.5,2500,https://basket-02.wbbasket.ru/vol170/part17052/17052503/images/big/1.webp,2026-09-20T20:04:28+00:00
wildberries,подарочный набор полотенец,2,18872505,https://www.wildberries.ru/catalog/18872505/detail.aspx,Полотенце органический хлопок для рук 50х90 подарочный набор белое,Bio-Textiles,4055.10,7232.40,44,4.3,120,https://basket-02.wbbasket.ru/vol188/part18872/18872505/images/big/1.webp,2026-09-20T20:04:28+00:00
wildberries,подарочный набор полотенец,3,12602504,https://www.wildberries.ru/catalog/12602504/detail.aspx,Полотенце махровое банное 100х150 комплект 3 шт графит,Гармония,2255.90,3867.88,42,4.4,17,https://basket-01.wbbasket.ru/vol126/part12602/12602504/images/big/1.webp,2026-09-20T20:04:28+00:00
wildberries,подарочный набор полотенец,4,10816653,https://www.wildberries.ru/catalog/10816653/detail.aspx,Полотенце органический хлопок пляжное 50х90 набор 4 шт белое,Cleanelly,796.00,1516.24,48,4.4,3,https://basket-01.wbbasket.ru/vol108/part10816/10816653/images/big/1.webp,2026-09-20T20:04:28+00:00
wildberries,подарочный набор полотенец,5,15350316,https://www.wildberries.ru/catalog/15350316/detail.aspx,Полотенце органический хлопок для лица 80х150 набор 4 шт бежевое,Ecotex,2842.65,6039.94,53,4.7,940,https://basket-02.wbbasket.ru/vol153/part15350/15350316/images/big/1.webp,2026-09-20T20:04:28+00:00
wildberries,подарочный набор полотенец,6,12938247,https://www.wildberries.ru/catalog/12938247/detail.aspx,Полотенце бамбук для лица 80х150 комплект 3 шт молочное,Sofi De Marko,1477.19,3089.90,52,4.7,2500,https://basket-01.wbbasket.ru/vol129/part12938/12938247/images/big/1.webp,2026-09-20T20:04:28+00:00
wildberries,подарочный набор полотенец,7,17944327,https://www.wildberries.ru/catalog/17944327/detail.aspx,Полотенце органический хлопок банное 100х150 комплект 3 шт графит,Волжский текстиль,2922.30,4789.11,39,4.4,120,https://basket-02.wbbasket.ru/vol179/part17944/17944327/images/big/1.webp,2026-09-20T20:04:28+00:00
wildberries,подарочный набор полотенец,8,15540893,https://www.wildberries.ru/catalog/15540893/detail.aspx,Полотенце хлопок для рук 50х90 комплект 3 шт молочное,Karna,2522.63,3858.35,35,4.7,7100,https://basket-02.wbbasket.ru/vol155/part15540/15540893/images/big/1.webp,2026-09-20T20:04:28+00:00
wildberries,подарочный набор полотенец,9,13156856,https://www.wildberries.ru/catalog/13156856/detail.aspx,Полотенце бамбук банное 80х150 комплект 3 шт бежевое,Гармония,2182.37,4552.99,52,4.8,120,https://basket-01.wbbasket.ru/vol131/part13156/13156856/images/big/1.webp,2026-09-20T20:04:28+00:00
wildberries,подарочный набор полотенец,10,14070038,https://www.wildberries.ru/catalog/14070038/detail.aspx,Полотенце хлопок для ванной 100х150 набор 4 шт белое,Bio-Textiles,3290.93,5696.69,42,4.8,120,https://basket-01.wbbasket.ru/vol140/part14070/14070038/images/big/1.webp,2026-09-20T20:04:28+00:00
wildberries,подарочный набор полотенец,11,18342928,https://www.wildberries.ru/catalog/18342928/detail.aspx,Полотенце хлопок пляжное 100х150 комплект 3 шт молочное,Ecotex,2575.93,4182.49,38,4.6,7100,https://basket-02.wbbasket.ru/vol183/part18342/18342928/images/big/1.webp,2026-09-20T20:04:28+00:00
wildberries,подарочный набор полотенец,12,17005797,https://www.wildberries.ru/catalog/17005797/detail.aspx,Полотенце бамбук для лица 100х150 набор 4 шт молочное,Arya Home,3168.87,4165.79,24,4.4,120,https://basket-02.wbbasket.ru/vol170/part17005/17005797/images/big/1.webp,2026-09-20T20:04:28+00:00
wildberries,подарочный набор полотенец,13,18197701,https://www.wildberries.ru/catalog/18197701/detail.aspx,Полотенце хлопок для рук 80х150 подарочный набор молочное,Hobby Home,3785.10,7521.09,50,5.0,7100,https://basket-02.wbbasket.ru/vol181/part18197/18197701/images/big/1.webp,2026-09-20T20:04:28+00:00
wildberries,подарочный набор полотенец,14,10985360,https://www.wildberries.ru/catalog/10985360/detail.aspx,Полотенце хлопок для ванной 70х140 комплект 3 шт графит,Bio-Textiles,1393.39,2616.27,47,4.6,17,https://basket-01.wbbasket.ru/vol109/part10985/10985360/images/big/1.webp,2026-09-20T20:04:28+00:00
wildberries,подарочный набор полотенец,15,11014184,https://www.wildberries.ru/catalog/11014184/detail.aspx,Полотенце махровое банное 30х50 набор 4 шт белое,Гармония,2662.61,4554.15,42,4.7,7100,https://basket-01.wbbasket.ru/vol110/part11014/11014184/images/big/1.webp,2026-09-20T20:04:28+00:00
wildberries,подарочный набор полотенец,16,14809835,https://www.wildberries.ru/catalog/14809835/detail.aspx,Полотенце органический хлопок банное 50х90 комплект 3 шт графит,Aquarelle,670.93,1195.71,44,4.2,2500,https://basket-02.wbbasket.ru/vol148/part14809/14809835/images/big/1.webp,2026-09-20T20:04:28+00:00
wildberries,подарочный набор полотенец,17,16658817,https://www.wildberries.ru/catalog/16658817/detail.aspx,Полотенце хлопок банное 50х90 набор 4 шт белое,Arya Home,1144.20,1852.46,38,4.3,2500,https://basket-02.wbbasket.ru/vol166/part16658/16658817/images/big/1.webp,2026-09-20T20:04:28+00:00
wildberries,подарочный набор полотенец,18,16327855,https://www.wildberries.ru/catalog/16327855/detail.aspx,Полотенце микрофибра для лица 70х140 подарочный набор бежевое,Bio-Textiles,4354.25,7248.74,40,4.6,3,https://basket-02.wbbasket.ru/vol163/part16327/16327855/images/big/1.webp,2026-09-20T20:04:28+00:00
wildberries,подарочный набор полотенец,19,18861040,https://www.wildberries.ru/catalog/18861040/detail.aspx,Полотенце махровое для лица 50х90 подарочный набор молочное,Aquarelle,5095.24,11089.56,54,4.9,120,https://basket-02.wbbasket.ru/vol188/part18861/18861040/images/big/1.webp,2026-09-20T20:04:28+00:00
wildberries,подарочный набор полотенец,20,15276177,https://www.wildberries.ru/catalog/15276177/detail.aspx,Полотенце микрофибра для рук 100х150 подарочный набор бежевое,Sofi De Marko,1866.91,2482.27,25,4.2,120,https://basket-02.wbbasket.ru/vol152/part15276/15276177/images/big/1.webp,2026-09-20T20:04:28+00:00
wildberries,полотенце 70х140,1,16528964,https://www.wildberries.ru/catalog/16528964/detail.aspx,Полотенце хлопок для рук 50х90 комплект 3 шт белое,Донецкая мануфактура,1189.56,2440.01,51,4.7,940,https://basket-02.wbbasket.ru/vol165/part16528/16528964/images/big/1.webp,2026-09-20T20:04:28+00:00
wildberries,полотенце 70х140,2,15714198,https://www.wildberries.ru/catalog/15714198/detail.aspx,Полотенце хлопок банное 80х150 комплект 3 шт бежевое,Ecotex,382.64,786.25,51,4.7,2500,https://basket-02.wbbasket.ru/vol157/part15714/15714198/images/big/1.webp,2026-09-20T20:04:28+00:00
wildberries,полотенце 70х140,3,17245206,https://www.wildberries.ru/catalog/17245206/detail.aspx,Полотенце бамбук банное 100х150 подарочный набор молочное,Arya Home,564.48,1211.95,53,4.3,2500,https://basket-02.wbbasket.ru/vol172/part17245/17245206/images/big/1.webp,2026-09-20T20:04:28+00:00
wildberries,полотенце 70х140,4,12588336,https://www.wildberries.ru/catalog/12588336/detail.aspx,Полотенце микрофибра для ванной 70х140 набор 2 шт бежевое,Verossa,708.05,1373.98,48,4.8,940,https://basket-01.wbbasket.ru/vol125/part12588/12588336/images/big/1.webp,2026-09-20T20:04:28+00:00
wildberries,полотенце 70х140,5,11464604,https://www.wildberries.ru/catalog/11464604/detail.aspx,Полотенце махровое банное 50х90 комплект 3 шт молочное,Hobby Home,851.94,1185.91,28,4.3,7100,https://basket-01.wbbasket.ru/vol114/part11464/11464604/images/big/1.webp,2026-09-20T20:04:28+00:00
wildberries,полотенце 70х140,6,15443037,https://www.wildberries.ru/catalog/15443037/detail.aspx,Полотенце микрофибра пляжное 30х50 набор 2 шт бежевое,Волжский текстиль,372.91,516.02,28,4.9,3,https://basket-02.wbbasket.ru/vol154/part15443/15443037/images/big/1.webp,2026-09-20T20:04:28+00:00
wildberries,полотенце 70х140,7,12843767,https://www.wildberries.ru/catalog/12843767/detail.aspx,Полотенце органический хлопок для рук 50х90 белое,Karna,1298.17,2488.31,48,4.3,380,https://basket-01.wbbasket.ru/vol128/part12843/12843767/images/big/1.webp,2026-09-20T20:04:28+00:00
wildberries,полотенце 70х140,8,11290526,https://www.wildberries.ru/catalog/11290526/detail.aspx,Полотенце органический хлопок для лица 50х90 набор 4 шт молочное,Karna,771.30,1338.83,42,4.5,120,https://basket-01.wbbasket.ru/vol112/part11290/11290526/images/big/1.webp,2026-09-20T20:04:28+00:00
wildberries,полотенце 70х140,9,16638609,https://www.wildberries.ru/catalog/16638609/detail.aspx,Полотенце органический хлопок пляжное 80х150 набор 4 шт молочное,Togas,347.35,453.67,23,4.5,2500,https://basket-02.wbbasket.ru/vol166/part16638/16638609/images/big/1.webp,2026-09-20T20:04:28+00:00
wildberries,полотенце 70х140,10,13369728,https://www.wildberries.ru/catalog/13369728/detail.aspx,Полотенце бамбук для рук 100х150 подарочный набор графит,Arya Home,554.68,1022.21,46,4.6,45,https://basket-01.wbbasket.ru/vol133/part13369/13369728/images/big/1.webp,2026-09-20T20:04:28+00:00
wildberries,полотенце 70х140,11,16592357,https://www.wildberries.ru/catalog/16592357/detail.aspx,Полотенце бамбук для ванной 30х50 белое,Ecotex,760.63,1547.76,51,4.5,120,https://basket-02.wbbasket.ru/vol165/part16592/16592357/images/big/1.webp,2026-09-20T20:04:28+00:00
wildberries,полотенце 70х140,12,11160289,https://www.wildberries.ru/catalog/11160289/detail.aspx,Полотенце микрофибра для лица 80х150 набор 2 шт молочное,Донецкая мануфактура,1542.79,3113.22,50,4.9,2500,https://basket-01.wbbasket.ru/vol111/part11160/11160289/images/big/1.webp,2026-09-20T20:04:28+00:00
wildberries,полотенце 70х140,13,16324856,https://www.wildberries.ru/catalog/16324856/detail.aspx,Полотенце органический хлопок для лица 100х150 набор 4 шт серое,Aquarelle,1514.65,2545.85,41,4.3,7100,https://basket-02.wbbasket.ru/vol163/part16324/16324856/images/big/1.webp,2026-09-20T20:04:28+00:00
wildberries,полотенце 70х140,14,11425760,https://www.wildberries.ru/catalog/11425760/detail.aspx,Полотенце органический хлопок пляжное 80х150 подарочный набор графит,Донецкая мануфактура,424.01,688.41,38,4.3,120,https://basket-01.wbbasket.ru/vol114/part11425/11425760/images/big/1.webp,2026-09-20T20:04:28+00:00
wildberries,полотенце 70х140,15,15563269,https://www.wildberries.ru/catalog/15563269/detail.aspx,Полотенце бамбук для лица 80х150 набор 2 шт графит,Aquarelle,1779.98,2954.15,40,5.0,2500,https://basket-02.wbbasket.ru/vol155/part15563/15563269/images/big/1.webp,2026-09-20T20:04:28+00:00
wildberries,полотенце 70х140,16,13708297,https://www.wildberries.ru/catalog/13708297/detail.aspx,Полотенце махровое банное 100х150 набор 4 шт графит,Verossa,1699.53,3097.34,45,4.6,2500,https://basket-01.wbbasket.ru/vol137/part13708/13708297/images/big/1.webp,2026-09-20T20:04:28+00:00
wildberries,полотенце 70х140,17,11440404,https://www.wildberries.ru/catalog/11440404/detail.aspx,Полотенце микрофибра пляжное 70х140 комплект 3 шт бежевое,Bio-Textiles,872.55,1460.98,40,4.3,45,https://basket-01.wbbasket.ru/vol114/part11440/11440404/images/big/1.webp,2026-09-20T20:04:28+00:00
wildberries,полотенце 70х140,18,17590804,https://www.wildberries.ru/catalog/17590804/detail.aspx,Полотенце бамбук для ванной 30х50 набор 4 шт графит,Hobby Home,944.95,1311.46,28,4.5,380,https://basket-02.wbbasket.ru/vol175/part17590/17590804/images/big/1.webp,2026-09-20T20:04:28+00:00
wildberries,полотенце 70х140,19,12686631,https://www.wildberries.ru/catalog/12686631/detail.aspx,Полотенце махровое банное 100х150 набор 2 шт белое,Cleanelly,1560.16,2273.17,31,4.5,2500,https://basket-01.wbbasket.ru/vol126/part12686/12686631/images/big/1.webp,2026-09-20T20:04:28+00:00
wildberries,полотенце 70х140,20,13310554,https://www.wildberries.ru/catalog/13310554/detail.aspx,Полотенце хлопок для рук 70х140 набор 4 шт молочное,Bio-Textiles,850.17,1575.11,46,4.6,2500,https://basket-01.wbbasket.ru/vol133/part13310/13310554/images/big/1.webp,2026-09-20T20:04:28+00:00
wildberries,полотенце 50х90,1,13136665,https://www.wildberries.ru/catalog/13136665/detail.aspx,Полотенце махровое для лица 70х140 комплект 3 шт бежевое,Ecotex,1135.88,2368.06,52,4.5,120,https://basket-01.wbbasket.ru/vol131/part13136/13136665/images/big/1.webp,2026-09-20T20:04:28+00:00
wildberries,полотенце 50х90,2,11916496,https://www.wildberries.ru/catalog/11916496/detail.aspx,Полотенце махровое для ванной 30х50 серое,Bio-Textiles,1246.90,2061.49,40,4.5,7100,https://basket-01.wbbasket.ru/vol119/part11916/11916496/images/big/1.webp,2026-09-20T20:04:28+00:00
wildberries,полотенце 50х90,3,15123426,https://www.wildberries.ru/catalog/15123426/detail.aspx,Полотенце хлопок для ванной 80х150 бежевое,Донецкая мануфактура,1504.41,2115.31,29,4.3,940,https://basket-02.wbbasket.ru/vol151/part15123/15123426/images/big/1.webp,2026-09-20T20:04:28+00:00
wildberries,полотенце 50х90,4,18164971,https://www.wildberries.ru/catalog/18164971/detail.aspx,Полотенце хлопок пляжное 30х50 подарочный набор графит,Togas,603.24,1013.89,41,4.7,45,https://basket-02.wbbasket.ru/vol181/part18164/18164971/images/big/1.webp,2026-09-20T20:04:28+00:00
wildberries,полотенце 50х90,5,16023677,https://www.wildberries.ru/catalog/16023677/detail.aspx,Полотенце хлопок для рук 100х150 набор 4 шт белое,Волжский текстиль,871.05,1617.95,46,5.0,7100,https://basket-02.wbbasket.ru/vol160/part16023/16023677/images/big/1.webp,2026-09-20T20:04:28+00:00
wildberries,полотенце 50х90,6,17446596,https://www.wildberries.ru/catalog/17446596/detail.aspx,Полотенце хлопок для рук 80х150 молочное,Belezza,1044.85,1749.15,40,4.6,17,https://basket-02.wbbasket.ru/vol174/part17446/17446596/images/big/1.webp,2026-09-20T20:04:28+00:00
wildberries,полотенце 50х90,7,17672579,https://www.wildberries.ru/catalog/17672579/detail.aspx,Полотенце махровое для лица 100х150 набор 2 шт серое,Донецкая мануфактура,596.66,865.99,31,4.7,7100,https://basket-02.wbbasket.ru/vol176/part17672/17672579/images/big/1.webp,2026-09-20T20:04:28+00:00
wildberries,полотенце 50х90,8,10698108,https://www.wildberries.ru/catalog/10698108/detail.aspx,Полотенце микрофибра банное 80х150 набор 2 шт серое,Волжский текстиль,2420.91,5306.16,54,4.8,7100,https://basket-01.wbbasket.ru/vol106/part10698/10698108/images/big/1.webp,2026-09-20T20:04:28+00:00
wildberries,полотенце 50х90,9,15848151,https://www.wildberries.ru/catalog/15848151/detail.aspx,Полотенце хлопок для рук 50х90 набор 4 шт серое,Волжский текстиль,2748.01,4684.70,41,4.9,17,https://basket-02.wbbasket.ru/vol158/part15848/15848151/images/big/1.webp,2026-09-20T20:04:28+00:00
wildberries,полотенце 50х90,10,12784709,https://www.wildberries.ru/catalog/12784709/detail.aspx,Полотенце махровое для лица 70х140 серое,Bio-Textiles,2541.11,4750.59,47,4.7,120,https://basket-01.wbbasket.ru/vol127/part12784/12784709/images/big/1.webp,2026-09-20T20:04:28+00:00
wildberries,полотенце 50х90,11,14909595,https://www.wildberries.ru/catalog/14909595/detail.aspx,Полотенце хлопок банное 80х150 комплект 3 шт графит,Гармония,812.96,1180.04,31,4.4,380,https://basket-02.wbbasket.ru/vol149/part14909/14909595/images/big/1.webp,2026-09-20T20:04:28+00:00
wildberries,полотенце 50х90,12,12226183,https://www.wildberries.ru/catalog/12226183/detail.aspx,Полотенце микрофибра банное 70х140 подарочный набор бежевое,Гармония,876.99,1240.24,29,4.4,940,https://basket-01.wbbasket.ru/vol122/part12226/12226183/images/big/1.webp,2026-09-20T20:04:28+00:00
wildberries,полотенце 50х90,13,17583162,https://www.wildberries.ru/catalog/17583162/detail.aspx,Полотенце хлопок для рук 30х50 набор 4 шт графит,Гармония,1572.74,2630.88,40,4.3,17,https://basket-02.wbbasket.ru/vol175/part17583/17583162/images/big/1.webp,2026-09-20T20:04:28+00:00
wildberries,полотенце 50х90,14,11562657,https://www.wildberries.ru/catalog/11562657/detail.aspx,Полотенце микрофибра для ванной 100х150 подарочный набор молочное,Ecotex,809.42,1685.23,52,4.8,7100,https://basket-01.wbbasket.ru/vol115/part11562/11562657/images/big/1.webp,2026-09-20T20:04:28+00:00
wildberries,полотенце 50х90,15,15416778,https://www.wildberries.ru/catalog/15416778/detail.aspx,Полотенце бамбук банное 80х150 подарочный набор белое,Aquarelle,1086.48,1896.17,43,4.9,940,https://basket-02.wbbasket.ru/vol154/part15416/15416778/images/big/1.webp,2026-09-20T20:04:28+00:00
wildberries,полотенце 50х90,16,17710502,https://www.wildberries.ru/catalog/17710502/detail.aspx,Полотенце микрофибра для лица 80х150 подарочный набор серое,Волжский текстиль,1822.96,2445.22,25,4.2,45,https://basket-02.wbbasket.ru/vol177/part17710/17710502/images/big/1.webp,2026-09-20T20:04:28+00:00
wildberries,полотенце 50х90,17,14597283,https://www.wildberries.ru/catalog/14597283/detail.aspx,Полотенце органический хлопок банное 30х50 набор 4 шт белое,Bio-Textiles,1589.55,3317.36,52,4.3,940,https://basket-02.wbbasket.ru/vol145/part14597/14597283/images/big/1.webp,2026-09-20T20:04:28+00:00
wildberries,полотенце 50х90,18,13928281,https://www.wildberries.ru/catalog/13928281/detail.aspx,Полотенце махровое для ванной 70х140 набор 2 шт молочное,Karna,1591.39,3070.58,48,4.5,17,https://basket-01.wbbasket.ru/vol139/part13928/13928281/images/big/1.webp,2026-09-20T20:04:28+00:00
wildberries,полотенце 50х90,19,17466983,https://www.wildberries.ru/catalog/17466983/detail.aspx,Полотенце махровое банное 70х140 подарочный набор бежевое,Togas,606.58,1072.13,43,4.2,940,https://basket-02.wbbasket.ru/vol174/part17466/17466983/images/big/1.webp,2026-09-20T20:04:28+00:00
wildberries,полотенце 50х90,20,11718442,https://www.wildberries.ru/catalog/11718442/detail.aspx,Полотенце махровое для рук 70х140 подарочный набор бежевое,Гармония,569.30,1114.51,49,4.3,940,https://basket-01.wbbasket.ru/vol117/part11718/11718442/images/big/1.webp,2026-09-20T20:04:28+00:00
wildberries,банное полотенце 70х140,1,12753418,https://www.wildberries.ru/catalog/12753418/detail.aspx,Полотенце бамбук для лица 30х50 набор 4 шт белое,Unison,393.57,514.64,24,4.6,120,https://basket-01.wbbasket.ru/vol127/part12753/12753418/images/big/1.webp,2026-09-20T20:04:28+00:00
wildberries,банное полотенце 70х140,2,12066235,https://www.wildberries.ru/catalog/12066235/detail.aspx,Полотенце хлопок для рук 80х150 подарочный набор белое,Aquarelle,436.40,622.31,30,4.7,2500,https://basket-01.wbbasket.ru/vol120/part12066/12066235/images/big/1.webp,2026-09-20T20:04:28+00:00
wildberries,банное полотенце 70х140,3,14780177,https://www.wildberries.ru/catalog/14780177/detail.aspx,Полотенце органический хлопок для ванной 70х140 набор 4 шт серое,Hobby Home,1479.21,2659.70,44,4.8,3,https://basket-02.wbbasket.ru/vol147/part14780/14780177/images/big/1.webp,2026-09-20T20:04:28+00:00
wildberries,банное полотенце 70х140,4,10915518,https://www.wildberries.ru/catalog/10915518/detail.aspx,Полотенце бамбук для лица 80х150 графит,Гармония,633.87,992.63,36,4.8,120,https://basket-01.wbbasket.ru/vol109/part10915/10915518/images/big/1.webp,2026-09-20T20:04:28+00:00
wildberries,банное полотенце 70х140,5,16058222,https://www.wildberries.ru/catalog/16058222/detail.aspx,Полотенце органический хлопок банное 70х140 подарочный набор графит,Bio-Textiles,393.31,857.39,54,4.9,45,https://basket-02.wbbasket.ru/vol160/part16058/16058222/images/big/1.webp,2026-09-20T20:04:28+00:00
wildberries,банное полотенце 70х140,6,11224599,https://www.wildberries.ru/catalog/11224599/detail.aspx,Полотенце микрофибра для рук 100х150 белое,Ecotex,2369.22,5185.35,54,4.2,17,https://basket-01.wbbasket.ru/vol112/part11224/11224599/images/big/1.webp,2026-09-20T20:04:28+00:00
wildberries,банное полотенце 70х140,7,16969792,https://www.wildberries.ru/catalog/16969792/detail.aspx,Полотенце бамбук для лица 50х90 набор 2 шт молочное,Cleanelly,1207.37,2343.95,48,4.5,2500,https://basket-02.wbbasket.ru/vol169/part16969/16969792/images/big/1.webp,2026-09-20T20:04:28+00:00
wildberries,банное полотенце 70х140,8,13409088,https://www.wildberries.ru/catalog/13409088/detail.aspx,Полотенце микрофибра пляжное 80х150 набор 4 шт серое,Verossa,367.76,647.32,43,5.0,45,https://basket-01.wbbasket.ru/vol134/part13409/13409088/images/big/1.webp,2026-09-20T20:04:28+00:00
wildberries,банное полотенце 70х140,9,14003671,https://www.wildberries.ru/catalog/14003671/detail.aspx,Полотенце бамбук для рук 80х150 набор 2 шт серое,Волжский текстиль,1658.31,3578.77,54,4.2,17,https://basket-01.wbbasket.ru/vol140/part14003/14003671/images/big/1.webp,2026-09-20T20:04:28+00:00
wildberries,банное полотенце 70х140,10,12946849,https://www.wildberries.ru/catalog/12946849/detail.aspx,Полотенце органический хлопок банное 30х50 графит,Unison,367.69,723.44,49,4.3,45,https://basket-01.wbbasket.ru/vol129/part12946/12946849/images/big/1.webp,2026-09-20T20:04:28+00:00
wildberries,банное полотенце 70х140,11,12801173,https://www.wildberries.ru/catalog/12801173/detail.aspx,Полотенце махровое для лица 30х50 комплект 3 шт графит,Togas,1399.52,2727.23,49,4.5,380,https://basket-01.wbbasket.ru/vol128/part12801/12801173/images/big/1.webp,2026-09-20T20:04:28+00:00
wildberries,банное полотенце 70х140,12,11293020,https://www.wildberries.ru/catalog/11293020/detail.aspx,Полотенце махровое банное 100х150 подарочный набор серое,Togas,1121.22,2176.39,48,4.6,940,https://basket-01.wbbasket.ru/vol112/part11293/11293020/images/big/1.webp,2026-09-20T20:04:28+00:00
wildberries,банное полотенце 70х140,13,11934976,https://www.wildberries.ru/catalog/11934976/detail.aspx,Полотенце органический хлопок пляжное 70х140 комплект 3 шт белое,Cleanelly,854.78,1799.18,52,4.4,3,https://basket-01.wbbasket.ru/vol119/part11934/11934976/images/big/1.webp,2026-09-20T20:04:28+00:00
wildberries,банное полотенце 70х140,14,10593302,https://www.wildberries.ru/catalog/10593302/detail.aspx,Полотенце махровое для лица 50х90 подарочный набор серое,Cleanelly,1114.81,1628.81,32,4.6,2500,https://basket-01.wbbasket.ru/vol105/part10593/10593302/images/big/1.webp,2026-09-20T20:04:28+00:00
wildberries,банное полотенце 70х140,15,18422849,https://www.wildberries.ru/catalog/18422849/detail.aspx,Полотенце бамбук для лица 30х50 комплект 3 шт серое,Sofi De Marko,2087.35,3413.92,39,4.7,3,https://basket-02.wbbasket.ru/vol184/part18422/18422849/images/big/1.webp,2026-09-20T20:04:28+00:00
wildberries,банное полотенце 70х140,16,15212643,https://www.wildberries.ru/catalog/15212643/detail.aspx,Полотенце хлопок пляжное 50х90 подарочный набор бежевое,Belezza,1098.71,2193.22,50,4.5,7100,https://basket-02.wbbasket.ru/vol152/part15212/15212643/images/big/1.webp,2026-09-20T20:04:28+00:00
wildberries,банное полотенце 70х140,17,18277218,https://www.wildberries.ru/catalog/18277218/detail.aspx,Полотенце бамбук для лица 100х150 серое,Cleanelly,1752.22,3009.50,42,5.0,120,https://basket-02.wbbasket.ru/vol182/part18277/18277218/images/big/1.webp,2026-09-20T20:04:28+00:00
wildberries,банное полотенце 70х140,18,10160974,https://www.wildberries.ru/catalog/10160974/detail.aspx,Полотенце микрофибра для лица 70х140 набор 2 шт молочное,Togas,358.76,578.24,38,5.0,3,https://basket-01.wbbasket.ru/vol101/part10160/10160974/images/big/1.webp,2026-09-20T20:04:28+00:00
wildberries,банное полотенце 70х140,19,12388630,https://www.wildberries.ru/catalog/12388630/detail.aspx,Полотенце органический хлопок для ванной 50х90 набор 4 шт графит,Arya Home,575.81,1246.67,54,4.8,17,https://basket-01.wbbasket.ru/vol123/part12388/12388630/images/big/1.webp,2026-09-20T20:04:28+00:00
wildberries,банное полотенце 70х140,20,12239990,https://www.wildberries.ru/catalog/12239990/detail.aspx,Полотенце хлопок пляжное 30х50 комплект 3 шт молочное,Cleanelly,1479.55,2050.68,28,4.7,2500,https://basket-01.wbbasket.ru/vol122/part12239/12239990/images/big/1.webp,2026-09-20T20:04:28+00:00
wildberries,полотенце большое банное,1,16592651,https://www.wildberries.ru/catalog/16592651/detail.aspx,Полотенце микрофибра пляжное 50х90 подарочный набор белое,Verossa,553.13,1142.67,52,4.8,940,https://basket-02.wbbasket.ru/vol165/part16592/16592651/images/big/1.webp,2026-09-20T20:04:28+00:00
wildberries,полотенце большое банное,2,12607356,https://www.wildberries.ru/catalog/12607356/detail.aspx,Полотенце органический хлопок для ванной 70х140 набор 2 шт белое,Hobby Home,639.55,1167.97,45,4.3,7100,https://basket-01.wbbasket.ru/vol126/part12607/12607356/images/big/1.webp,2026-09-20T20:04:28+00:00
wildberries,полотенце большое банное,3,14446095,https://www.wildberries.ru/catalog/14446095/detail.aspx,Полотенце бамбук для рук 50х90 серое,Bio-Textiles,2180.38,3439.50,37,4.9,17,https://basket-02.wbbasket.ru/vol144/part14446/14446095/images/big/1.webp,2026-09-20T20:04:28+00:00
wildberries,полотенце большое банное,4,15968373,https://www.wildberries.ru/catalog/15968373/detail.aspx,Полотенце бамбук пляжное 50х90 набор 4 шт серое,Belezza,517.64,788.57,34,4.5,3,https://basket-02.wbbasket.ru/vol159/part15968/15968373/images/big/1.webp,2026-09-20T20:04:28+00:00
wildberries,полотенце большое банное,5,14191831,https://www.wildberries.ru/catalog/14191831/detail.aspx,Полотенце бамбук для ванной 70х140 набор 2 шт молочное,Aquarelle,2355.73,4648.49,49,4.3,17,https://basket-01.wbbasket.ru/vol141/part14191/14191831/images/big/1.webp,2026-09-20T20:04:28+00:00
wildberries,полотенце большое банное,6,11409947,https://www.wildberries.ru/catalog/11409947/detail.aspx,Полотенце хлопок банное 50х90 набор 2 шт белое,Arya Home,536.57,890.99,40,4.7,380,https://basket-01.wbbasket.ru/vol114/part11409/11409947/images/big/1.webp,2026-09-20T20:04:28+00:00
wildberries,полотенце большое банное,7,15562484,https://www.wildberries.ru/catalog/15562484/detail.aspx,Полотенце махровое банное 50х90 набор 4 шт молочное,Unison,2123.84,4491.01,53,4.3,7100,https://basket-02.wbbasket.ru/vol155/part15562/15562484/images/big/1.webp,2026-09-20T20:04:28+00:00
wildberries,полотенце большое банное,8,15938182,https://www.wildberries.ru/catalog/15938182/detail.aspx,Полотенце хлопок пляжное 30х50 подарочный набор молочное,Cleanelly,376.28,633.65,41,4.4,45,https://basket-02.wbbasket.ru/vol159/part15938/15938182/images/big/1.webp,2026-09-20T20:04:28+00:00
wildberries,полотенце большое банное,9,18370012,https://www.wildberries.ru/catalog/18370012/detail.aspx,Полотенце бамбук для рук 70х140 набор 2 шт графит,Karna,1335.27,2513.71,47,4.5,7100,https://basket-02.wbbasket.ru/vol183/part18370/18370012/images/big/1.webp,2026-09-20T20:04:28+00:00
wildberries,полотенце большое банное,10,14180005,https://www.wildberries.ru/catalog/14180005/detail.aspx,Полотенце махровое для ванной 30х50 набор 4 шт молочное,Cleanelly,615.25,1241.25,50,4.7,3,https://basket-01.wbbasket.ru/vol141/part14180/14180005/images/big/1.webp,2026-09-20T20:04:28+00:00
wildberries,полотенце большое банное,11,13016809,https://www.wildberries.ru/catalog/13016809/detail.aspx,Полотенце бамбук для рук 80х150 подарочный набор серое,Ecotex,1290.93,2129.44,39,4.2,120,https://basket-01.wbbasket.ru/vol130/part13016/13016809/images/big/1.webp,2026-09-20T20:04:28+00:00
wildberries,полотенце большое банное,12,12678059,https://www.wildberries.ru/catalog/12678059/detail.aspx,Полотенце бамбук банное 30х50 серое,Cleanelly,2450.22,3698.57,34,4.3,120,https://basket-01.wbbasket.ru/vol126/part12678/12678059/images/big/1.webp,2026-09-20T20:04:28+00:00
wildberries,полотенце большое банное,13,12914404,https://www.wildberries.ru/catalog/12914404/detail.aspx,Полотенце микрофибра банное 70х140 молочное,Karna,893.14,1958.11,54,4.3,940,https://basket-01.wbbasket.ru/vol129/part12914/12914404/images/big/1.webp,2026-09-20T20:04:28+00:00
wildberries,полотенце большое банное,14,18258194,https://www.wildberries.ru/catalog/18258194/detail.aspx,Полотенце бамбук пляжное 50х90 комплект 3 шт графит,Arya Home,1151.49,2479.77,54,4.6,45,https://basket-02.wbbasket.ru/vol182/part18258/18258194/images/big/1.webp,2026-09-20T20:04:28+00:00
wildberries,полотенце большое банное,15,15565572,https://www.wildberries.ru/catalog/15565572/detail.aspx,Полотенце махровое банное 50х90 набор 4 шт графит,Bio-Textiles,505.03,873.80,42,4.9,120,https://basket-02.wbbasket.ru/vol155/part15565/15565572/images/big/1.webp,2026-09-20T20:04:28+00:00
wildberries,полотенце большое банное,16,12376537,https://www.wildberries.ru/catalog/12376537/detail.aspx,Полотенце хлопок для ванной 70х140 комплект 3 шт бежевое,Arya Home,348.78,674.62,48,4.8,940,https://basket-01.wbbasket.ru/vol123/part12376/12376537/images/big/1.webp,2026-09-20T20:04:28+00:00
wildberries,полотенце большое банное,17,17329435,https://www.wildberries.ru/catalog/17329435/detail.aspx,Полотенце бамбук для рук 80х150 набор 2 шт серое,Verossa,747.96,1629.26,54,4.8,7100,https://basket-02.wbbasket.ru/vol173/part17329/17329435/images/big/1.webp,2026-09-20T20:04:28+00:00
wildberries,полотенце большое банное,18,16348231,https://www.wildberries.ru/catalog/16348231/detail.aspx,Полотенце бамбук для лица 80х150 серое,Aquarelle,619.30,1259.04,51,4.4,380,https://basket-02.wbbasket.ru/vol163/part16348/16348231/images/big/1.webp,2026-09-20T20:04:28+00:00
wildberries,полотенце большое банное,19,13706007,https://www.wildberries.ru/catalog/13706007/detail.aspx,Полотенце хлопок банное 80х150 подарочный набор графит,Belezza,352.80,559.68,37,4.7,17,https://basket-01.wbbasket.ru/vol137/part13706/13706007/images/big/1.webp,2026-09-20T20:04:28+00:00
wildberries,полотенце большое банное,20,11488575,https://www.wildberries.ru/catalog/11488575/detail.aspx,Полотенце органический хлопок для лица 100х150 набор 2 шт белое,Unison,904.32,1312.26,31,4.9,940,https://basket-01.wbbasket.ru/vol114/part11488/11488575/images/big/1.webp,2026-09-20T20:04:28+00:00
wildberries,эко полотенце,1,10021494,https://www.wildberries.ru/catalog/10021494/detail.aspx,Полотенце махровое для ванной 70х140 набор 4 шт бежевое,Bio-Textiles,732.33,1023.23,28,4.2,7100,https://basket-01.wbbasket.ru/vol100/part10021/10021494/images/big/1.webp,2026-09-20T20:04:28+00:00
wildberries,эко полотенце,2,18044494,https://www.wildberries.ru/catalog/18044494/detail.aspx,Полотенце органический хлопок для лица 30х50 подарочный набор молочное,Togas,800.91,1114.29,28,4.8,120,https://basket-02.wbbasket.ru/vol180/part18044/18044494/images/big/1.webp,2026-09-20T20:04:28+00:00
wildberries,эко полотенце,3,15734590,https://www.wildberries.ru/catalog/15734590/detail.aspx,Полотенце органический хлопок банное 50х90 комплект 3 шт бежевое,Belezza,733.39,1022.53,28,4.3,2500,https://basket-02.wbbasket.ru/vol157/part15734/15734590/images/big/1.webp,2026-09-20T20:04:28+00:00
wildberries,эко полотенце,4,17236404,https://www.wildberries.ru/catalog/17236404/detail.aspx,Полотенце махровое пляжное 50х90 комплект 3 шт графит,Belezza,1442.18,2789.25,48,5.0,45,https://basket-02.wbbasket.ru/vol172/part17236/17236404/images/big/1.webp,2026-09-20T20:04:28+00:00
wildberries,эко полотенце,5,14450404,https://www.wildberries.ru/catalog/14450404/detail.aspx,Полотенце органический хлопок для лица 50х90 набор 2 шт серое,Донецкая мануфактура,673.97,1124.42,40,4.7,380,https://basket-02.wbbasket.ru/vol144/part14450/14450404/images/big/1.webp,2026-09-20T20:04:28+00:00
wildberries,эко полотенце,6,10064014,https://www.wildberries.ru/catalog/10064014/detail.aspx,Полотенце махровое банное 30х50 графит,Sofi De Marko,2383.51,3215.48,26,4.5,380,https://basket-01.wbbasket.ru/vol100/part10064/10064014/images/big/1.webp,2026-09-20T20:04:28+00:00
wildberries,эко полотенце,7,11374659,https://www.wildberries.ru/catalog/11374659/detail.aspx,Полотенце микрофибра для рук 70х140 набор 2 шт бежевое,Гармония,531.74,830.91,36,4.6,17,https://basket-01.wbbasket.ru/vol113/part11374/11374659/images/big/1.webp,2026-09-20T20:04:28+00:00
wildberries,эко полотенце,8,16399588,https://www.wildberries.ru/catalog/16399588/detail.aspx,Полотенце органический хлопок для рук 30х50 комплект 3 шт бежевое,Karna,1712.37,2511.01,32,4.5,7100,https://basket-02.wbbasket.ru/vol163/part16399/16399588/images/big/1.webp,2026-09-20T20:04:28+00:00
wildberries,эко полотенце,9,11622400,https://www.wildberries.ru/catalog/11622400/detail.aspx,Полотенце бамбук для рук 30х50 комплект 3 шт белое,Cleanelly,2224.06,3014.66,26,4.3,940,https://basket-01.wbbasket.ru/vol116/part11622/11622400/images/big/1.webp,2026-09-20T20:04:28+00:00
wildberries,эко полотенце,10,17023480,https://www.wildberries.ru/catalog/17023480/detail.aspx,Полотенце микрофибра для рук 80х150 набор 4 шт графит,Arya Home,429.87,875.46,51,5.0,7100,https://basket-02.wbbasket.ru/vol170/part17023/17023480/images/big/1.webp,2026-09-20T20:04:28+00:00
wildberries,эко полотенце,11,18670757,https://www.wildberries.ru/catalog/18670757/detail.aspx,Полотенце хлопок для рук 100х150 набор 2 шт молочное,Донецкая мануфактура,2543.66,4456.22,43,4.8,45,https://basket-02.wbbasket.ru/vol186/part18670/18670757/images/big/1.webp,2026-09-20T20:04:28+00:00
wildberries,эко полотенце,12,17304686,https://www.wildberries.ru/catalog/17304686/detail.aspx,Полотенце органический хлопок для лица 70х140 набор 4 шт белое,Verossa,509.05,697.67,27,4.4,45,https://basket-02.wbbasket.ru/vol173/part17304/17304686/images/big/1.webp,2026-09-20T20:04:28+00:00
wildberries,эко полотенце,13,14633880,https://www.wildberries.ru/catalog/14633880/detail.aspx,Полотенце микрофибра для ванной 100х150 набор 2 шт бежевое,Гармония,1006.74,1808.96,44,4.6,3,https://basket-02.wbbasket.ru/vol146/part14633/14633880/images/big/1.webp,2026-09-20T20:04:28+00:00
wildberries,эко полотенце,14,11681144,https://www.wildberries.ru/catalog/11681144/detail.aspx,Полотенце микрофибра пляжное 80х150 подарочный набор бежевое,Arya Home,885.94,1603.49,45,4.9,17,https://basket-01.wbbasket.ru/vol116/part11681/11681144/images/big/1.webp,2026-09-20T20:04:28+00:00
wildberries,эко полотенце,15,17936405,https://www.wildberries.ru/catalog/17936405/detail.aspx,Полотенце бамбук пляжное 100х150 подарочный набор серое,Arya Home,1035.97,1880.10,45,4.2,380,https://basket-02.wbbasket.ru/vol179/part17936/17936405/images/big/1.webp,2026-09-20T20:04:28+00:00
wildberries,эко полотенце,16,13985919,https://www.wildberries.ru/catalog/13985919/detail.aspx,Полотенце хлопок пляжное 80х150 подарочный набор бежевое,Ecotex,1105.70,1767.29,37,4.2,7100,https://basket-01.wbbasket.ru/vol139/part13985/13985919/images/big/1.webp,2026-09-20T20:04:28+00:00
wildberries,эко полотенце,17,11647814,https://www.wildberries.ru/catalog/11647814/detail.aspx,Полотенце бамбук для ванной 50х90 комплект 3 шт серое,Unison,737.94,1285.83,43,5.0,120,https://basket-01.wbbasket.ru/vol116/part11647/11647814/images/big/1.webp,2026-09-20T20:04:28+00:00
wildberries,эко полотенце,18,13546544,https://www.wildberries.ru/catalog/13546544/detail.aspx,Полотенце бамбук для рук 100х150 комплект 3 шт молочное,Belezza,1346.33,1977.95,32,4.9,2500,https://basket-01.wbbasket.ru/vol135/part13546/13546544/images/big/1.webp,2026-09-20T20:04:28+00:00
wildberries,эко полотенце,19,18502613,https://www.wildberries.ru/catalog/18502613/detail.aspx,Полотенце органический хлопок пляжное 100х150 набор 2 шт графит,Togas,2145.48,3389.88,37,4.5,3,https://basket-02.wbbasket.ru/vol185/part18502/18502613/images/big/1.webp,2026-09-20T20:04:28+00:00
wildberries,эко полотенце,20,13340507,https://www.wildberries.ru/catalog/13340507/detail.aspx,Полотенце хлопок для лица 50х90 набор 4 шт бежевое,Belezza,856.52,1391.28,38,4.4,7100,https://basket-01.wbbasket.ru/vol133/part13340/13340507/images/big/1.webp,2026-09-20T20:04:28+00:00
wildberries,полотенце бамбук,1,17962169,https://www.wildberries.ru/catalog/17962169/detail.aspx,Полотенце органический хлопок банное 50х90 набор 4 шт серое,Волжский текстиль,1017.93,1486.00,31,4.7,940,https://basket-02.wbbasket.ru/vol179/part17962/17962169/images/big/1.webp,2026-09-20T20:04:28+00:00
wildberries,полотенце бамбук,2,13595669,https://www.wildberries.ru/catalog/13595669/detail.aspx,Полотенце хлопок для ванной 50х90 комплект 3 шт бежевое,Hobby Home,856.25,1771.10,52,4.9,120,https://basket-01.wbbasket.ru/vol135/part13595/13595669/images/big/1.webp,2026-09-20T20:04:28+00:00
wildberries,полотенце бамбук,3,10149283,https://www.wildberries.ru/catalog/10149283/detail.aspx,Полотенце хлопок для ванной 30х50 бежевое,Aquarelle,2590.98,5158.16,50,4.6,45,https://basket-01.wbbasket.ru/vol101/part10149/10149283/images/big/1.webp,2026-09-20T20:04:28+00:00
wildberries,полотенце бамбук,4,14620085,https://www.wildberries.ru/catalog/14620085/detail.aspx,Полотенце хлопок пляжное 50х90 набор 4 шт серое,Aquarelle,1408.07,2217.59,37,4.5,2500,https://basket-02.wbbasket.ru/vol146/part14620/14620085/images/big/1.webp,2026-09-20T20:04:28+00:00
wildberries,полотенце бамбук,5,16663113,https://www.wildberries.ru/catalog/16663113/detail.aspx,Полотенце бамбук для рук 100х150 набор 4 шт молочное,Гармония,832.00,1698.84,51,4.7,3,https://basket-02.wbbasket.ru/vol166/part16663/16663113/images/big/1.webp,2026-09-20T20:04:28+00:00
wildberries,полотенце бамбук,6,15641903,https://www.wildberries.ru/catalog/15641903/detail.aspx,Полотенце бамбук пляжное 80х150 серое,Волжский текстиль,833.71,1445.29,42,5.0,940,https://basket-02.wbbasket.ru/vol156/part15641/15641903/images/big/1.webp,2026-09-20T20:04:28+00:00
wildberries,полотенце бамбук,7,16779646,https://www.wildberries.ru/catalog/16779646/detail.aspx,Полотенце бамбук для ванной 100х150 набор 4 шт белое,Гармония,1392.74,2938.29,53,4.7,45,https://basket-02.wbbasket.ru/vol167/part16779/16779646/images/big/1.webp,2026-09-20T20:04:28+00:00
wildberries,полотенце бамбук,8,13186247,https://www.wildberries.ru/catalog/13186247/detail.aspx,Полотенце махровое для рук 100х150 комплект 3 шт молочное,Togas,956.82,1274.28,25,4.5,120,https://basket-01.wbbasket.ru/vol131/part13186/13186247/images/big/1.webp,2026-09-20T20:04:28+00:00
wildberries,полотенце бамбук,9,13038955,https://www.wildberries.ru/catalog/13038955/detail.aspx,Полотенце микрофибра для рук 100х150 серое,Aquarelle,2153.38,4073.88,47,4.4,7100,https://basket-01.wbbasket.ru/vol130/part13038/13038955/images/big/1.webp,2026-09-20T20:04:28+00:00
wildberries,полотенце бамбук,10,15152035,https://www.wildberries.ru/catalog/15152035/detail.aspx,Полотенце бамбук пляжное 70х140 комплект 3 шт бежевое,Belezza,564.39,1111.73,49,4.5,940,https://basket-02.wbbasket.ru/vol151/part15152/15152035/images/big/1.webp,2026-09-20T20:04:28+00:00
wildberries,полотенце бамбук,11,11194801,https://www.wildberries.ru/catalog/11194801/detail.aspx,Полотенце бамбук пляжное 100х150 подарочный набор бежевое,Hobby Home,857.44,1604.23,47,4.6,120,https://basket-01.wbbasket.ru/vol111/part11194/11194801/images/big/1.webp,2026-09-20T20:04:28+00:00
wildberries,полотенце бамбук,12,13360419,https://www.wildberries.ru/catalog/13360419/detail.aspx,Полотенце махровое для рук 80х150 комплект 3 шт молочное,Волжский текстиль,433.39,622.22,30,4.5,7100,https://basket-01.wbbasket.ru/vol133/part13360/13360419/images/big/1.webp,2026-09-20T20:04:28+00:00
wildberries,полотенце бамбук,13,10973306,https://www.wildberries.ru/catalog/10973306/detail.aspx,Полотенце бамбук для лица 50х90 подарочный набор серое,Belezza,1936.73,3064.05,37,4.2,380,https://basket-01.wbbasket.ru/vol109/part10973/10973306/images/big/1.webp,2026-09-20T20:04:28+00:00
wildberries,полотенце бамбук,14,16767819,https://www.wildberries.ru/catalog/16767819/detail.aspx,Полотенце хлопок пляжное 70х140 подарочный набор бежевое,Sofi De Marko,610.26,1141.27,47,4.5,7100,https://basket-02.wbbasket.ru/vol167/part16767/16767819/images/big/1.webp,2026-09-20T20:04:28+00:00
wildberries,полотенце бамбук,15,18909268,https://www.wildberries.ru/catalog/18909268/detail.aspx,Полотенце махровое банное 80х150 набор 4 шт серое,Ecotex,435.86,863.51,50,4.4,3,https://basket-02.wbbasket.ru/vol189/part18909/18909268/images/big/1.webp,2026-09-20T20:04:28+00:00
wildberries,полотенце бамбук,16,12802133,https://www.wildberries.ru/catalog/12802133/detail.aspx,Полотенце хлопок для лица 100х150 комплект 3 шт белое,Aquarelle,376.38,688.70,45,4.3,3,https://basket-01.wbbasket.ru/vol128/part12802/12802133/images/big/1.webp,2026-09-20T20:04:28+00:00
wildberries,полотенце бамбук,17,12244614,https://www.wildberries.ru/catalog/12244614/detail.aspx,Полотенце бамбук для рук 80х150 графит,Karna,774.28,1485.15,48,4.5,7100,https://basket-01.wbbasket.ru/vol122/part12244/12244614/images/big/1.webp,2026-09-20T20:04:28+00:00
wildberries,полотенце бамбук,18,10367643,https://www.wildberries.ru/catalog/10367643/detail.aspx,Полотенце хлопок для лица 30х50 набор 2 шт белое,Hobby Home,630.21,893.69,29,4.7,45,https://basket-01.wbbasket.ru/vol103/part10367/10367643/images/big/1.webp,2026-09-20T20:04:28+00:00
wildberries,полотенце бамбук,19,11813842,https://www.wildberries.ru/catalog/11813842/detail.aspx,Полотенце бамбук банное 30х50 комплект 3 шт графит,Verossa,1115.30,2448.32,54,4.7,3,https://basket-01.wbbasket.ru/vol118/part11813/11813842/images/big/1.webp,2026-09-20T20:04:28+00:00
wildberries,полотенце бамбук,20,13447632,https://www.wildberries.ru/catalog/13447632/detail.aspx,Полотенце махровое для рук 30х50 подарочный набор бежевое,Cleanelly,1194.31,2307.03,48,4.8,3,https://basket-01.wbbasket.ru/vol134/part13447/13447632/images/big/1.webp,2026-09-20T20:04:28+00:00
wildberries,полотенце органический хлопок,1,11760168,https://www.wildberries.ru/catalog/11760168/detail.aspx,Полотенце органический хлопок банное 80х150 комплект 3 шт графит,Karna,1367.68,2293.52,40,4.6,17,https://basket-01.wbbasket.ru/vol117/part11760/11760168/images/big/1.webp,2026-09-20T20:04:28+00:00
wildberries,полотенце органический хлопок,2,13383514,https://www.wildberries.ru/catalog/13383514/detail.aspx,Полотенце махровое банное 30х50 набор 4 шт графит,Karna,639.20,1309.30,51,4.5,2500,https://basket-01.wbbasket.ru/vol133/part13383/13383514/images/big/1.webp,2026-09-20T20:04:28+00:00
wildberries,полотенце органический хлопок,3,10045936,https://www.wildberries.ru/catalog/10045936/detail.aspx,Полотенце хлопок банное 80х150 подарочный набор белое,Karna,1909.59,3050.65,37,4.2,17,https://basket-01.wbbasket.ru/vol100/part10045/10045936/images/big/1.webp,2026-09-20T20:04:28+00:00
wildberries,полотенце органический хлопок,4,11699372,https://www.wildberries.ru/catalog/11699372/detail.aspx,Полотенце махровое пляжное 30х50 набор 4 шт бежевое,Unison,2398.39,4679.76,49,4.9,120,https://basket-01.wbbasket.ru/vol116/part11699/11699372/images/big/1.webp,2026-09-20T20:04:28+00:00
wildberries,полотенце органический хлопок,5,14874908,https://www.wildberries.ru/catalog/14874908/detail.aspx,Полотенце бамбук для ванной 30х50 набор 2 шт бежевое,Bio-Textiles,2156.76,2880.35,25,4.5,940,https://basket-02.wbbasket.ru/vol148/part14874/14874908/images/big/1.webp,2026-09-20T20:04:28+00:00
wildberries,полотенце органический хлопок,6,17343630,https://www.wildberries.ru/catalog/17343630/detail.aspx,Полотенце махровое банное 50х90 набор 2 шт белое,Ecotex,1764.63,2815.99,37,5.0,380,https://basket-02.wbbasket.ru/vol173/part17343/17343630/images/big/1.webp,2026-09-20T20:04:28+00:00
wildberries,полотенце органический хлопок,7,16471232,https://www.wildberries.ru/catalog/16471232/detail.aspx,Полотенце махровое для ванной 100х150 набор 4 шт бежевое,Unison,960.37,1643.08,42,4.8,7100,https://basket-02.wbbasket.ru/vol164/part16471/16471232/images/big/1.webp,2026-09-20T20:04:28+00:00
wildberries,полотенце органический хлопок,8,18097940,https://www.wildberries.ru/catalog/18097940/detail.aspx,Полотенце органический хлопок для лица 50х90 набор 4 шт бежевое,Arya Home,2145.79,3592.96,40,4.8,7100,https://basket-02.wbbasket.ru/vol180/part18097/18097940/images/big/1.webp,2026-09-20T20:04:28+00:00
wildberries,полотенце органический хлопок,9,12192032,https://www.wildberries.ru/catalog/12192032/detail.aspx,Полотенце микрофибра для рук 100х150 бежевое,Belezza,2522.26,5182.44,51,4.6,7100,https://basket-01.wbbasket.ru/vol121/part12192/12192032/images/big/1.webp,2026-09-20T20:04:28+00:00
wildberries,полотенце органический хлопок,10,18804983,https://www.wildberries.ru/catalog/18804983/detail.aspx,Полотенце органический хлопок для рук 50х90 набор 2 шт серое,Verossa,1595.82,3086.49,48,4.8,120,https://basket-02.wbbasket.ru/vol188/part18804/18804983/images/big/1.webp,2026-09-20T20:04:28+00:00
wildberries,полотенце органический хлопок,11,15800713,https://www.wildberries.ru/catalog/15800713/detail.aspx,Полотенце бамбук пляжное 80х150 бежевое,Aquarelle,1038.03,1581.67,34,4.7,2500,https://basket-02.wbbasket.ru/vol158/part15800/15800713/images/big/1.webp,2026-09-20T20:04:28+00:00
wildberries,полотенце органический хлопок,12,12775016,https://www.wildberries.ru/catalog/12775016/detail.aspx,Полотенце микрофибра пляжное 50х90 набор 2 шт белое,Belezza,1425.00,2945.02,52,4.3,7100,https://basket-01.wbbasket.ru/vol127/part12775/12775016/images/big/1.webp,2026-09-20T20:04:28+00:00
wildberries,полотенце органический хлопок,13,13942645,https://www.wildberries.ru/catalog/13942645/detail.aspx,Полотенце хлопок для ванной 100х150 набор 2 шт графит,Hobby Home,598.94,982.73,39,4.3,7100,https://basket-01.wbbasket.ru/vol139/part13942/13942645/images/big/1.webp,2026-09-20T20:04:28+00:00
wildberries,полотенце органический хлопок,14,10298116,https://www.wildberries.ru/catalog/10298116/detail.aspx,Полотенце микрофибра для рук 50х90 подарочный набор молочное,Arya Home,699.63,1222.70,43,4.3,2500,https://basket-01.wbbasket.ru/vol102/part10298/10298116/images/big/1.webp,2026-09-20T20:04:28+00:00
wildberries,полотенце органический хлопок,15,13470388,https://www.wildberries.ru/catalog/13470388/detail.aspx,Полотенце микрофибра пляжное 50х90 набор 2 шт графит,Cleanelly,1343.23,2822.26,52,4.7,7100,https://basket-01.wbbasket.ru/vol134/part13470/13470388/images/big/1.webp,2026-09-20T20:04:28+00:00
wildberries,полотенце органический хлопок,16,16095071,https://www.wildberries.ru/catalog/16095071/detail.aspx,Полотенце бамбук банное 70х140 подарочный набор серое,Hobby Home,1393.49,2563.96,46,4.8,17,https://basket-02.wbbasket.ru/vol160/part16095/16095071/images/big/1.webp,2026-09-20T20:04:28+00:00
wildberries,полотенце органический хлопок,17,10768029,https://www.wildberries.ru/catalog/10768029/detail.aspx,Полотенце хлопок банное 100х150 комплект 3 шт серое,Verossa,1298.51,2508.57,48,4.9,7100,https://basket-01.wbbasket.ru/vol107/part10768/10768029/images/big/1.webp,2026-09-20T20:04:28+00:00
wildberries,полотенце органический хлопок,18,13616991,https://www.wildberries.ru/catalog/13616991/detail.aspx,Полотенце органический хлопок банное 100х150 белое,Belezza,522.87,1080.76,52,4.6,120,https://basket-01.wbbasket.ru/vol136/part13616/13616991/images/big/1.webp,2026-09-20T20:04:28+00:00
wildberries,полотенце органический хлопок,19,18459031,https://www.wildberries.ru/catalog/18459031/detail.aspx,Полотенце бамбук банное 30х50 набор 2 шт графит,Togas,421.84,719.43,41,4.3,7100,https://basket-02.wbbasket.ru/vol184/part18459/18459031/images/big/1.webp,2026-09-20T20:04:28+00:00
wildberries,полотенце органический хлопок,20,12972963,https://www.wildberries.ru/catalog/12972963/detail.aspx,Полотенце микрофибра банное 80х150 подарочный набор графит,Cleanelly,1116.04,2235.40,50,4.8,45,https://basket-01.wbbasket.ru/vol129/part12972/12972963/images/big/1.webp,2026-09-20T20:04:28+00:00
wildberries,полотенце натуральный хлопок,1,14164755,https://www.wildberries.ru/catalog/14164755/detail.aspx,Полотенце хлопок банное 30х50 графит,Togas,790.97,1302.09,39,4.4,940,https://basket-01.wbbasket.ru/vol141/part14164/14164755/images/big/1.webp,2026-09-20T20:04:28+00:00
wildberries,полотенце натуральный хлопок,2,15266549,https://www.wildberries.ru/catalog/15266549/detail.aspx,Полотенце органический хлопок для лица 70х140 подарочный набор графит,Karna,1885.92,3321.23,43,4.8,120,https://basket-02.wbbasket.ru/vol152/part15266/15266549/images/big/1.webp,2026-09-20T20:04:28+00:00
wildberries,полотенце натуральный хлопок,3,18453929,https://www.wildberries.ru/catalog/18453929/detail.aspx,Полотенце хлопок пляжное 100х150 комплект 3 шт белое,Sofi De Marko,1766.09,3819.16,54,4.6,940,https://basket-02.wbbasket.ru/vol184/part18453/18453929/images/big/1.webp,2026-09-20T20:04:28+00:00
wildberries,полотенце натуральный хлопок,4,18957402,https://www.wildberries.ru/catalog/18957402/detail.aspx,Полотенце махровое для ванной 80х150 подарочный набор графит,Togas,1461.31,2833.64,48,4.4,2500,https://basket-02.wbbasket.ru/vol189/part18957/18957402/images/big/1.webp,2026-09-20T20:04:28+00:00
wildberries,полотенце натуральный хлопок,5,14479152,https://www.wildberries.ru/catalog/14479152/detail.aspx,Полотенце махровое пляжное 50х90 набор 2 шт молочное,Arya Home,510.89,690.18,26,4.8,45,https://basket-02.wbbasket.ru/vol144/part14479/14479152/images/big/1.webp,2026-09-20T20:04:28+00:00
wildberries,полотенце натуральный хлопок,6,17593275,https://www.wildberries.ru/catalog/17593275/detail.aspx,Полотенце бамбук для лица 50х90 комплект 3 шт белое,Karna,2419.52,3926.43,38,4.3,120,https://basket-02.wbbasket.ru/vol175/part17593/17593275/images/big/1.webp,2026-09-20T20:04:28+00:00
wildberries,полотенце натуральный хлопок,7,16502088,https://www.wildberries.ru/catalog/16502088/detail.aspx,Полотенце микрофибра для рук 70х140 серое,Togas,1773.40,3784.15,53,4.5,940,https://basket-02.wbbasket.ru/vol165/part16502/16502088/images/big/1.webp,2026-09-20T20:04:28+00:00
wildberries,полотенце натуральный хлопок,8,13784075,https://www.wildberries.ru/catalog/13784075/detail.aspx,Полотенце махровое банное 100х150 набор 4 шт графит,Волжский текстиль,2591.42,5398.20,52,4.9,940,https://basket-01.wbbasket.ru/vol137/part13784/13784075/images/big/1.webp,2026-09-20T20:04:28+00:00
wildberries,полотенце натуральный хлопок,9,11249382,https://www.wildberries.ru/catalog/11249382/detail.aspx,Полотенце микрофибра пляжное 80х150 набор 4 шт белое,Arya Home,777.87,1699.73,54,4.3,45,https://basket-01.wbbasket.ru/vol112/part11249/11249382/images/big/1.webp,2026-09-20T20:04:28+00:00
wildberries,полотенце натуральный хлопок,10,14278461,https://www.wildberries.ru/catalog/14278461/detail.aspx,Полотенце микрофибра банное 30х50 набор 2 шт молочное,Togas,803.41,1138.48,29,4.2,7100,https://basket-01.wbbasket.ru/vol142/part14278/14278461/images/big/1.webp,2026-09-20T20:04:28+00:00
wildberries,полотенце натуральный хлопок,11,15052539,https://www.wildberries.ru/catalog/15052539/detail.aspx,Полотенце хлопок банное 70х140 комплект 3 шт графит,Togas,422.02,786.15,46,4.6,940,https://basket-02.wbbasket.ru/vol150/part15052/15052539/images/big/1.webp,2026-09-20T20:04:28+00:00
wildberries,полотенце натуральный хлопок,12,16768215,https://www.wildberries.ru/catalog/16768215/detail.aspx,Полотенце бамбук пляжное 70х140 набор 4 шт графит,Verossa,423.49,611.28,31,4.3,120,https://basket-02.wbbasket.ru/vol167/part16768/16768215/images/big/1.webp,2026-09-20T20:04:28+00:00
wildberries,полотенце натуральный хлопок,13,17966781,https://www.wildberries.ru/catalog/17966781/detail.aspx,Полотенце хлопок для ванной 100х150 комплект 3 шт серое,Unison,669.70,1243.27,46,5.0,3,https://basket-02.wbbasket.ru/vol179/part17966/17966781/images/big/1.webp,2026-09-20T20:04:28+00:00
wildberries,полотенце натуральный хлопок,14,15384429,https://www.wildberries.ru/catalog/15384429/detail.aspx,Полотенце бамбук для рук 70х140 графит,Verossa,671.22,1284.91,48,4.5,17,https://basket-02.wbbasket.ru/vol153/part15384/15384429/images/big/1.webp,2026-09-20T20:04:28+00:00
wildberries,полотенце натуральный хлопок,15,18535166,https://www.wildberries.ru/catalog/18535166/detail.aspx,Полотенце бамбук пляжное 100х150 набор 2 шт графит,Ecotex,2583.94,4555.17,43,4.6,3,https://basket-02.wbbasket.ru/vol185/part18535/18535166/images/big/1.webp,2026-09-20T20:04:28+00:00
wildberries,полотенце натуральный хлопок,16,18945709,https://www.wildberries.ru/catalog/18945709/detail.aspx,Полотенце хлопок для ванной 80х150 набор 2 шт бежевое,Karna,673.48,1344.26,50,4.2,17,https://basket-02.wbbasket.ru/vol189/part18945/18945709/images/big/1.webp,2026-09-20T20:04:28+00:00
wildberries,полотенце натуральный хлопок,17,17302077,https://www.wildberries.ru/catalog/17302077/detail.aspx,Полотенце хлопок для рук 50х90 набор 4 шт графит,Sofi De Marko,2535.37,5523.56,54,4.7,17,https://basket-02.wbbasket.ru/vol173/part17302/17302077/images/big/1.webp,2026-09-20T20:04:28+00:00
wildberries,полотенце натуральный хлопок,18,14226314,https://www.wildberries.ru/catalog/14226314/detail.aspx,Полотенце хлопок банное 30х50 комплект 3 шт бежевое,Togas,340.07,496.57,32,4.6,120,https://basket-01.wbbasket.ru/vol142/part14226/14226314/images/big/1.webp,2026-09-20T20:04:28+00:00
wildberries,полотенце натуральный хлопок,19,11984841,https://www.wildberries.ru/catalog/11984841/detail.aspx,Полотенце бамбук для рук 30х50 подарочный набор молочное,Unison,935.47,1544.04,39,4.6,17,https://basket-01.wbbasket.ru/vol119/part11984/11984841/images/big/1.webp,2026-09-20T20:04:28+00:00
wildberries,полотенце натуральный хлопок,20,11451316,https://www.wildberries.ru/catalog/11451316/detail.aspx,Полотенце микрофибра банное 50х90 комплект 3 шт графит,Arya Home,365.41,700.60,48,4.4,7100,https://basket-01.wbbasket.ru/vol114/part11451/11451316/images/big/1.webp,2026-09-20T20:04:28+00:00
wildberries,бежевые полотенца,1,14948917,https://www.wildberries.ru/catalog/14948917/detail.aspx,Полотенце органический хлопок банное 30х50 набор 4 шт графит,Ecotex,525.64,868.30,39,5.0,45,https://basket-02.wbbasket.ru/vol149/part14948/14948917/images/big/1.webp,2026-09-20T20:04:28+00:00
wildberries,бежевые полотенца,2,16611593,https://www.wildberries.ru/catalog/16611593/detail.aspx,Полотенце бамбук банное 80х150 белое,Karna,336.39,610.70,45,4.6,17,https://basket-02.wbbasket.ru/vol166/part16611/16611593/images/big/1.webp,2026-09-20T20:04:28+00:00
wildberries,бежевые полотенца,3,14240303,https://www.wildberries.ru/catalog/14240303/detail.aspx,Полотенце хлопок для ванной 70х140 подарочный набор графит,Karna,529.99,794.30,33,4.4,45,https://basket-01.wbbasket.ru/vol142/part14240/14240303/images/big/1.webp,2026-09-20T20:04:28+00:00
wildberries,бежевые полотенца,4,11647562,https://www.wildberries.ru/catalog/11647562/detail.aspx,Полотенце микрофибра банное 80х150 подарочный набор графит,Aquarelle,365.51,497.32,27,4.4,7100,https://basket-01.wbbasket.ru/vol116/part11647/11647562/images/big/1.webp,2026-09-20T20:04:28+00:00
wildberries,бежевые полотенца,5,18151398,https://www.wildberries.ru/catalog/18151398/detail.aspx,Полотенце бамбук для лица 70х140 набор 2 шт серое,Hobby Home,1123.52,1656.24,32,4.6,380,https://basket-02.wbbasket.ru/vol181/part18151/18151398/images/big/1.webp,2026-09-20T20:04:28+00:00
wildberries,бежевые полотенца,6,10081065,https://www.wildberries.ru/catalog/10081065/detail.aspx,Полотенце микрофибра для лица 80х150 серое,Togas,2258.31,3806.33,41,4.5,120,https://basket-01.wbbasket.ru/vol100/part10081/10081065/images/big/1.webp,2026-09-20T20:04:28+00:00
wildberries,бежевые полотенца,7,15124966,https://www.wildberries.ru/catalog/15124966/detail.aspx,Полотенце органический хлопок для ванной 100х150 набор 4 шт серое,Togas,978.97,1588.74,38,4.6,17,https://basket-02.wbbasket.ru/vol151/part15124/15124966/images/big/1.webp,2026-09-20T20:04:28+00:00
wildberries,бежевые полотенца,8,11282825,https://www.wildberries.ru/catalog/11282825/detail.aspx,Полотенце микрофибра банное 100х150 набор 4 шт графит,Belezza,548.09,1149.73,52,4.8,3,https://basket-01.wbbasket.ru/vol112/part11282/11282825/images/big/1.webp,2026-09-20T20:04:28+00:00
wildberries,бежевые полотенца,9,14372416,https://www.wildberries.ru/catalog/14372416/detail.aspx,Полотенце микрофибра банное 80х150 молочное,Гармония,2454.56,5193.05,53,4.6,7100,https://basket-01.wbbasket.ru/vol143/part14372/14372416/images/big/1.webp,2026-09-20T20:04:28+00:00
wildberries,бежевые полотенца,10,18407451,https://www.wildberries.ru/catalog/18407451/detail.aspx,Полотенце хлопок для ванной 30х50 набор 4 шт графит,Aquarelle,1871.08,2657.86,30,4.6,2500,https://basket-02.wbbasket.ru/vol184/part18407/18407451/images/big/1.webp,2026-09-20T20:04:28+00:00
wildberries,бежевые полотенца,11,13005557,https://www.wildberries.ru/catalog/13005557/detail.aspx,Полотенце микрофибра банное 70х140 белое,Hobby Home,2400.14,4084.07,41,4.7,45,https://basket-01.wbbasket.ru/vol130/part13005/13005557/images/big/1.webp,2026-09-20T20:04:28+00:00
wildberries,бежевые полотенца,12,10718206,https://www.wildberries.ru/catalog/10718206/detail.aspx,Полотенце органический хлопок для ванной 50х90 набор 4 шт молочное,Togas,512.63,836.86,39,4.7,940,https://basket-01.wbbasket.ru/vol107/part10718/10718206/images/big/1.webp,2026-09-20T20:04:28+00:00
wildberries,бежевые полотенца,13,14588489,https://www.wildberries.ru/catalog/14588489/detail.aspx,Полотенце органический хлопок для рук 50х90 набор 2 шт серое,Ecotex,413.84,732.18,43,4.9,380,https://basket-02.wbbasket.ru/vol145/part14588/14588489/images/big/1.webp,2026-09-20T20:04:28+00:00
wildberries,бежевые полотенца,14,11305896,https://www.wildberries.ru/catalog/11305896/detail.aspx,Полотенце микрофибра пляжное 70х140 подарочный набор молочное,Донецкая мануфактура,810.78,1709.45,53,4.6,2500,https://basket-01.wbbasket.ru/vol113/part11305/11305896/images/big/1.webp,2026-09-20T20:04:28+00:00
wildberries,бежевые полотенца,15,10110690,https://www.wildberries.ru/catalog/10110690/detail.aspx,Полотенце хлопок пляжное 30х50 комплект 3 шт серое,Unison,1076.92,2259.87,52,4.6,45,https://basket-01.wbbasket.ru/vol101/part10110/10110690/images/big/1.webp,2026-09-20T20:04:28+00:00
wildberries,бежевые полотенца,16,11985251,https://www.wildberries.ru/catalog/11985251/detail.aspx,Полотенце хлопок для лица 50х90 серое,Bio-Textiles,528.09,761.31,31,4.7,2500,https://basket-01.wbbasket.ru/vol119/part11985/11985251/images/big/1.webp,2026-09-20T20:04:28+00:00
wildberries,бежевые полотенца,17,16893744,https://www.wildberries.ru/catalog/16893744/detail.aspx,Полотенце бамбук банное 30х50 подарочный набор молочное,Arya Home,606.07,1140.95,47,4.2,3,https://basket-02.wbbasket.ru/vol168/part16893/16893744/images/big/1.webp,2026-09-20T20:04:28+00:00
wildberries,бежевые полотенца,18,12790745,https://www.wildberries.ru/catalog/12790745/detail.aspx,Полотенце микрофибра пляжное 70х140 набор 4 шт графит,Belezza,435.72,624.03,30,4.4,45,https://basket-01.wbbasket.ru/vol127/part12790/12790745/images/big/1.webp,2026-09-20T20:04:28+00:00
wildberries,бежевые полотенца,19,17909005,https://www.wildberries.ru/catalog/17909005/detail.aspx,Полотенце органический хлопок пляжное 80х150 набор 2 шт серое,Волжский текстиль,356.84,658.68,46,4.9,45,https://basket-02.wbbasket.ru/vol179/part17909/17909005/images/big/1.webp,2026-09-20T20:04:28+00:00
wildberries,бежевые полотенца,20,15749069,https://www.wildberries.ru/catalog/15749069/detail.aspx,Полотенце органический хлопок пляжное 70х140 белое,Sofi De Marko,1351.78,2079.13,35,4.9,17,https://basket-02.wbbasket.ru/vol157/part15749/15749069/images/big/1.webp,2026-09-20T20:04:28+00:00
wildberries,полотенца для ванной красивые,1,17042991,https://www.wildberries.ru/catalog/17042991/detail.aspx,Полотенце органический хлопок для рук 70х140 набор 2 шт бежевое,Sofi De Marko,594.02,1258.38,53,4.9,17,https://basket-02.wbbasket.ru/vol170/part17042/17042991/images/big/1.webp,2026-09-20T20:04:28+00:00
wildberries,полотенца для ванной красивые,2,12186555,https://www.wildberries.ru/catalog/12186555/detail.aspx,Полотенце органический хлопок пляжное 80х150 набор 2 шт графит,Belezza,1387.67,1920.36,28,4.9,3,https://basket-01.wbbasket.ru/vol121/part12186/12186555/images/big/1.webp,2026-09-20T20:04:28+00:00
wildberries,полотенца для ванной красивые,3,18088689,https://www.wildberries.ru/catalog/18088689/detail.aspx,Полотенце органический хлопок пляжное 30х50 комплект 3 шт бежевое,Unison,1705.12,2568.83,34,4.8,2500,https://basket-02.wbbasket.ru/vol180/part18088/18088689/images/big/1.webp,2026-09-20T20:04:28+00:00
wildberries,полотенца для ванной красивые,4,11406225,https://www.wildberries.ru/catalog/11406225/detail.aspx,Полотенце микрофибра пляжное 50х90 подарочный набор белое,Hobby Home,784.58,1184.14,34,4.4,2500,https://basket-01.wbbasket.ru/vol114/part11406/11406225/images/big/1.webp,2026-09-20T20:04:28+00:00
wildberries,полотенца для ванной красивые,5,13446353,https://www.wildberries.ru/catalog/13446353/detail.aspx,Полотенце хлопок банное 50х90 графит,Karna,392.31,642.42,39,4.8,940,https://basket-01.wbbasket.ru/vol134/part13446/13446353/images/big/1.webp,2026-09-20T20:04:28+00:00
wildberries,полотенца для ванной красивые,6,16134489,https://www.wildberries.ru/catalog/16134489/detail.aspx,Полотенце бамбук банное 70х140 подарочный набор графит,Ecotex,733.43,1307.33,44,4.7,2500,https://basket-02.wbbasket.ru/vol161/part16134/16134489/images/big/1.webp,2026-09-20T20:04:28+00:00
wildberries,полотенца для ванной красивые,7,14257682,https://www.wildberries.ru/catalog/14257682/detail.aspx,Полотенце хлопок для рук 80х150 молочное,Arya Home,567.03,1020.33,44,5.0,940,https://basket-01.wbbasket.ru/vol142/part14257/14257682/images/big/1.webp,2026-09-20T20:04:28+00:00
wildberries,полотенца для ванной красивые,8,13598010,https://www.wildberries.ru/catalog/13598010/detail.aspx,Полотенце органический хлопок для лица 50х90 набор 4 шт молочное,Arya Home,2532.91,3661.61,31,4.6,940,https://basket-01.wbbasket.ru/vol135/part13598/13598010/images/big/1.webp,2026-09-20T20:04:28+00:00
wildberries,полотенца для ванной красивые,9,12438206,https://www.wildberries.ru/catalog/12438206/detail.aspx,Полотенце микрофибра пляжное 50х90 набор 4 шт молочное,Arya Home,1439.18,1988.92,28,4.6,2500,https://basket-01.wbbasket.ru/vol124/part12438/12438206/images/big/1.webp,2026-09-20T20:04:28+00:00
wildberries,полотенца для ванной красивые,10,16721705,https://www.wildberries.ru/catalog/16721705/detail.aspx,Полотенце махровое для ванной 70х140 комплект 3 шт бежевое,Verossa,1111.11,1828.77,39,4.7,380,https://basket-02.wbbasket.ru/vol167/part16721/16721705/images/big/1.webp,2026-09-20T20:04:28+00:00
wildberries,полотенца для ванной красивые,11,18693169,https://www.wildberries.ru/catalog/18693169/detail.aspx,Полотенце микрофибра банное 70х140 подарочный набор молочное,Togas,355.10,671.56,47,4.4,3,https://basket-02.wbbasket.ru/vol186/part18693/18693169/images/big/1.webp,2026-09-20T20:04:28+00:00
wildberries,полотенца для ванной красивые,12,10004819,https://www.wildberries.ru/catalog/10004819/detail.aspx,Полотенце микрофибра пляжное 80х150 набор 4 шт графит,Arya Home,620.80,1008.03,38,5.0,17,https://basket-01.wbbasket.ru/vol100/part10004/10004819/images/big/1.webp,2026-09-20T20:04:28+00:00
wildberries,полотенца для ванной красивые,13,11151205,https://www.wildberries.ru/catalog/11151205/detail.aspx,Полотенце органический хлопок для ванной 30х50 подарочный набор графит,Karna,593.14,1164.47,49,4.9,380,https://basket-01.wbbasket.ru/vol111/part11151/11151205/images/big/1.webp,2026-09-20T20:04:28+00:00
wildberries,полотенца для ванной красивые,14,16777264,https://www.wildberries.ru/catalog/16777264/detail.aspx,Полотенце микрофибра пляжное 100х150 комплект 3 шт серое,Togas,608.83,898.07,32,4.7,380,https://basket-02.wbbasket.ru/vol167/part16777/16777264/images/big/1.webp,2026-09-20T20:04:28+00:00
wildberries,полотенца для ванной красивые,15,18611521,https://www.wildberries.ru/catalog/18611521/detail.aspx,Полотенце органический хлопок пляжное 50х90 бежевое,Belezza,1210.38,2605.12,54,5.0,380,https://basket-02.wbbasket.ru/vol186/part18611/18611521/images/big/1.webp,2026-09-20T20:04:28+00:00
wildberries,полотенца для ванной красивые,16,17729606,https://www.wildberries.ru/catalog/17729606/detail.aspx,Полотенце органический хлопок для рук 80х150 подарочный набор белое,Togas,2275.04,4545.62,50,4.9,3,https://basket-02.wbbasket.ru/vol177/part17729/17729606/images/big/1.webp,2026-09-20T20:04:28+00:00
wildberries,полотенца для ванной красивые,17,16919359,https://www.wildberries.ru/catalog/16919359/detail.aspx,Полотенце махровое для ванной 50х90 подарочный набор белое,Bio-Textiles,1792.00,3620.10,50,5.0,3,https://basket-02.wbbasket.ru/vol169/part16919/16919359/images/big/1.webp,2026-09-20T20:04:28+00:00
wildberries,полотенца для ванной красивые,18,12994493,https://www.wildberries.ru/catalog/12994493/detail.aspx,Полотенце бамбук для лица 100х150 набор 2 шт молочное,Togas,1816.14,2919.98,38,4.6,940,https://basket-01.wbbasket.ru/vol129/part12994/12994493/images/big/1.webp,2026-09-20T20:04:28+00:00
wildberries,полотенца для ванной красивые,19,14452763,https://www.wildberries.ru/catalog/14452763/detail.aspx,Полотенце микрофибра для ванной 70х140 набор 4 шт молочное,Sofi De Marko,1537.73,3016.85,49,4.4,120,https://basket-02.wbbasket.ru/vol144/part14452/14452763/images/big/1.webp,2026-09-20T20:04:28+00:00
wildberries,полотенца для ванной красивые,20,18265544,https://www.wildberries.ru/catalog/18265544/detail.aspx,Полотенце хлопок пляжное 100х150 набор 4 шт бежевое,Гармония,439.16,838.02,48,4.7,3,https://basket-02.wbbasket.ru/vol182/part18265/18265544/images/big/1.webp,2026-09-20T20:04:28+00:00
