marketplace,product_id,imt_id,brand,product_title,review_id,rating,created_at,text,pros,cons,color,size,useful_votes,review_nm_id,review_brand,review_product,collected_at
wildberries,228694961,114817958,Modjimoda,Полотенце махровое банное - набор 6 шт,tDS0jOdxUIqdeD5dnt7G,5,2026-09-21 11:06:07,,"Хорошие полотенца, рекомендую",,"Фиолетовый, сиреневый, фиалковый, аметистовый, сине-фиолетовый · 70х130 см, 50х80 см, 30х60 см",0,0,,,,2026-09-21T14:15:25+03:00
wildberries,228694961,114817958,Modjimoda,Полотенце махровое банное - набор 6 шт,7vskFXF9N1z1EiGdlO8f,5,2026-09-21 10:51:47,Хороший товар 👍,,,"Изумрудный, бежевый · 30х60 см, 50х80 см, 70х130 см",0,0,,,,2026-09-21T14:15:25+03:00
wildberries,228694961,114817958,Modjimoda,Полотенце махровое банное - набор 6 шт,BFN6MKbppPs3rQOCTIad,5,2026-09-21 10:51:02,Хороший товар 👍,,,"Фиолетовый, сиреневый, фиалковый, аметистовый, сине-фиолетовый · 70х130 см, 50х80 см, 30х60 см",0,0,,,,2026-09-21T14:15:25+03:00
wildberries,228694961,114817958,Modjimoda,Полотенце махровое банное - набор 6 шт,MyOrDuJHG9zNWhxcPsHQ,5,2026-09-21 10:50:45,Хороший товар 👍,,,"Серый, черный · 30х60 см, 50х80 см, 70х130 см",0,0,,,,2026-09-21T14:15:25+03:00
wildberries,228694961,114817958,Modjimoda,Полотенце махровое банное - набор 6 шт,DEMH1yauEDTpd6wrFBAI,1,2026-09-21 10:43:22,,,,фиолетовый,,0,,,,2026-09-21T14:15:25+03:00
wildberries,228694961,114817958,Modjimoda,Полотенце махровое банное - набор 6 шт,nSTmatrcDfLpV2DltZ7L,4,2026-09-21 10:37:04,Жесткое(,,,Темно-серый · 90х140 см,0,0,,,,2026-09-21T14:15:25+03:00
wildberries,228694961,114817958,Modjimoda,Полотенце махровое банное - набор 6 шт,VDcZPvBjM8XgfFaFGHEZ,5,2026-09-21 10:36:29,,,,"Изумрудный, бежевый · 30х60 см, 50х80 см, 70х130 см",0,0,,,,2026-09-21T14:15:25+03:00
wildberries,228694961,114817958,Modjimoda,Полотенце махровое банное - набор 6 шт,ihiFeKFdovOZ7i49lyKs,5,2026-09-21 10:15:07,"Отличные полотенца, спасибо, рекомендую)",,,"Серый, черный · 30х60 см, 50х80 см, 70х130 см",0,0,,,,2026-09-21T14:15:25+03:00
wildberries,228694961,114817958,Modjimoda,Полотенце махровое банное - набор 6 шт,g2U8SWBkdVBr8RRdaNVY,4,2026-09-21 09:38:12,Тонкие,,,"Изумрудный, бежевый · 30х60 см, 50х80 см, 70х130 см",0,0,,,,2026-09-21T14:15:25+03:00
wildberries,228694961,114817958,Modjimoda,Полотенце махровое банное - набор 6 шт,YhyyuinGT5rqNeZbgXD4,5,2026-09-21 09:24:55,"Красивый цвет,мягкие.Отличные и себе и в подарок",,,"Фиолетовый, сиреневый, фиалковый, аметистовый, сине-фиолетовый · 70х130 см, 50х80 см, 30х60 см",0,0,,,,2026-09-21T14:15:25+03:00
wildberries,228694961,114817958,Modjimoda,Полотенце махровое банное - набор 6 шт,Bh0pVyuzXL6j6nbQme1X,5,2026-09-21 09:19:05,"Полотенца норм, рекомендую",,,"Фиолетовый, сиреневый, фиалковый, аметистовый, сине-фиолетовый · 70х130 см, 50х80 см, 30х60 см",0,0,,,,2026-09-21T14:15:25+03:00
wildberries,228694961,114817958,Modjimoda,Полотенце махровое банное - набор 6 шт,vjEUk4GuBqhCK7lbRMD0,5,2026-09-21 09:12:41,,,,"Изумрудный, бежевый · 30х60 см, 50х80 см, 70х130 см",0,0,,,,2026-09-21T14:15:25+03:00
wildberries,228694961,114817958,Modjimoda,Полотенце махровое банное - набор 6 шт,rzwQeZyjgYZlHKJi4WKl,5,2026-09-21 09:07:07,,,,"Фиолетовый, сиреневый, фиалковый, аметистовый, сине-фиолетовый · 70х130 см, 50х80 см, 30х60 см",0,0,,,,2026-09-21T14:15:25+03:00
wildberries,228694961,114817958,Modjimoda,Полотенце махровое банное - набор 6 шт,riFqtyXxjYJ9KSQZwp5Y,5,2026-09-21 09:00:04,"Удобные, качественные, визуально симпатичные)))",,,"Фиолетовый, сиреневый, фиалковый, аметистовый, сине-фиолетовый · 70х130 см, 50х80 см, 30х60 см",0,0,,,,2026-09-21T14:15:25+03:00
wildberries,228694961,114817958,Modjimoda,Полотенце махровое банное - набор 6 шт,n5vwU9T0dkx0U0Xprs0v,5,2026-09-21 08:56:51,"Полотенце очень хорошае, качество хорошее, лёгкие, цвет насыщенный очень довольна, спасибо!.",,,"Фиолетовый, сиреневый, фиалковый, аметистовый, сине-фиолетовый · 70х130 см, 50х80 см, 30х60 см",0,0,,,,2026-09-21T14:15:25+03:00
wildberries,228694961,114817958,Modjimoda,Полотенце махровое банное - набор 6 шт,XBzkj3dtkH8JQZk2GMFo,2,2026-09-21 08:42:34,"Качество не очень даже за эту цены, невпитывают вообще",,,"Фиолетовый, сиреневый, фиалковый, аметистовый, сине-фиолетовый · 70х130 см, 50х80 см, 30х60 см",0,0,,,,2026-09-21T14:15:25+03:00
wildberries,228694961,114817958,Modjimoda,Полотенце махровое банное - набор 6 шт,OSuwHyrAQWSgNA8riJD6,2,2026-09-21 08:13:34,Никакие ужас,,,"Фиолетовый, сиреневый, фиалковый, аметистовый, сине-фиолетовый · 70х130 см, 50х80 см, 30х60 см",0,0,,,,2026-09-21T14:15:25+03:00
wildberries,228694961,114817958,Modjimoda,Полотенце махровое банное - набор 6 шт,HBjPjDCGXtZJwRyJNlGc,5,2026-09-21 08:07:14,,,,"Лавандово-розовый, серо-голубой · 50х80 см, 70х130 см",0,0,,,,2026-09-21T14:15:25+03:00
wildberries,228694961,114817958,Modjimoda,Полотенце махровое банное - набор 6 шт,IneZn2uxXiOI89c7rnGa,4,2026-09-21 08:04:00,"Грубовато изделие, при первой стирке вода окрасилась, повторно ещё не стирала",,,"Фиолетовый, сиреневый, фиалковый, аметистовый, сине-фиолетовый · 70х130 см, 50х80 см, 30х60 см",0,0,,,,2026-09-21T14:15:25+03:00
wildberries,228694961,114817958,Modjimoda,Полотенце махровое банное - набор 6 шт,J1Y0Dl02nn3mAtx8KM5q,5,2026-09-21 08:02:54,,,,"Изумрудный, бежевый · 30х60 см, 50х80 см, 70х130 см",0,0,,,,2026-09-21T14:15:25+03:00
wildberries,228694961,114817958,Modjimoda,Полотенце махровое банное - набор 6 шт,HrTyD2JGl1LNOdmNNtBS,5,2026-09-21 08:02:24,"Отличные полотенца по такой маленькой цене. Беру уже не первый комплект, и родственников со знакомыми подсадила на них.",,,"Фиолетовый, сиреневый, фиалковый, аметистовый, сине-фиолетовый · 70х130 см, 50х80 см, 30х60 см",0,0,,,,2026-09-21T14:15:25+03:00
wildberries,228694961,114817958,Modjimoda,Полотенце махровое банное - набор 6 шт,vAV9CBm8yiEzh4PFbFHs,5,2026-09-21 07:56:54,,,,"Изумрудный, бежевый · 30х60 см, 50х80 см, 70х130 см",0,0,,,,2026-09-21T14:15:25+03:00
wildberries,228694961,114817958,Modjimoda,Полотенце махровое банное - набор 6 шт,Ht7TDbkIP7QLG5LzAkjl,5,2026-09-21 07:52:36,Понравился товар,,,"Фиолетовый, сиреневый, фиалковый, аметистовый, сине-фиолетовый · 70х130 см, 50х80 см, 30х60 см",0,0,,,,2026-09-21T14:15:25+03:00
wildberries,228694961,114817958,Modjimoda,Полотенце махровое банное - набор 6 шт,6ueo4YQZ9MtWPNY832Vc,5,2026-09-21 07:50:46,Спасибо,,,"Фиолетовый, сиреневый, фиалковый, аметистовый, сине-фиолетовый · 70х130 см, 50х80 см, 30х60 см",0,0,,,,2026-09-21T14:15:25+03:00
wildberries,228694961,114817958,Modjimoda,Полотенце махровое банное - набор 6 шт,VcRoAGaWQaZW5DEzq8J8,5,2026-09-21 07:43:39,Спасибо большое спасибо большое спасибо большое спасибо большое,,,"Фиолетовый, сиреневый, фиалковый, аметистовый, сине-фиолетовый · 70х130 см, 50х80 см, 30х60 см",0,0,,,,2026-09-21T14:15:25+03:00
wildberries,228694961,114817958,Modjimoda,Полотенце махровое банное - набор 6 шт,jfxsG8rBaWFrgVZt9eFU,5,2026-09-21 07:38:29,,,,"Изумрудный, бежевый · 30х60 см, 50х80 см, 70х130 см",0,0,,,,2026-09-21T14:15:25+03:00
wildberries,228694961,114817958,Modjimoda,Полотенце махровое банное - набор 6 шт,goelYItUpqJv7bz9d1uo,5,2026-09-21 07:33:26,Мягкие и удобные полотенца,,,"Фиолетовый, сиреневый, фиалковый, аметистовый, сине-фиолетовый · 70х130 см, 50х80 см, 30х60 см",0,0,,,,2026-09-21T14:15:25+03:00
wildberries,228694961,114817958,Modjimoda,Полотенце махровое банное - набор 6 шт,Jb5rArpzfgg4SXzrXoY8,5,2026-09-21 07:24:06,,,,"Фиолетовый, сиреневый, фиалковый, аметистовый, сине-фиолетовый · 70х130 см, 50х80 см, 30х60 см",0,0,,,,2026-09-21T14:15:25+03:00
wildberries,228694961,114817958,Modjimoda,Полотенце махровое банное - набор 6 шт,5s1EVWfeUTxkr5Up6aZf,5,2026-09-21 07:01:36,,,,бежевый,,0,,,,2026-09-21T14:15:25+03:00
wildberries,228694961,114817958,Modjimoda,Полотенце махровое банное - набор 6 шт,fAuYByn0ZlytLLlg2vvd,5,2026-09-21 06:58:33,Супер,,,"Zumradrang, sarg‘ish · 30х60 см, 50х80 см, 70х130 см",0,0,,,,2026-09-21T14:15:25+03:00
wildberries,228694961,114817958,Modjimoda,Полотенце махровое банное - набор 6 шт,tDWDNDS5VT0JDQKcSgFv,5,2026-09-21 06:48:33,,,,"Изумрудный, бежевый · 30х60 см, 50х80 см, 70х130 см",0,0,,,,2026-09-21T14:15:25+03:00
wildberries,228694961,114817958,Modjimoda,Полотенце махровое банное - набор 6 шт,mzXhRAk9n5NQf1Hp62l6,5,2026-09-21 06:35:39,,,,"Фиолетовый, сиреневый, фиалковый, аметистовый, сине-фиолетовый · 70х130 см, 50х80 см, 30х60 см",0,0,,,,2026-09-21T14:15:25+03:00
wildberries,228694961,114817958,Modjimoda,Полотенце махровое банное - набор 6 шт,a2DIUEv3gqFYqGBNavaE,5,2026-09-21 06:33:01,"Покупала для подарка,очень понравилось,мягкость,цвет",,,бежевый,,0,,,,2026-09-21T14:15:25+03:00
wildberries,228694961,114817958,Modjimoda,Полотенце махровое банное - набор 6 шт,329RNAUD9aBcvZ4pIALN,5,2026-09-21 06:31:04,"Первый раз заказ пришел не полный комплект, всего 3 вместо 6 полотенец.  Заказывала для работы 2 комплекта.  Остальные пришли в отличном состоянии, предыдущий заказ со второго раза одобрили, вернула😁",,,"Серый, черный · 30х60 см, 50х80 см, 70х130 см",0,0,,,,2026-09-21T14:15:25+03:00
wildberries,228694961,114817958,Modjimoda,Полотенце махровое банное - набор 6 шт,GmiU7m2PHk4vRiuqTevu,3,2026-09-21 06:30:43,Полотенца тонкие.,,,"Изумрудный, бежевый · 30х60 см, 50х80 см, 70х130 см",0,0,,,,2026-09-21T14:15:25+03:00
wildberries,228694961,114817958,Modjimoda,Полотенце махровое банное - набор 6 шт,THmbfWPcK9nTVnQBB6jg,4,2026-09-21 06:26:04,,,,бежевый,0,0,,,,2026-09-21T14:15:25+03:00
wildberries,228694961,114817958,Modjimoda,Полотенце махровое банное - набор 6 шт,S6Df1w5TpEtE13jdbmMH,5,2026-09-21 06:26:01,,,,"Черный · 30х60 см, 50х80 см, 70х130 см",0,0,,,,2026-09-21T14:15:25+03:00
wildberries,228694961,114817958,Modjimoda,Полотенце махровое банное - набор 6 шт,74NhJjx9G6UW5Y1fxqDr,5,2026-09-21 06:22:57,За свои деньги хорошие полотенца. Спасибо,,,черный,,0,,,,2026-09-21T14:15:25+03:00
wildberries,228694961,114817958,Modjimoda,Полотенце махровое банное - набор 6 шт,ENZhURlGYbNZCkUbWZlu,4,2026-09-21 06:18:29,Тонковаты. Но за такую цену.может после стирки станут как то поплотнее. Обычно такое бывает у некоторых изделий.,,,"Изумрудный, бежевый · 30х60 см, 50х80 см, 70х130 см",0,0,,,,2026-09-21T14:15:25+03:00
wildberries,228694961,114817958,Modjimoda,Полотенце махровое банное - набор 6 шт,jeRlBahK1fITlTm4qRax,4,2026-09-21 06:15:16,Тонковато конечно,,,"Фиолетовый, сиреневый, фиалковый, аметистовый, сине-фиолетовый · 70х130 см, 50х80 см, 30х60 см",0,0,,,,2026-09-21T14:15:25+03:00
wildberries,228694961,114817958,Modjimoda,Полотенце махровое банное - набор 6 шт,GnMd6HZrAuhvoZuuobe1,5,2026-09-21 06:06:03,"Переживала что будут не то что в описании,но ошибалась. Отличные полотенца. СОВЕТУЮ. БЕРЕМ СМЕЛО.",,,"Изумрудный, бежевый · 30х60 см, 50х80 см, 70х130 см",0,0,,,,2026-09-21T14:15:25+03:00
wildberries,228694961,114817958,Modjimoda,Полотенце махровое банное - набор 6 шт,4K8Qeqin0DWO1PEEmCtk,1,2026-09-21 05:56:48,После недели использования полотенце стало распускаться,,,"Изумрудный, бежевый · 30х60 см, 50х80 см, 70х130 см",0,0,,,,2026-09-21T14:15:25+03:00
wildberries,228694961,114817958,Modjimoda,Полотенце махровое банное - набор 6 шт,3ejnTq31P9V5ldbJMHXw,1,2026-09-12 16:30:18,"Тряпка. Очень тонкие, просвечивают",,,"Изумрудный, бежевый · 30х60 см, 50х80 см, 70х130 см",0,1,,,,2026-09-21T14:15:25+03:00
wildberries,228694961,114817958,Modjimoda,Полотенце махровое банное - набор 6 шт,MTjYf1QNjKg4LhfgtRKS,3,2026-09-21 05:47:37,,,,черный,,0,,,,2026-09-21T14:15:25+03:00
wildberries,228694961,114817958,Modjimoda,Полотенце махровое банное - набор 6 шт,mt0TYhYVReNUg7wJwAzH,5,2026-09-21 05:47:22,Очень хорошего качества. Не линяют. Для кухни актуально. А большой размер для пляжа.,,,"Черный · 30х60 см, 50х80 см, 70х130 см",0,0,,,,2026-09-21T14:15:25+03:00
wildberries,228694961,114817958,Modjimoda,Полотенце махровое банное - набор 6 шт,1RozqLalV1vY4ciwcH8M,5,2026-09-21 05:39:02,"Купила ещё 4 шт, рекомендую, огонь🔥",,,Лавандовый · 90х140 см,0,0,,,,2026-09-21T14:15:25+03:00
wildberries,228694961,114817958,Modjimoda,Полотенце махровое банное - набор 6 шт,aGxbfStsZVvNR5X7Bomh,2,2026-09-21 05:27:38,Испозую уже,,,"Изумрудный, бежевый · 30х60 см, 50х80 см, 70х130 см",0,0,,,,2026-09-21T14:15:25+03:00
wildberries,228694961,114817958,Modjimoda,Полотенце махровое банное - набор 6 шт,GAvt8Dbt2SLAQsTWFYmY,2,2026-09-16 18:27:46,Не хороший качество,,,"Изумрудный, бежевый · 30х60 см, 50х80 см, 70х130 см",0,0,,,,2026-09-21T14:15:25+03:00
wildberries,228694961,114817958,Modjimoda,Полотенце махровое банное - набор 6 шт,eKnjMx5CSnohOKnQp1w3,3,2026-09-21 05:27:01,Ваш ответ меня не удовлетворил. Это ОТПИСКА!,,,"Черный · 30х60 см, 50х80 см, 70х130 см",0,0,,,,2026-09-21T14:15:25+03:00
wildberries,228694961,114817958,Modjimoda,Полотенце махровое банное - набор 6 шт,HZYh8D01fROxamO8NF2C,3,2026-09-16 12:15:02,,,"Почему меняете  цвет  заказанного  товара без согласия  покупателя? В заказе у меня полотенца шоколадного  цвета, пришли чёрного  цвета И ещё,такая ситуация не впервой  случается.  На отзывы реакции нет . Одна отписка. В чем дело?","Черный · 30х60 см, 50х80 см, 70х130 см",0,0,,,,2026-09-21T14:15:25+03:00
wildberries,228694961,114817958,Modjimoda,Полотенце махровое банное - набор 6 шт,UOJ7gNSRrygOJgU3CHs0,2,2026-09-21 05:26:05,После стирки ничего не изменилось,,,"Серый, черный · 30х60 см, 50х80 см, 70х130 см",0,0,,,,2026-09-21T14:15:25+03:00
wildberries,228694961,114817958,Modjimoda,Полотенце махровое банное - набор 6 шт,Bm6Wjbg7X1TwDZeheRuc,2,2026-09-21 04:13:27,,,Воду не впитывают вообще,"Серый, черный · 30х60 см, 50х80 см, 70х130 см",0,0,,,,2026-09-21T14:15:25+03:00
wildberries,228694961,114817958,Modjimoda,Полотенце махровое банное - набор 6 шт,0mYKF3UIhXCAhjDBKgSS,5,2026-09-21 05:24:29,,,,фиолетовый,,0,,,,2026-09-21T14:15:25+03:00
wildberries,228694961,114817958,Modjimoda,Полотенце махровое банное - набор 6 шт,7tLVPzp2j5SKMIdriJHJ,5,2026-09-21 05:17:45,,,,"Фиолетовый, сиреневый, фиалковый, аметистовый, сине-фиолетовый · 70х130 см, 50х80 см, 30х60 см",0,0,,,,2026-09-21T14:15:25+03:00
wildberries,228694961,114817958,Modjimoda,Полотенце махровое банное - набор 6 шт,BoDbciLowW2srzQleSMO,5,2026-09-21 05:03:13,,Качество и размер очень хорошее,,"Черный · 30х60 см, 50х80 см, 70х130 см",0,0,,,,2026-09-21T14:15:25+03:00
wildberries,228694961,114817958,Modjimoda,Полотенце махровое банное - набор 6 шт,FLZJDS2uuyQOKOn72fkn,5,2026-09-21 04:47:01,Все хорошо товар цена соответствует спасибо,,,"Фиолетовый, сиреневый, фиалковый, аметистовый, сине-фиолетовый · 70х130 см, 50х80 см, 30х60 см",0,0,,,,2026-09-21T14:15:25+03:00
wildberries,228694961,114817958,Modjimoda,Полотенце махровое банное - набор 6 шт,uTgjgdGI98VnPMkyv9gg,5,2026-09-21 04:45:36,,,,"Фиолетовый, сиреневый, фиалковый, аметистовый, сине-фиолетовый · 70х130 см, 50х80 см, 30х60 см",0,0,,,,2026-09-21T14:15:25+03:00
wildberries,228694961,114817958,Modjimoda,Полотенце махровое банное - набор 6 шт,mpV8ue1EnvzWnlS8fCD9,5,2026-09-21 04:40:45,👍,,,"Изумрудный, бежевый · 30х60 см, 50х80 см, 70х130 см",0,0,,,,2026-09-21T14:15:25+03:00
wildberries,228694961,114817958,Modjimoda,Полотенце махровое банное - набор 6 шт,7bO5dvdrUd43NgIh6fgP,5,2026-09-21 04:25:27,,,,"Изумрудный, бежевый · 30х60 см, 50х80 см, 70х130 см",0,0,,,,2026-09-21T14:15:25+03:00
wildberries,228694961,114817958,Modjimoda,Полотенце махровое банное - набор 6 шт,VLNoBtOZx8A9nHGFdd5I,5,2026-09-21 04:18:45,товар понравился,,,"Изумрудный, бежевый · 30х60 см, 50х80 см, 70х130 см",0,0,,,,2026-09-21T14:15:25+03:00
wildberries,228694961,114817958,Modjimoda,Полотенце махровое банное - набор 6 шт,u311GhPn4HdcAn20BDeG,5,2026-09-21 03:05:52,Хорошие полотенца. Не линяют. Цена супер. Спасибо👍☀️,,,"Фиолетовый, сиреневый, фиалковый, аметистовый, сине-фиолетовый · 70х130 см, 50х80 см, 30х60 см",0,0,,,,2026-09-21T14:15:25+03:00
wildberries,228694961,114817958,Modjimoda,Полотенце махровое банное - набор 6 шт,BmLsbpUMSqqMc991m69d,4,2026-09-21 02:59:16,"все хорошо, но бирюзовые полотенца линяют и оставляют цветные волокна на теле/лице :)",,,бежевый,,0,,,,2026-09-21T14:15:25+03:00
wildberries,228694961,114817958,Modjimoda,Полотенце махровое банное - набор 6 шт,UUTYwOqZmVGRtZq8dx9R,3,2026-09-21 02:25:47,,,,"Изумрудный, бежевый · 30х60 см, 50х80 см, 70х130 см",0,0,,,,2026-09-21T14:15:25+03:00
wildberries,228694961,114817958,Modjimoda,Полотенце махровое банное - набор 6 шт,pswNzX8pSEAEYhL5Gtm5,5,2026-09-20 23:18:53,"Полотенце не плохие,хоть тонкие вытерают хорошо, можно брать спасибо.",,,"Изумрудный, бежевый · 30х60 см, 50х80 см, 70х130 см",0,0,,,,2026-09-21T14:15:25+03:00
wildberries,228694961,114817958,Modjimoda,Полотенце махровое банное - набор 6 шт,DfldHj1iByEX9bXuXENZ,5,2026-09-20 22:06:49,,,,"Изумрудный, бежевый · 30х60 см, 50х80 см, 70х130 см",0,0,,,,2026-09-21T14:15:25+03:00
wildberries,228694961,114817958,Modjimoda,Полотенце махровое банное - набор 6 шт,RwOg555eL5zT6pxnjEdl,5,2026-09-20 21:38:06,,,,фиолетовый,0,0,,,,2026-09-21T14:15:25+03:00
wildberries,228694961,114817958,Modjimoda,Полотенце махровое банное - набор 6 шт,bVIeqQWIp2EGzMWXmnJV,5,2026-09-20 20:26:01,,,,"Изумрудный, бежевый · 30х60 см, 50х80 см, 70х130 см",0,0,,,,2026-09-21T14:15:25+03:00
wildberries,228694961,114817958,Modjimoda,Полотенце махровое банное - набор 6 шт,VpC3Fn5M4ZGMURQ7r3y0,5,2026-09-20 19:38:13,,,,"Изумрудный, бежевый · 30х60 см, 50х80 см, 70х130 см",0,0,,,,2026-09-21T14:15:25+03:00
wildberries,228694961,114817958,Modjimoda,Полотенце махровое банное - набор 6 шт,5x4dW4hixukTih4fCdzY,3,2026-09-20 19:33:47,,,,"Изумрудный, бежевый · 30х60 см, 50х80 см, 70х130 см",0,0,,,,2026-09-21T14:15:25+03:00
wildberries,228694961,114817958,Modjimoda,Полотенце махровое банное - набор 6 шт,XA8u74HpQbkTupR7X6nI,5,2026-09-20 19:29:06,,,,"Фиолетовый, сиреневый, фиалковый, аметистовый, сине-фиолетовый · 70х130 см, 50х80 см, 30х60 см",0,0,,,,2026-09-21T14:15:25+03:00
wildberries,228694961,114817958,Modjimoda,Полотенце махровое банное - набор 6 шт,9QVRK0sm9eGZH7goXWHv,5,2026-09-20 19:26:16,,,,"Черный · 30х60 см, 50х80 см, 70х130 см",0,0,,,,2026-09-21T14:15:25+03:00
wildberries,228694961,114817958,Modjimoda,Полотенце махровое банное - набор 6 шт,fFlIUjN4jU66AtI91WeT,5,2026-09-20 19:11:58,,,,"Фиолетовый, сиреневый, фиалковый, аметистовый, сине-фиолетовый · 70х130 см, 50х80 см, 30х60 см",0,0,,,,2026-09-21T14:15:25+03:00
wildberries,228694961,114817958,Modjimoda,Полотенце махровое банное - набор 6 шт,a2Zcd69hdttTzBWHxLyY,1,2026-09-20 19:08:08,,,,черный,0,0,,,,2026-09-21T14:15:25+03:00
wildberries,228694961,114817958,Modjimoda,Полотенце махровое банное - набор 6 шт,zy3Pj5A9VgMO2aqK4ohm,5,2026-09-20 19:06:44,,,,фиолетовый,0,0,,,,2026-09-21T14:15:25+03:00
wildberries,228694961,114817958,Modjimoda,Полотенце махровое банное - набор 6 шт,Hr7UCZOybgcqkHlaz8zU,5,2026-09-20 19:05:59,Хороший хлопок,,,"Фиолетовый, сиреневый, фиалковый, аметистовый, сине-фиолетовый · 70х130 см, 50х80 см, 30х60 см",0,0,,,,2026-09-21T14:15:25+03:00
wildberries,228694961,114817958,Modjimoda,Полотенце махровое банное - набор 6 шт,Cla98tI2HciqlYtGNzs3,4,2026-09-20 18:34:09,"Честно тонкие очень и линяют, но за такую цену это терпимо",,,черный,,0,,,,2026-09-21T14:15:25+03:00
wildberries,228694961,114817958,Modjimoda,Полотенце махровое банное - набор 6 шт,yVm0BWtQ6A2TP42vzv41,5,2026-09-20 18:26:49,,,,"Черный · 30х60 см, 50х80 см, 70х130 см",0,0,,,,2026-09-21T14:15:25+03:00
wildberries,228694961,114817958,Modjimoda,Полотенце махровое банное - набор 6 шт,23s763VLs5BwVwS5YUrA,5,2026-09-20 18:19:19,,"Тонкие, хорошо впитывает влагу, удобные",,"Изумрудный, бежевый · 30х60 см, 50х80 см, 70х130 см",0,0,,,,2026-09-21T14:15:25+03:00
wildberries,228694961,114817958,Modjimoda,Полотенце махровое банное - набор 6 шт,9ZC2endApTm1LM1DhcDS,5,2026-09-20 17:57:20,,,,"Черный · 30х60 см, 50х80 см, 70х130 см",0,0,,,,2026-09-21T14:15:25+03:00
wildberries,228694961,114817958,Modjimoda,Полотенце махровое банное - набор 6 шт,e2jQvwrQNH83v1CtNKvN,1,2026-09-20 17:38:57,Не рекомендую,,,"Фиолетовый, сиреневый, фиалковый, аметистовый, сине-фиолетовый · 70х130 см, 50х80 см, 30х60 см",0,0,,,,2026-09-21T14:15:25+03:00
wildberries,228694961,114817958,Modjimoda,Полотенце махровое банное - набор 6 шт,TsMugBjW0BJ0QvUqvxM5,4,2026-09-20 17:29:55,,,,"Черный · 30х60 см, 50х80 см, 70х130 см",0,0,,,,2026-09-21T14:15:25+03:00
wildberries,228694961,114817958,Modjimoda,Полотенце махровое банное - набор 6 шт,KQpancrYcfCxDB4lUSie,5,2026-09-20 17:00:35,,,,"Фиолетовый, сиреневый, фиалковый, аметистовый, сине-фиолетовый · 70х130 см, 50х80 см, 30х60 см",0,0,,,,2026-09-21T14:15:25+03:00
wildberries,228694961,114817958,Modjimoda,Полотенце махровое банное - набор 6 шт,hm43Om8X7ZajTo62V1Lm,5,2026-09-20 16:38:52,"Почему вы не отвечаете? Вы дважды списали деньги с моей карты за один и тот же товар. Пожалуйста, верните деньги.",,,черный,,0,,,,2026-09-21T14:15:25+03:00
wildberries,228694961,114817958,Modjimoda,Полотенце махровое банное - набор 6 шт,JkzRonbDOds9QCBy1uX5,5,2026-09-20 14:19:42,,товар понравился,"вы за товар дважды взяли плату,как это понимать?с карты два раза за один товар ушли деньги!!!!",черный,,0,,,,2026-09-21T14:15:25+03:00
wildberries,228694961,114817958,Modjimoda,Полотенце махровое банное - набор 6 шт,oedO92EeEp9iJQn8j9OC,2,2026-09-20 15:49:32,,,"тонкие, быстро теряют вид","Изумрудный, бежевый · 30х60 см, 50х80 см, 70х130 см",0,0,,,,2026-09-21T14:15:25+03:00
wildberries,228694961,114817958,Modjimoda,Полотенце махровое банное - набор 6 шт,5lqQVNVDD6SVv7CJnu10,4,2026-09-20 15:24:40,Тонковаты.,,,"Черный · 30х60 см, 50х80 см, 70х130 см",0,0,,,,2026-09-21T14:15:25+03:00
wildberries,228694961,114817958,Modjimoda,Полотенце махровое банное - набор 6 шт,80Uk8NmicwqY4gcOusXi,1,2026-09-20 15:22:31,,,,"Серый, черный · 30х60 см, 50х80 см, 70х130 см",0,0,,,,2026-09-21T14:15:25+03:00
wildberries,228694961,114817958,Modjimoda,Полотенце махровое банное - набор 6 шт,jeSTulSIkzZnS8Te1cbV,4,2026-09-20 15:15:06,"Для лица и рук пойдёт за такую цену, а для душа слишком уж тонкое. За это сняла одну звезду.",,,"Фиолетовый, сиреневый, фиалковый, аметистовый, сине-фиолетовый · 70х130 см, 50х80 см, 30х60 см",0,0,,,,2026-09-21T14:15:25+03:00
wildberries,228694961,114817958,Modjimoda,Полотенце махровое банное - набор 6 шт,UIMjw60cBDjhQ4Fn0Flm,5,2026-09-20 15:07:44,"Беру не первый раз, и в подарок и себе Отличные полотенца 👍",,,"Серый, черный · 30х60 см, 50х80 см, 70х130 см",0,0,,,,2026-09-21T14:15:25+03:00
wildberries,228694961,114817958,Modjimoda,Полотенце махровое банное - набор 6 шт,0zi1Vi6gkWnwBFuoLDaq,5,2026-09-20 15:01:21,,,,"Лавандово-розовый, серо-голубой · 50х80 см, 70х130 см",0,0,,,,2026-09-21T14:15:25+03:00
wildberries,228694961,114817958,Modjimoda,Полотенце махровое банное - набор 6 шт,Nuv04J76KTbbimmEpyZn,5,2026-09-20 14:57:59,,,,"Фиолетовый, сиреневый, фиалковый, аметистовый, сине-фиолетовый · 70х130 см, 50х80 см, 30х60 см",0,0,,,,2026-09-21T14:15:25+03:00
wildberries,228694961,114817958,Modjimoda,Полотенце махровое банное - набор 6 шт,wginCYFWSraDyml9Y9s2,5,2026-09-20 14:52:57,,,,"Фиолетовый, сиреневый, фиалковый, аметистовый, сине-фиолетовый · 70х130 см, 50х80 см, 30х60 см",0,0,,,,2026-09-21T14:15:25+03:00
wildberries,228694961,114817958,Modjimoda,Полотенце махровое банное - набор 6 шт,mXjv6o7IQ8SWi5UzEO4l,5,2026-09-20 14:51:07,"Полотенца хорошие за свою цену, приобретено уже несколько комплектов.",,,"Черный · 30х60 см, 50х80 см, 70х130 см",0,1,,,,2026-09-21T14:15:25+03:00
wildberries,228694961,114817958,Modjimoda,Полотенце махровое банное - набор 6 шт,Kutws4gLFdKD78TbgvI9,5,2026-09-20 14:48:42,,,,"Фиолетовый, сиреневый, фиалковый, аметистовый, сине-фиолетовый · 70х130 см, 50х80 см, 30х60 см",0,0,,,,2026-09-21T14:15:25+03:00
wildberries,228694961,114817958,Modjimoda,Полотенце махровое банное - набор 6 шт,iBWJ7oharUwQkE5g5M5R,5,2026-09-20 14:41:46,,,,"Изумрудный, бежевый · 30х60 см, 50х80 см, 70х130 см",0,0,,,,2026-09-21T14:15:25+03:00
wildberries,228694961,114817958,Modjimoda,Полотенце махровое банное - набор 6 шт,Qkxaa4mC4CeJNkNchdE1,5,2026-09-20 14:28:45,Хорошее качество,,,"Фиолетовый, сиреневый, фиалковый, аметистовый, сине-фиолетовый · 70х130 см, 50х80 см, 30х60 см",0,0,,,,2026-09-21T14:15:25+03:00
wildberries,228694961,114817958,Modjimoda,Полотенце махровое банное - набор 6 шт,N1f6KJH9Kku047wQqxkt,3,2026-09-20 14:26:55,"По цвету немного отличается, но это ладно.  Полотенца сильно тонкие, не как на фото",,,"Изумрудный, бежевый · 30х60 см, 50х80 см, 70х130 см",0,0,,,,2026-09-21T14:15:25+03:00
wildberries,228694961,114817958,Modjimoda,Полотенце махровое банное - набор 6 шт,WYkD7q1i48JVyOOYjWUv,5,2026-09-20 14:11:54,,"полотенце хорошие,на цвет приятные",,"Изумрудный, бежевый · 30х60 см, 50х80 см, 70х130 см",0,0,,,,2026-09-21T14:15:25+03:00
wildberries,228694961,114817958,Modjimoda,Полотенце махровое банное - набор 6 шт,DHXIMNQS3ML3o018Ujtu,5,2026-09-20 14:09:55,,"Тонковатые, но за такой ценник 🔥",,"Фиолетовый, сиреневый, фиалковый, аметистовый, сине-фиолетовый · 70х130 см, 50х80 см, 30х60 см",0,0,,,,2026-09-21T14:15:25+03:00
wildberries,228694961,114817958,Modjimoda,Полотенце махровое банное - набор 6 шт,VA9JXHEqcGPmLt6SDqB8,3,2026-09-20 13:47:35,Полотенца тонковаты. И зелёное поленяло.,,,"Изумрудный, бежевый · 30х60 см, 50х80 см, 70х130 см",0,0,,,,2026-09-21T14:15:25+03:00
wildberries,228694961,114817958,Modjimoda,Полотенце махровое банное - набор 6 шт,aigBPWSjV2Dch0m3vH6G,5,2026-09-20 13:45:42,,,,"Изумрудный, бежевый · 30х60 см, 50х80 см, 70х130 см",0,0,,,,2026-09-21T14:15:25+03:00
wildberries,228694961,114817958,Modjimoda,Полотенце махровое банное - набор 6 шт,jfrMJzvZHGOEjm6BhxwX,1,2026-09-20 12:58:25,Типа носовых платков по плотности...?,,,"Черный · 30х60 см, 50х80 см, 70х130 см",0,0,,,,2026-09-21T14:15:25+03:00
wildberries,228694961,114817958,Modjimoda,Полотенце махровое банное - набор 6 шт,myaFzupMMwqY3uUYmz5g,5,2026-09-20 12:52:50,,,,"Фиолетовый, сиреневый, фиалковый, аметистовый, сине-фиолетовый · 70х130 см, 50х80 см, 30х60 см",0,0,,,,2026-09-21T14:15:25+03:00
wildberries,228694961,114817958,Modjimoda,Полотенце махровое банное - набор 6 шт,C6iHEACfnUOnsL7eA2sf,5,2026-09-20 12:29:52,,,,"Изумрудный, бежевый · 30х60 см, 50х80 см, 70х130 см",0,0,,,,2026-09-21T14:15:25+03:00
wildberries,228694961,114817958,Modjimoda,Полотенце махровое банное - набор 6 шт,7uflWIVeYJeWm49lRHYj,5,2026-09-20 12:28:31,,,,"Изумрудный, бежевый · 30х60 см, 50х80 см, 70х130 см",0,0,,,,2026-09-21T14:15:25+03:00
wildberries,228694961,114817958,Modjimoda,Полотенце махровое банное - набор 6 шт,nApn4dp6nWrWpSsQqh5O,5,2026-09-20 12:26:32,,,,"Фиолетовый, сиреневый, фиалковый, аметистовый, сине-фиолетовый · 70х130 см, 50х80 см, 30х60 см",0,0,,,,2026-09-21T14:15:25+03:00
wildberries,228694961,114817958,Modjimoda,Полотенце махровое банное - набор 6 шт,7oN3mA4Ax36AC0eJV7Lt,5,2026-09-20 12:17:44,Отличные,,,"Черный · 30х60 см, 50х80 см, 70х130 см",0,0,,,,2026-09-21T14:15:25+03:00
wildberries,228694961,114817958,Modjimoda,Полотенце махровое банное - набор 6 шт,mgJzbmAmWzBk73VfXSIm,2,2026-09-20 12:10:44,"Вообще не впитывает , вытираешься а останешься мокрой (",,,фиолетовый,,0,,,,2026-09-21T14:15:25+03:00
wildberries,228694961,114817958,Modjimoda,Полотенце махровое банное - набор 6 шт,YFfkHPbhVzL9VTKbt97V,5,2026-09-20 12:08:10,Тонковаты,,,"Фиолетовый, сиреневый, фиалковый, аметистовый, сине-фиолетовый · 70х130 см, 50х80 см, 30х60 см",0,0,,,,2026-09-21T14:15:25+03:00
wildberries,228694961,114817958,Modjimoda,Полотенце махровое банное - набор 6 шт,PYhuQ0q0enPFzwo3Vzlj,5,2026-09-20 12:07:44,"Полотенца тонкие,хорошо что х.б.",,,"Изумрудный, бежевый · 30х60 см, 50х80 см, 70х130 см",0,0,,,,2026-09-21T14:15:25+03:00
wildberries,228694961,114817958,Modjimoda,Полотенце махровое банное - набор 6 шт,eV7gGRnOuZZDojV4yKzS,5,2026-09-20 11:55:59,,,,"Изумрудный, бежевый · 30х60 см, 50х80 см, 70х130 см",0,0,,,,2026-09-21T14:15:25+03:00
wildberries,228694961,114817958,Modjimoda,Полотенце махровое банное - набор 6 шт,L6SEKLDKCY4okb9Phd03,5,2026-09-20 11:50:16,,,,"Фиолетовый, сиреневый, фиалковый, аметистовый, сине-фиолетовый · 70х130 см, 50х80 см, 30х60 см",0,0,,,,2026-09-21T14:15:25+03:00
wildberries,228694961,114817958,Modjimoda,Полотенце махровое банное - набор 6 шт,8RgjAxLTwqCAmZoMAmlX,4,2026-09-20 11:41:09,Очень понравилось спасибо большое за товар и отдельное спасибо продавцу,,,"Изумрудный, бежевый · 30х60 см, 50х80 см, 70х130 см",0,0,,,,2026-09-21T14:15:25+03:00
wildberries,228694961,114817958,Modjimoda,Полотенце махровое банное - набор 6 шт,NCCgycvm9GAt70UOiN9O,4,2026-09-20 11:36:49,,,,"Изумрудный, бежевый · 30х60 см, 50х80 см, 70х130 см",0,0,,,,2026-09-21T14:15:25+03:00
wildberries,228694961,114817958,Modjimoda,Полотенце махровое банное - набор 6 шт,HLOiUVQhk72lpgYnFdn3,5,2026-09-20 11:31:44,,,,"Изумрудный, бежевый · 30х60 см, 50х80 см, 70х130 см",0,0,,,,2026-09-21T14:15:25+03:00
wildberries,228694961,114817958,Modjimoda,Полотенце махровое банное - набор 6 шт,01DAJX3XF31cYmGLIa1I,1,2026-09-20 11:23:52,Плохо впитывает,,,серый,,0,,,,2026-09-21T14:15:25+03:00
wildberries,228694961,114817958,Modjimoda,Полотенце махровое банное - набор 6 шт,ejiNnfWXPQTItLBb9QFP,5,2026-09-20 11:16:30,,,,фиолетовый,,0,,,,2026-09-21T14:15:25+03:00
wildberries,228694961,114817958,Modjimoda,Полотенце махровое банное - набор 6 шт,zpYdUeBdfODnBWHBrJoA,3,2026-09-20 11:10:45,Такое себе,,,бежевый,,0,,,,2026-09-21T14:15:25+03:00
wildberries,228694961,114817958,Modjimoda,Полотенце махровое банное - набор 6 шт,2uDek7qhxHL3fI66C1mz,5,2026-09-20 10:47:44,Хорошие. Не линяют цвет держат.,,,"Изумрудный, бежевый · 30х60 см, 50х80 см, 70х130 см",0,1,,,,2026-09-21T14:15:25+03:00
wildberries,228694961,114817958,Modjimoda,Полотенце махровое банное - набор 6 шт,lfFjvztqUGIp5RJJt3if,5,2026-09-20 09:35:46,"Мне все понравилось, разочирований нет,все классно!",,,"Изумрудный, бежевый · 30х60 см, 50х80 см, 70х130 см",0,0,,,,2026-09-21T14:15:25+03:00
wildberries,228694961,114817958,Modjimoda,Полотенце махровое банное - набор 6 шт,3ERw0PcW5iWwKuOY1y6A,5,2026-09-20 09:15:58,"Брала черные для мужа . За такую цену  полотенца нормальные. Только немного  тонковаты, но это не критично, даже неплохо. В целом понравились",,,"Черный · 30х60 см, 50х80 см, 70х130 см",0,0,,,,2026-09-21T14:15:25+03:00
wildberries,228694961,114817958,Modjimoda,Полотенце махровое банное - набор 6 шт,kj7B65EqRhBXYR4DnuUv,5,2026-09-20 09:14:08,,,,"Изумрудный, бежевый · 30х60 см, 50х80 см, 70х130 см",0,0,,,,2026-09-21T14:15:25+03:00
wildberries,228694961,114817958,Modjimoda,Полотенце махровое банное - набор 6 шт,q0pJsnCvyQpbw3C8oKQ1,5,2026-09-20 08:42:49,,,,"Фиолетовый, сиреневый, фиалковый, аметистовый, сине-фиолетовый · 70х130 см, 50х80 см, 30х60 см",0,0,,,,2026-09-21T14:15:25+03:00
wildberries,228694961,114817958,Modjimoda,Полотенце махровое банное - набор 6 шт,angAK6ZyL6FMRdx8OJao,5,2026-09-20 08:40:52,"В комплекте три полотенца, средней плотности, по сочетанию ЦЕНЫ и качества отличное предложение..",,,"Черный · 30х60 см, 50х80 см, 70х130 см",0,0,,,,2026-09-21T14:15:25+03:00
wildberries,228694961,114817958,Modjimoda,Полотенце махровое банное - набор 6 шт,Qf9Z48smJPGrNFe6OvYl,5,2026-09-20 08:37:11,"Хорошее полотенце, плотность ткани маловата,  после стирки не полиняло",,,"Фиолетовый, сиреневый, фиалковый, аметистовый, сине-фиолетовый · 70х130 см, 50х80 см, 30х60 см",0,0,,,,2026-09-21T14:15:25+03:00
wildberries,228694961,114817958,Modjimoda,Полотенце махровое банное - набор 6 шт,5Fv9YZ6zINKSqG8aVtRZ,5,2026-09-20 08:23:28,Все понравилось,"Все соответствует описанию, реально впитывает воду , хлопок 100%",Минусов нет,бежевый,,0,,,,2026-09-21T14:15:25+03:00
wildberries,228694961,114817958,Modjimoda,Полотенце махровое банное - набор 6 шт,2ODEnN6k9rSlTSFpCphf,5,2026-09-20 07:57:38,,,,"Фиолетовый, сиреневый, фиалковый, аметистовый, сине-фиолетовый · 70х130 см, 50х80 см, 30х60 см",0,0,,,,2026-09-21T14:15:25+03:00
wildberries,228694961,114817958,Modjimoda,Полотенце махровое банное - набор 6 шт,XMplrJzdJI0ojHQEZEox,3,2026-09-20 07:43:43,"Ну совсем тонюсенькие, швы не закреплены, все торчком по краям.  После первой стирки как тряочки.",,,"Серый, черный · 30х60 см, 50х80 см, 70х130 см",0,0,,,,2026-09-21T14:15:25+03:00
wildberries,228694961,114817958,Modjimoda,Полотенце махровое банное - набор 6 шт,4lugjAop3OXApn0SKxwi,4,2026-07-23 09:25:29,,,,"Серый, черный · 30х60 см, 50х80 см, 70х130 см",0,0,,,,2026-09-21T14:15:25+03:00
wildberries,228694961,114817958,Modjimoda,Полотенце махровое банное - набор 6 шт,8hC3Vk9M42LXz36SpbCP,3,2026-09-20 07:28:15,,,,"Изумрудный, бежевый · 30х60 см, 50х80 см, 70х130 см",0,0,,,,2026-09-21T14:15:25+03:00
wildberries,228694961,114817958,Modjimoda,Полотенце махровое банное - набор 6 шт,Gb6SZpGmKubsoUcHrJYZ,5,2026-09-20 07:27:33,,,,"Изумрудный, бежевый · 30х60 см, 50х80 см, 70х130 см",0,0,,,,2026-09-21T14:15:25+03:00
wildberries,228694961,114817958,Modjimoda,Полотенце махровое банное - набор 6 шт,ZB4sTrv5Mflye63YfP1Q,3,2026-09-20 07:19:01,Не впитывающие,,,"Изумрудный, бежевый · 30х60 см, 50х80 см, 70х130 см",0,0,,,,2026-09-21T14:15:25+03:00
wildberries,228694961,114817958,Modjimoda,Полотенце махровое банное - набор 6 шт,lJgXD4Z6nhN7ZD6bXifP,5,2026-09-20 07:10:34,"Полотенца отличные , цвет приятный , пользоваться удобно , пошиты качественно . Рекомендую продавца . Спасибо за качественный товар .",,,бежевый,,0,,,,2026-09-21T14:15:25+03:00
wildberries,228694961,114817958,Modjimoda,Полотенце махровое банное - набор 6 шт,ULNZifqQvb7BfOXOYBTp,5,2026-09-20 07:03:54,,,,"Черный · 30х60 см, 50х80 см, 70х130 см",0,0,,,,2026-09-21T14:15:25+03:00
wildberries,228694961,114817958,Modjimoda,Полотенце махровое банное - набор 6 шт,XVyAtnFSbPcPrL7Z0zfI,5,2026-09-20 06:57:43,За такую цену очень даже не плохо,,,фиолетовый,,0,,,,2026-09-21T14:15:25+03:00
wildberries,228694961,114817958,Modjimoda,Полотенце махровое банное - набор 6 шт,AngPf2T6P5JAM7xsaFey,5,2026-09-20 05:45:56,,,,"Изумрудный, бежевый · 30х60 см, 50х80 см, 70х130 см",0,0,,,,2026-09-21T14:15:25+03:00
wildberries,228694961,114817958,Modjimoda,Полотенце махровое банное - набор 6 шт,cGjVFys6kTvF9OQsUS5q,4,2026-09-20 05:30:16,Плюс- состав ( хлопок) Минус- толщина и густота ворса Итог: цена- качество,,,"Фиолетовый, сиреневый, фиалковый, аметистовый, сине-фиолетовый · 70х130 см, 50х80 см, 30х60 см",0,0,,,,2026-09-21T14:15:25+03:00
wildberries,228694961,114817958,Modjimoda,Полотенце махровое банное - набор 6 шт,VYcw1UekxfbXHjjtBi5k,3,2026-09-20 04:58:48,Качество не очень.,,,"Изумрудный, бежевый · 30х60 см, 50х80 см, 70х130 см",0,0,,,,2026-09-21T14:15:25+03:00
wildberries,228694961,114817958,Modjimoda,Полотенце махровое банное - набор 6 шт,HUh26YZNzduQHw8zVwh7,5,2026-09-20 04:32:51,Полотенца Тонкие,,,"Фиолетовый, сиреневый, фиалковый, аметистовый, сине-фиолетовый · 70х130 см, 50х80 см, 30х60 см",0,0,,,,2026-09-21T14:15:25+03:00
wildberries,228694961,114817958,Modjimoda,Полотенце махровое банное - набор 6 шт,BGBk0kLrmYodSuAHzkfj,4,2026-09-20 04:06:53,Качество полотенец на троечку,,,"Фиолетовый, сиреневый, фиалковый, аметистовый, сине-фиолетовый · 70х130 см, 50х80 см, 30х60 см",0,0,,,,2026-09-21T14:15:25+03:00
wildberries,228694961,114817958,Modjimoda,Полотенце махровое банное - набор 6 шт,E6n2wWezWXHgzLOde6Fk,5,2026-09-20 04:01:13,За такие деньги отличный товар рекомендую,,,"Изумрудный, бежевый · 30х60 см, 50х80 см, 70х130 см",0,0,,,,2026-09-21T14:15:25+03:00
wildberries,228694961,114817958,Modjimoda,Полотенце махровое банное - набор 6 шт,q7cIOz1dLDZ7wArKS7YL,5,2026-09-20 03:05:43,,,,"Изумрудный, бежевый · 30х60 см, 50х80 см, 70х130 см",0,0,,,,2026-09-21T14:15:25+03:00
wildberries,228694961,114817958,Modjimoda,Полотенце махровое банное - набор 6 шт,OuMJzqk2CKkFQvmF6DkN,5,2026-09-20 02:55:59,Хороший  набор,,,"Фиолетовый, сиреневый, фиалковый, аметистовый, сине-фиолетовый · 70х130 см, 50х80 см, 30х60 см",0,0,,,,2026-09-21T14:15:25+03:00
wildberries,228694961,114817958,Modjimoda,Полотенце махровое банное - набор 6 шт,pZvtlY16E0yXZKqhuth4,1,2026-09-20 02:46:28,Всего пять полотенцев,,,"Изумрудный, бежевый · 30х60 см, 50х80 см, 70х130 см",0,0,,,,2026-09-21T14:15:25+03:00
wildberries,228694961,114817958,Modjimoda,Полотенце махровое банное - набор 6 шт,sffXAlHWemrSgiaNJvld,5,2026-09-20 02:31:13,,,,"Изумрудный, бежевый · 30х60 см, 50х80 см, 70х130 см",0,0,,,,2026-09-21T14:15:25+03:00
wildberries,228694961,114817958,Modjimoda,Полотенце махровое банное - набор 6 шт,LSORpiqQQrp6JFhTX2Lb,5,2026-09-20 01:58:48,"Для съемных квартир, самое то! На постоянку тонковаты",,,черный,,0,,,,2026-09-21T14:15:25+03:00
wildberries,228694961,114817958,Modjimoda,Полотенце махровое банное - набор 6 шт,l604dP6YiY1xyjoJagSt,5,2026-09-20 00:56:02,За такую цену. Огонь,,,"Фиолетовый, сиреневый, фиалковый, аметистовый, сине-фиолетовый · 70х130 см, 50х80 см, 30х60 см",0,0,,,,2026-09-21T14:15:25+03:00
wildberries,228694961,114817958,Modjimoda,Полотенце махровое банное - набор 6 шт,yGqZ4DqRVbOFL7WnqnlN,5,2026-09-20 00:07:55,Хороший набор,,,"Фиолетовый, сиреневый, фиалковый, аметистовый, сине-фиолетовый · 70х130 см, 50х80 см, 30х60 см",0,0,,,,2026-09-21T14:15:25+03:00
wildberries,228694961,114817958,Modjimoda,Полотенце махровое банное - набор 6 шт,x6fSki3CZi5JVjHCBcg1,2,2026-09-19 20:47:46,,"Отвратительное качество просто . Стирала уже несколько раз ,первое все ворсинки остаются на тебе ,второе это то что они просто не вытеряют тебя .",,"Серый, черный · 30х60 см, 50х80 см, 70х130 см",0,0,,,,2026-09-21T14:15:25+03:00
wildberries,228694961,114817958,Modjimoda,Полотенце махровое банное - набор 6 шт,qQgixEgYC4RSOVXwPX02,5,2026-09-19 20:30:17,,Не плохие  за хорошую цену,,"Фиолетовый, сиреневый, фиалковый, аметистовый, сине-фиолетовый · 70х130 см, 50х80 см, 30х60 см",0,0,,,,2026-09-21T14:15:25+03:00
wildberries,228694961,114817958,Modjimoda,Полотенце махровое банное - набор 6 шт,sd5wFWOeM0LZsCaXIgzH,3,2026-09-19 19:33:05,Боле н минтетику похоже но не как 100%хлопок.не советую,,,"Фиолетовый, сиреневый, фиалковый, аметистовый, сине-фиолетовый · 70х130 см, 50х80 см, 30х60 см",0,0,,,,2026-09-21T14:15:25+03:00
wildberries,228694961,114817958,Modjimoda,Полотенце махровое банное - набор 6 шт,eo8pvGNRgsMeISevb4wL,5,2026-09-19 19:19:26,,,,"Фиолетовый, сиреневый, фиалковый, аметистовый, сине-фиолетовый · 70х130 см, 50х80 см, 30х60 см",0,0,,,,2026-09-21T14:15:25+03:00
wildberries,228694961,114817958,Modjimoda,Полотенце махровое банное - набор 6 шт,bdYx5SI1MeckSOoMIzAG,5,2026-09-19 18:27:13,"Не знаю,как другим,а меня все устроило,мягкие,цвет насыщенный,тонковаты,но это на любителя,товар хороший,советую к покупке.",,,"Фиолетовый, сиреневый, фиалковый, аметистовый, сине-фиолетовый · 70х130 см, 50х80 см, 30х60 см",0,0,,,,2026-09-21T14:15:25+03:00
wildberries,228694961,114817958,Modjimoda,Полотенце махровое банное - набор 6 шт,UC3oHZcne8iLZdq22dgz,4,2026-09-19 18:04:30,"Мягкие, не линяют. Единственный минус - мне нужно плотнее. Спасибо продавцу",,,"Серый, черный · 30х60 см, 50х80 см, 70х130 см",0,0,,,,2026-09-21T14:15:25+03:00
wildberries,228694961,114817958,Modjimoda,Полотенце махровое банное - набор 6 шт,v5GVUQYdGZSxFzwG3iTX,5,2026-09-19 18:03:40,Очень тонкие,,,бежевый,,0,,,,2026-09-21T14:15:25+03:00
wildberries,228694961,114817958,Modjimoda,Полотенце махровое банное - набор 6 шт,p0Vuph0HEq9esMDcuhvg,5,2026-09-19 17:56:39,"Всё хорошо, полотенца беру не первый раз, хорошо впитывают и цвет не теряют",,,"Изумрудный, бежевый · 30х60 см, 50х80 см, 70х130 см",0,0,,,,2026-09-21T14:15:25+03:00
wildberries,228694961,114817958,Modjimoda,Полотенце махровое банное - набор 6 шт,gSJ526hxFBl1nhteYJ8u,5,2026-09-19 17:52:06,,,,фиолетовый,,0,,,,2026-09-21T14:15:25+03:00
wildberries,228694961,114817958,Modjimoda,Полотенце махровое банное - набор 6 шт,i9ZlP6QB2WygIgCA0g4T,1,2026-09-19 17:39:07,"Очень плохо впитывает воду, скользит по телу",,,"Изумрудный, бежевый · 30х60 см, 50х80 см, 70х130 см",0,1,,,,2026-09-21T14:15:25+03:00
wildberries,228694961,114817958,Modjimoda,Полотенце махровое банное - набор 6 шт,xtG7PgabUUsJEdG2CjRH,5,2026-09-19 17:36:41,,,,"Фиолетовый, сиреневый, фиалковый, аметистовый, сине-фиолетовый · 70х130 см, 50х80 см, 30х60 см",0,0,,,,2026-09-21T14:15:25+03:00
wildberries,228694961,114817958,Modjimoda,Полотенце махровое банное - набор 6 шт,PJRZP0Av1RcoRWYiBCCH,4,2026-09-19 17:28:29,"Полотенца тонковаты, хотелось потолще, но впитывают хорошо.",,,"Изумрудный, бежевый · 30х60 см, 50х80 см, 70х130 см",0,0,,,,2026-09-21T14:15:25+03:00
wildberries,228694961,114817958,Modjimoda,Полотенце махровое банное - набор 6 шт,Icv5IXx7NJWBcbO3PgjL,5,2026-09-19 17:22:53,,,,"Изумрудный, бежевый · 30х60 см, 50х80 см, 70х130 см",0,0,,,,2026-09-21T14:15:25+03:00
wildberries,228694961,114817958,Modjimoda,Полотенце махровое банное - набор 6 шт,gVQLRzHReQkoAPrwYsu7,5,2026-09-19 16:43:12,,,,"Фиолетовый, сиреневый, фиалковый, аметистовый, сине-фиолетовый · 70х130 см, 50х80 см, 30х60 см",0,0,,,,2026-09-21T14:15:25+03:00
wildberries,228694961,114817958,Modjimoda,Полотенце махровое банное - набор 6 шт,WLehBidNmFQGVcVeTpda,4,2026-09-19 16:37:08,,,,"Фиолетовый, сиреневый, фиалковый, аметистовый, сине-фиолетовый · 70х130 см, 50х80 см, 30х60 см",0,0,,,,2026-09-21T14:15:25+03:00
wildberries,228694961,114817958,Modjimoda,Полотенце махровое банное - набор 6 шт,f7mIpuLuin2IG1GJnEgi,3,2026-09-19 16:35:14,,,,фиолетовый,,0,,,,2026-09-21T14:15:25+03:00
wildberries,228694961,114817958,Modjimoda,Полотенце махровое банное - набор 6 шт,ptU2YSqDxtFnTiClwOQS,3,2026-09-19 16:34:57,,,,фиолетовый,,0,,,,2026-09-21T14:15:25+03:00
wildberries,228694961,114817958,Modjimoda,Полотенце махровое банное - набор 6 шт,j8pNXDYUv9tWk1zRTvZH,4,2026-09-19 16:04:43,Женское полотенце,,,Лавандовый · 90х140 см,0,0,,,,2026-09-21T14:15:25+03:00
wildberries,228694961,114817958,Modjimoda,Полотенце махровое банное - набор 6 шт,nx5E8TtqOapenxEPrt9o,5,2026-09-19 15:19:26,Норм,,,"Черный · 30х60 см, 50х80 см, 70х130 см",0,0,,,,2026-09-21T14:15:25+03:00
wildberries,228694961,114817958,Modjimoda,Полотенце махровое банное - набор 6 шт,iCrD1RLTFsC5lFOsCoT2,5,2026-09-19 15:13:24,,,,"Фиолетовый, сиреневый, фиалковый, аметистовый, сине-фиолетовый · 70х130 см, 50х80 см, 30х60 см",0,0,,,,2026-09-21T14:15:25+03:00
wildberries,228694961,114817958,Modjimoda,Полотенце махровое банное - набор 6 шт,Bm4jDCVILvhOw2zJFaiP,5,2026-09-19 15:02:27,,,,"Изумрудный, бежевый · 30х60 см, 50х80 см, 70х130 см",0,0,,,,2026-09-21T14:15:25+03:00
wildberries,228694961,114817958,Modjimoda,Полотенце махровое банное - набор 6 шт,8ERik6zRI8Jm6f46y4Sw,5,2026-09-19 14:50:25,,,,"Изумрудный, бежевый · 30х60 см, 50х80 см, 70х130 см",0,0,,,,2026-09-21T14:15:25+03:00
wildberries,228694961,114817958,Modjimoda,Полотенце махровое банное - набор 6 шт,BdOGuXyVwtlYurFddqVb,5,2026-09-19 14:37:37,"Товар хороший , единственный минус плоховато впитывает воду",,,бежевый,,0,,,,2026-09-21T14:15:25+03:00
wildberries,228694961,114817958,Modjimoda,Полотенце махровое банное - набор 6 шт,mmfO6i0kO9jUtupT1Zxr,5,2026-09-19 14:24:48,"Тонковатые,но качественные,вытирают хорошо,не линяют",,,"Серый, черный · 30х60 см, 50х80 см, 70х130 см",0,0,,,,2026-09-21T14:15:25+03:00
wildberries,228694961,114817958,Modjimoda,Полотенце махровое банное - набор 6 шт,5w9hOCdBaCy3j0vAKDFi,4,2026-09-19 14:22:32,,,,"Фиолетовый, сиреневый, фиалковый, аметистовый, сине-фиолетовый · 70х130 см, 50х80 см, 30х60 см",0,0,,,,2026-09-21T14:15:25+03:00
wildberries,228694961,114817958,Modjimoda,Полотенце махровое банное - набор 6 шт,nPicClPcMwZ5Ys5urQfS,5,2026-09-19 14:14:56,,,,"Фиолетовый, сиреневый, фиалковый, аметистовый, сине-фиолетовый · 70х130 см, 50х80 см, 30х60 см",0,0,,,,2026-09-21T14:15:25+03:00
wildberries,228694961,114817958,Modjimoda,Полотенце махровое банное - набор 6 шт,pCZEyLIIKEScRfAPIN2f,4,2026-09-19 14:10:49,Товар понравился,,,"Изумрудный, бежевый · 30х60 см, 50х80 см, 70х130 см",0,0,,,,2026-09-21T14:15:25+03:00
wildberries,228694961,114817958,Modjimoda,Полотенце махровое банное - набор 6 шт,i6IGf3Ii9K9BPglbz30e,5,2026-09-19 14:07:00,,,,"Изумрудный, бежевый · 30х60 см, 50х80 см, 70х130 см",0,0,,,,2026-09-21T14:15:25+03:00
wildberries,228694961,114817958,Modjimoda,Полотенце махровое банное - набор 6 шт,yPS0ZfqdLvThwEvN5Gz7,5,2026-09-19 14:05:16,Хорошо впитывает воду,,,бежевый,,0,,,,2026-09-21T14:15:25+03:00
wildberries,228694961,114817958,Modjimoda,Полотенце махровое банное - набор 6 шт,Vb4tlvNJepQgnCBsmZow,5,2026-09-19 13:40:22,Полотенца тонковаты.,,,"Фиолетовый, сиреневый, фиалковый, аметистовый, сине-фиолетовый · 70х130 см, 50х80 см, 30х60 см",0,0,,,,2026-09-21T14:15:25+03:00
wildberries,228694961,114817958,Modjimoda,Полотенце махровое банное - набор 6 шт,MAZjwLVSN10Ci3sL90RJ,3,2026-09-19 13:36:46,Тонкие слишком,,,фиолетовый,,0,,,,2026-09-21T14:15:25+03:00
wildberries,228694961,114817958,Modjimoda,Полотенце махровое банное - набор 6 шт,fwXH73GhzWJWF68tGmsF,5,2026-09-19 13:23:08,Все хорошо,,,"Фиолетовый, сиреневый, фиалковый, аметистовый, сине-фиолетовый · 70х130 см, 50х80 см, 30х60 см",0,1,,,,2026-09-21T14:15:25+03:00
wildberries,228694961,114817958,Modjimoda,Полотенце махровое банное - набор 6 шт,iJcbj4H0e7EXge2kpsux,5,2026-09-19 12:39:33,"Хорошее качество 🔥 беру не в первый раз, очень довольна 👍🏻",,,серый,,0,,,,2026-09-21T14:15:25+03:00
wildberries,228694961,114817958,Modjimoda,Полотенце махровое банное - набор 6 шт,wwYyYC0wPj9d5AC86Pfl,5,2026-09-19 12:32:17,,,,"Фиолетовый, сиреневый, фиалковый, аметистовый, сине-фиолетовый · 70х130 см, 50х80 см, 30х60 см",0,0,,,,2026-09-21T14:15:25+03:00
wildberries,228694961,114817958,Modjimoda,Полотенце махровое банное - набор 6 шт,PTFWrXZITMzbB26S8gyH,5,2026-09-19 12:06:08,Очень хороший товар!,,,"Изумрудный, бежевый · 30х60 см, 50х80 см, 70х130 см",0,0,,,,2026-09-21T14:15:25+03:00
wildberries,228694961,114817958,Modjimoda,Полотенце махровое банное - набор 6 шт,cPT04Qr4ZDQMWQ87l9W6,5,2026-09-19 12:00:26,"Полотенца хорошие, не очень плотные. Искала именно такие для поездки. Рекомендую. Покупала за 344 рубля,  считаю,  адекватная цена и качество)",,,"Фиолетовый, сиреневый, фиалковый, аметистовый, сине-фиолетовый · 70х130 см, 50х80 см, 30х60 см",0,0,,,,2026-09-21T14:15:25+03:00
wildberries,228694961,114817958,Modjimoda,Полотенце махровое банное - набор 6 шт,13Zg9EkS4wMvklUNLl5k,4,2026-09-19 11:51:12,Женские ворсинки,,,черный,,0,,,,2026-09-21T14:15:25+03:00
wildberries,228694961,114817958,Modjimoda,Полотенце махровое банное - набор 6 шт,ubrj2vtXCEobskJhytBG,3,2026-09-19 11:22:41,"На фото смотрятся толще, на самом деле очень тоненькие",,,"Лавандово-розовый, серо-голубой · 50х80 см, 70х130 см",0,0,,,,2026-09-21T14:15:25+03:00
wildberries,228694961,114817958,Modjimoda,Полотенце махровое банное - набор 6 шт,jm3kmtlWzbB66TanlL92,3,2026-09-19 10:44:50,"Мне не понравились,очень тонкий материал,не полотенца,а тряпочки",,,"Изумрудный, бежевый · 30х60 см, 50х80 см, 70х130 см",0,0,,,,2026-09-21T14:15:25+03:00
wildberries,228694961,114817958,Modjimoda,Полотенце махровое банное - набор 6 шт,wGAMkBxhNPuKjuaWxe1i,5,2026-09-19 10:41:31,,,,"Фиолетовый, сиреневый, фиалковый, аметистовый, сине-фиолетовый · 70х130 см, 50х80 см, 30х60 см",0,0,,,,2026-09-21T14:15:25+03:00
wildberries,228694961,114817958,Modjimoda,Полотенце махровое банное - набор 6 шт,LvGJX4OTXfNIPvpvH1Tb,5,2026-09-19 10:33:30,,,,фиолетовый,0,0,,,,2026-09-21T14:15:25+03:00
wildberries,228694961,114817958,Modjimoda,Полотенце махровое банное - набор 6 шт,ok6fzlvGmZBOrOl8lgUu,5,2026-09-19 10:20:00,"Хорошие полотенца, тонковаты, не критично. Влагу впитывает отлично",,,"Серый, черный · 30х60 см, 50х80 см, 70х130 см",0,0,,,,2026-09-21T14:15:25+03:00
wildberries,228694961,114817958,Modjimoda,Полотенце махровое банное - набор 6 шт,M9NXNb90W3XqOaxa82Rp,2,2026-09-19 10:17:55,,,,"Черный · 30х60 см, 50х80 см, 70х130 см",0,0,,,,2026-09-21T14:15:25+03:00
wildberries,228694961,114817958,Modjimoda,Полотенце махровое банное - набор 6 шт,iGwSjKMdRnF1n62M5a50,5,2026-09-19 10:17:47,,,,"Изумрудный, бежевый · 30х60 см, 50х80 см, 70х130 см",0,0,,,,2026-09-21T14:15:25+03:00
wildberries,228694961,114817958,Modjimoda,Полотенце махровое банное - набор 6 шт,Q2PN9ujls7E9GLHFqEL9,5,2026-09-19 10:07:58,,,,"Изумрудный, бежевый · 30х60 см, 50х80 см, 70х130 см",0,0,,,,2026-09-21T14:15:25+03:00
wildberries,228694961,114817958,Modjimoda,Полотенце махровое банное - набор 6 шт,gltJieIAkhOwxAuFL19v,5,2026-09-19 10:02:46,,,,"Черный · 30х60 см, 50х80 см, 70х130 см",0,0,,,,2026-09-21T14:15:25+03:00
wildberries,228694961,114817958,Modjimoda,Полотенце махровое банное - набор 6 шт,hqhYk2Ybo1apzXfT3164,5,2026-09-19 09:58:06,,,,"Изумрудный, бежевый · 30х60 см, 50х80 см, 70х130 см",0,0,,,,2026-09-21T14:15:25+03:00
wildberries,228694961,114817958,Modjimoda,Полотенце махровое банное - набор 6 шт,ZjObQorMW8hgXwq4hLGG,4,2026-09-19 09:45:56,,,,"Фиолетовый, сиреневый, фиалковый, аметистовый, сине-фиолетовый · 70х130 см, 50х80 см, 30х60 см",0,0,,,,2026-09-21T14:15:25+03:00
wildberries,228694961,114817958,Modjimoda,Полотенце махровое банное - набор 6 шт,RKZmHmR2omiyBw61cXLb,1,2026-09-19 08:38:11,,,,"Черный · 30х60 см, 50х80 см, 70х130 см",0,0,,,,2026-09-21T14:15:25+03:00
wildberries,228694961,114817958,Modjimoda,Полотенце махровое банное - набор 6 шт,FokZFEVzG9yLrt7Ucalm,1,2026-09-19 08:37:36,"Полотенца тонкие. Должно быть 3,а положили 2.Забирал ребёнок с Вб.нк сразу увидел.",,,"Черный · 30х60 см, 50х80 см, 70х130 см",0,0,,,,2026-09-21T14:15:25+03:00
wildberries,228694961,114817958,Modjimoda,Полотенце махровое банное - набор 6 шт,mt2KR2VHvIptO1YroP80,4,2026-09-19 08:32:16,"Полотенца хорошо впитывают, но очень тоненькие. С другой стороны ожидать чего-то большего за такие деньги - смешно!",,,"Фиолетовый, сиреневый, фиалковый, аметистовый, сине-фиолетовый · 70х130 см, 50х80 см, 30х60 см",0,0,,,,2026-09-21T14:15:25+03:00
wildberries,228694961,114817958,Modjimoda,Полотенце махровое банное - набор 6 шт,kSU9YYUDAojojf0SOGjO,5,2026-09-19 08:24:48,КАЧЕСТВО УДОБНО,,,"Фиолетовый, сиреневый, фиалковый, аметистовый, сине-фиолетовый · 70х130 см, 50х80 см, 30х60 см",0,0,,,,2026-09-21T14:15:25+03:00
wildberries,228694961,114817958,Modjimoda,Полотенце махровое банное - набор 6 шт,7YwNm2bGbnSQhnMotvbz,3,2026-09-19 08:20:16,"Полотенца мне не понравились, синтетика, плохо впитывает влагу. Больше заказывать не буду.",,,"Изумрудный, бежевый · 30х60 см, 50х80 см, 70х130 см",0,0,,,,2026-09-21T14:15:25+03:00
wildberries,228694961,114817958,Modjimoda,Полотенце махровое банное - набор 6 шт,frf4PpjMz9LwjAveuDKC,5,2026-09-19 08:20:05,"ПОЛОТЕНЦА махровые получила вовремя,качеством и цветом осталась довольна,покупаю уже не первый раз,рекомендую!",,,"Фиолетовый, сиреневый, фиалковый, аметистовый, сине-фиолетовый · 70х130 см, 50х80 см, 30х60 см",0,0,,,,2026-09-21T14:15:25+03:00
wildberries,228694961,114817958,Modjimoda,Полотенце махровое банное - набор 6 шт,8IoFD6zHF9nVy2l5y5EB,5,2026-09-19 07:21:25,,,,"Фиолетовый, сиреневый, фиалковый, аметистовый, сине-фиолетовый · 70х130 см, 50х80 см, 30х60 см",0,2,,,,2026-09-21T14:15:25+03:00
wildberries,228694961,114817958,Modjimoda,Полотенце махровое банное - набор 6 шт,d0n2z3tcVJ1EYZeQMsix,4,2026-09-19 07:17:19,Класс.,,,"Фиолетовый, сиреневый, фиалковый, аметистовый, сине-фиолетовый · 70х130 см, 50х80 см, 30х60 см",0,0,,,,2026-09-21T14:15:25+03:00
wildberries,228694961,114817958,Modjimoda,Полотенце махровое банное - набор 6 шт,g9SBdiBepSB1WIZksKN9,5,2026-09-19 07:16:38,,,,"Фиолетовый, сиреневый, фиалковый, аметистовый, сине-фиолетовый · 70х130 см, 50х80 см, 30х60 см",0,0,,,,2026-09-21T14:15:25+03:00
wildberries,228694961,114817958,Modjimoda,Полотенце махровое банное - набор 6 шт,tGvXKPmwri7Ir4pwgmwl,5,2026-09-19 07:13:45,Качественный пошив и материал. Спасибо.,,,"Фиолетовый, сиреневый, фиалковый, аметистовый, сине-фиолетовый · 70х130 см, 50х80 см, 30х60 см",0,0,,,,2026-09-21T14:15:25+03:00
wildberries,228694961,114817958,Modjimoda,Полотенце махровое банное - набор 6 шт,jNRYA7aihqkqjeS5G9tm,4,2026-09-19 07:03:16,Тонковаты,,,фиолетовый,,0,,,,2026-09-21T14:15:25+03:00
wildberries,228694961,114817958,Modjimoda,Полотенце махровое банное - набор 6 шт,NM229xxJdRmYjcINovf1,5,2026-09-19 07:01:45,"Качественные, хорошо впитывающие влагу полотенцы",,,"Изумрудный, бежевый · 30х60 см, 50х80 см, 70х130 см",0,0,,,,2026-09-21T14:15:25+03:00
wildberries,228694961,114817958,Modjimoda,Полотенце махровое банное - набор 6 шт,u0YRRtSphVsey2KuUgC9,4,2026-09-19 06:55:48,"Полотенца хорошие,яркие, при стирке не полиняли, но тоненькие",,,"Фиолетовый, сиреневый, фиалковый, аметистовый, сине-фиолетовый · 70х130 см, 50х80 см, 30х60 см",0,0,,,,2026-09-21T14:15:25+03:00
wildberries,228694961,114817958,Modjimoda,Полотенце махровое банное - набор 6 шт,Kp43xcOjdZxSRNomSNnK,1,2026-09-19 06:49:23,Кто вообще на такой отвратительный товар ставит оценку 5 🫤 ужасное качество.,,,"Изумрудный, бежевый · 30х60 см, 50х80 см, 70х130 см",0,1,,,,2026-09-21T14:15:25+03:00
wildberries,228694961,114817958,Modjimoda,Полотенце махровое банное - набор 6 шт,sJVbIWNsnGkBoxTHMlCI,3,2026-09-19 05:58:35,,,,"Фиолетовый, сиреневый, фиалковый, аметистовый, сине-фиолетовый · 70х130 см, 50х80 см, 30х60 см",0,0,,,,2026-09-21T14:15:25+03:00
wildberries,228694961,114817958,Modjimoda,Полотенце махровое банное - набор 6 шт,waZtMdhsN3I9L3AeGa1F,5,2026-09-19 05:30:15,,,,фиолетовый,,0,,,,2026-09-21T14:15:25+03:00
wildberries,228694961,114817958,Modjimoda,Полотенце махровое банное - набор 6 шт,DaZG2J9ybgbRs2qoWOpU,5,2026-09-19 05:30:04,,,,бежевый,,0,,,,2026-09-21T14:15:25+03:00
wildberries,228694961,114817958,Modjimoda,Полотенце махровое банное - набор 6 шт,usSG6SCEdLENzxaS3sHL,2,2026-09-19 05:18:00,,Пришли во время,Жёсткие,"Серый, черный · 30х60 см, 50х80 см, 70х130 см",0,0,,,,2026-09-21T14:15:25+03:00
wildberries,228694961,114817958,Modjimoda,Полотенце махровое банное - набор 6 шт,ziyYoJcQ32TAVsvK0NmT,5,2026-09-19 05:13:17,,,,"Изумрудный, бежевый · 30х60 см, 50х80 см, 70х130 см",0,0,,,,2026-09-21T14:15:25+03:00
wildberries,228694961,114817958,Modjimoda,Полотенце махровое банное - набор 6 шт,MN56g0jAxWjvSTTRuHGO,2,2026-09-19 05:04:12,Очень тонкий. Одидал другое. И воду не впитивает,,,бежевый,,0,,,,2026-09-21T14:15:25+03:00
wildberries,228694961,114817958,Modjimoda,Полотенце махровое банное - набор 6 шт,a2g6sz3BK8XLlDvZPZB3,3,2026-09-19 04:56:15,Тонкие но вытирают норм,,,"Серый, черный · 30х60 см, 50х80 см, 70х130 см",0,0,,,,2026-09-21T14:15:25+03:00
wildberries,228694961,114817958,Modjimoda,Полотенце махровое банное - набор 6 шт,FNQXslvVMmrUvedWCVMT,4,2026-09-19 04:32:35,"Тонкое очень, но за такую  цену пойдет",,,"Фиолетовый, сиреневый, фиалковый, аметистовый, сине-фиолетовый · 70х130 см, 50х80 см, 30х60 см",0,0,,,,2026-09-21T14:15:25+03:00
wildberries,228694961,114817958,Modjimoda,Полотенце махровое банное - набор 6 шт,WQNh6yYlUqwVXWc051QF,3,2026-09-19 04:07:20,,,,"Изумрудный, бежевый · 30х60 см, 50х80 см, 70х130 см",0,0,,,,2026-09-21T14:15:25+03:00
wildberries,228694961,114817958,Modjimoda,Полотенце махровое банное - набор 6 шт,J5A2Fueh2IzPsLuCBijv,5,2026-09-19 03:43:36,"Хорошие полотенца за свои деньги!!, а кто пишет тонковаты, тогда и ценник будет совсем другой, чудес не бывает!!! Нормальные полотенца! Покупала для поездки , очень-очень",,,"Фиолетовый, сиреневый, фиалковый, аметистовый, сине-фиолетовый · 70х130 см, 50х80 см, 30х60 см",0,0,,,,2026-09-21T14:15:25+03:00
wildberries,228694961,114817958,Modjimoda,Полотенце махровое банное - набор 6 шт,qCR8KbPPGrepn8S9oYuV,4,2026-09-19 03:08:42,Хотелось больше пушистости в полотенце. Ворса нет.,,,"Лавандово-розовый, серо-голубой · 50х80 см, 70х130 см",0,0,,,,2026-09-21T14:15:25+03:00
wildberries,228694961,114817958,Modjimoda,Полотенце махровое банное - набор 6 шт,IrgRtOjHUiHfhbmFvOst,5,2026-09-19 02:34:18,,,,"Фиолетовый, сиреневый, фиалковый, аметистовый, сине-фиолетовый · 70х130 см, 50х80 см, 30х60 см",0,0,,,,2026-09-21T14:15:25+03:00
wildberries,228694961,114817958,Modjimoda,Полотенце махровое банное - набор 6 шт,sVsqmNCupr47QMAAuNx7,5,2026-09-19 02:06:58,,,,"Изумрудный, бежевый · 30х60 см, 50х80 см, 70х130 см",0,0,,,,2026-09-21T14:15:25+03:00
wildberries,228694961,114817958,Modjimoda,Полотенце махровое банное - набор 6 шт,daopoNJN5KGnB5zw3byz,5,2026-09-19 02:02:18,Качество отличное 👍. Ещё закажу,,,"Изумрудный, бежевый · 30х60 см, 50х80 см, 70х130 см",0,0,,,,2026-09-21T14:15:25+03:00
wildberries,228694961,114817958,Modjimoda,Полотенце махровое банное - набор 6 шт,iU4n5oZxk2j0fNL9NJkF,5,2026-09-19 01:52:08,Качество хорошое спасибо продавцу,,,"Фиолетовый, сиреневый, фиалковый, аметистовый, сине-фиолетовый · 70х130 см, 50х80 см, 30х60 см",0,0,,,,2026-09-21T14:15:25+03:00
wildberries,228694961,114817958,Modjimoda,Полотенце махровое банное - набор 6 шт,tWoJ2MwypNK4QxRFriWA,5,2026-09-19 01:11:49,,,,"Фиолетовый, сиреневый, фиалковый, аметистовый, сине-фиолетовый · 70х130 см, 50х80 см, 30х60 см",0,0,,,,2026-09-21T14:15:25+03:00
wildberries,228694961,114817958,Modjimoda,Полотенце махровое банное - набор 6 шт,WRUb69KJWF08S40jWtHJ,1,2026-09-19 00:21:26,Отвратительное качество! Ворсинки остаются на теле! Хоть и стиралки уже много раз !!!,,,серый,,0,,,,2026-09-21T14:15:25+03:00
wildberries,228694961,114817958,Modjimoda,Полотенце махровое банное - набор 6 шт,MnAA98tYD7HGt9XyjheS,4,2026-09-18 23:58:12,Тонкие,,,"Изумрудный, бежевый · 30х60 см, 50х80 см, 70х130 см",0,0,,,,2026-09-21T14:15:25+03:00
wildberries,228694961,114817958,Modjimoda,Полотенце махровое банное - набор 6 шт,oiSVh9HGgPOLN4OJnTBs,3,2026-09-18 23:36:59,Полотенца не понравились. Плохо впитывают воду.,,,"Изумрудный, бежевый · 30х60 см, 50х80 см, 70х130 см",0,0,,,,2026-09-21T14:15:25+03:00
wildberries,228694961,114817958,Modjimoda,Полотенце махровое банное - набор 6 шт,hLgcdfrvvPWXU3It5OUs,5,2026-09-18 22:38:49,"Думала будут мягче,но за это цену пойдёте",,,"Черный · 30х60 см, 50х80 см, 70х130 см",0,0,,,,2026-09-21T14:15:25+03:00
wildberries,228694961,114817958,Modjimoda,Полотенце махровое банное - набор 6 шт,mpGsOifQPQk5aZjSTszz,3,2026-09-18 19:19:50,,,,"Изумрудный, бежевый · 30х60 см, 50х80 см, 70х130 см",0,0,,,,2026-09-21T14:15:25+03:00
wildberries,228694961,114817958,Modjimoda,Полотенце махровое банное - набор 6 шт,KphDuZ0TDPpiXVZrRdSH,4,2026-09-18 19:17:17,,,,"Фиолетовый, сиреневый, фиалковый, аметистовый, сине-фиолетовый · 70х130 см, 50х80 см, 30х60 см",0,0,,,,2026-09-21T14:15:25+03:00
wildberries,228694961,114817958,Modjimoda,Полотенце махровое банное - набор 6 шт,L3i7AIJLulKI570PMRyn,5,2026-09-18 19:00:31,,,,"Фиолетовый, сиреневый, фиалковый, аметистовый, сине-фиолетовый · 70х130 см, 50х80 см, 30х60 см",0,0,,,,2026-09-21T14:15:25+03:00
wildberries,228694961,114817958,Modjimoda,Полотенце махровое банное - набор 6 шт,vFa8qvBySBRyxzKt4yMZ,5,2026-09-18 18:52:50,,,,"Изумрудный, бежевый · 30х60 см, 50х80 см, 70х130 см",0,0,,,,2026-09-21T14:15:25+03:00
wildberries,228694961,114817958,Modjimoda,Полотенце махровое банное - набор 6 шт,gQWY6z76BUJ4Xao9Q5we,3,2026-09-18 18:51:42,"Не впитывает, а растирает. Жесткое полотенце",,,бежевый,,0,,,,2026-09-21T14:15:25+03:00
wildberries,228694961,114817958,Modjimoda,Полотенце махровое банное - набор 6 шт,TMqKBsYlUNEZoWPVhH6O,5,2026-09-18 18:40:49,,,,серый,0,0,,,,2026-09-21T14:15:25+03:00
wildberries,228694961,114817958,Modjimoda,Полотенце махровое банное - набор 6 шт,PAoIiBf4kBGbx7mg9ck4,4,2026-09-18 18:39:43,,,,бежевый,,0,,,,2026-09-21T14:15:25+03:00
wildberries,228694961,114817958,Modjimoda,Полотенце махровое банное - набор 6 шт,nsiWDgozAAoHqwKtG84s,5,2026-09-18 18:38:38,,,,бежевый,0,0,,,,2026-09-21T14:15:25+03:00
wildberries,228694961,114817958,Modjimoda,Полотенце махровое банное - набор 6 шт,IcLoEUwUx7VdiyMDZkXi,4,2026-09-18 18:24:51,"Повелась на хвалебные отзывы. Полотенца тонкие,",,,"Фиолетовый, сиреневый, фиалковый, аметистовый, сине-фиолетовый · 70х130 см, 50х80 см, 30х60 см",0,0,,,,2026-09-21T14:15:25+03:00
wildberries,228694961,114817958,Modjimoda,Полотенце махровое банное - набор 6 шт,WseGuFLJYuVQjJA9c6be,3,2026-09-18 17:38:00,,,,"Серый, черный · 30х60 см, 50х80 см, 70х130 см",0,0,,,,2026-09-21T14:15:25+03:00
wildberries,228694961,114817958,Modjimoda,Полотенце махровое банное - набор 6 шт,ZxqKzTnh5F4vJ72bscGQ,5,2026-09-18 17:34:36,,,,"Фиолетовый, сиреневый, фиалковый, аметистовый, сине-фиолетовый · 70х130 см, 50х80 см, 30х60 см",0,0,,,,2026-09-21T14:15:25+03:00
wildberries,228694961,114817958,Modjimoda,Полотенце махровое банное - набор 6 шт,KGZJQbIZN9YpcGzrDdcU,4,2026-09-18 17:32:16,Очень тонкие.,,,черный,,0,,,,2026-09-21T14:15:25+03:00
wildberries,228694961,114817958,Modjimoda,Полотенце махровое банное - набор 6 шт,tlRgslCp3YBVjsm2kJmp,5,2026-09-18 17:24:52,Качество хорошее,,,"Фиолетовый, сиреневый, фиалковый, аметистовый, сине-фиолетовый · 70х130 см, 50х80 см, 30х60 см",0,0,,,,2026-09-21T14:15:25+03:00
wildberries,228694961,114817958,Modjimoda,Полотенце махровое банное - набор 6 шт,Xc8lWGLUowLObvLIGljU,5,2026-09-18 17:24:33,,"Очень мягкое, чистое хб",,"Фиолетовый, сиреневый, фиалковый, аметистовый, сине-фиолетовый · 70х130 см, 50х80 см, 30х60 см",0,0,,,,2026-09-21T14:15:25+03:00
wildberries,228694961,114817958,Modjimoda,Полотенце махровое банное - набор 6 шт,2a60PQs1SCWL69Qe6zlZ,3,2026-09-18 16:52:12,"Товар не дали посмотреть сделали возврат. Персонал хамы, буду менять пункт выдачи",,,фиолетовый,,0,,,,2026-09-21T14:15:25+03:00
wildberries,228694961,114817958,Modjimoda,Полотенце махровое банное - набор 6 шт,X5zE6EAv7PTpousRTU2Q,3,2026-09-18 16:51:58,Ожидал более качественный товар.,,,фиолетовый,,0,,,,2026-09-21T14:15:25+03:00
wildberries,228694961,114817958,Modjimoda,Полотенце махровое банное - набор 6 шт,vgrNHcrz2Z5lntR0YmFW,4,2026-09-18 16:41:20,"Не чистый хлопок, чувствуется хорошая примесь синтетики, цвет не меняет. Впитывает не так хорошо, как чистый хлопок.",,,"Фиолетовый, сиреневый, фиалковый, аметистовый, сине-фиолетовый · 70х130 см, 50х80 см, 30х60 см",0,0,,,,2026-09-21T14:15:25+03:00
wildberries,228694961,114817958,Modjimoda,Полотенце махровое банное - набор 6 шт,0zpGFRGkIGtKC6f6FN1k,5,2026-09-18 16:40:50,,,,"Изумрудный, бежевый · 30х60 см, 50х80 см, 70х130 см",0,0,,,,2026-09-21T14:15:25+03:00
wildberries,228694961,114817958,Modjimoda,Полотенце махровое банное - набор 6 шт,3KeN91Rcao8c9FVmstzC,5,2026-09-18 16:40:28,"Мягкие, тонкие, прекрасно впитывает воду.",,,"Изумрудный, бежевый · 30х60 см, 50х80 см, 70х130 см",0,0,,,,2026-09-21T14:15:25+03:00
wildberries,228694961,114817958,Modjimoda,Полотенце махровое банное - набор 6 шт,eTTsAxARwVVL1SOack2Q,5,2026-09-18 16:35:38,,,,"Черный · 30х60 см, 50х80 см, 70х130 см",0,0,,,,2026-09-21T14:15:25+03:00
wildberries,228694961,114817958,Modjimoda,Полотенце махровое банное - набор 6 шт,dVfIWr99fREor5kIWpHJ,5,2026-09-18 16:33:06,,,,"Фиолетовый, сиреневый, фиалковый, аметистовый, сине-фиолетовый · 70х130 см, 50х80 см, 30х60 см",0,0,,,,2026-09-21T14:15:25+03:00
wildberries,228694961,114817958,Modjimoda,Полотенце махровое банное - набор 6 шт,AoaaJ2akXS63mvmfMzgE,5,2026-09-18 16:32:47,,,,"Фиолетовый, сиреневый, фиалковый, аметистовый, сине-фиолетовый · 70х130 см, 50х80 см, 30х60 см",0,0,,,,2026-09-21T14:15:25+03:00
wildberries,228694961,114817958,Modjimoda,Полотенце махровое банное - набор 6 шт,nc4v7AwuXPjL98H6Bb8x,5,2026-09-18 16:32:39,,,,"Черный · 30х60 см, 50х80 см, 70х130 см",0,0,,,,2026-09-21T14:15:25+03:00
wildberries,228694961,114817958,Modjimoda,Полотенце махровое банное - набор 6 шт,BGRSs1Q1mInL3mmGn2tI,5,2026-09-18 16:30:11,Цена при получении не соответствует цене при заказе Во время  пути товар дорожает,,,"Изумрудный, бежевый · 30х60 см, 50х80 см, 70х130 см",0,0,,,,2026-09-21T14:15:25+03:00
wildberries,228694961,114817958,Modjimoda,Полотенце махровое банное - набор 6 шт,Sa55vHZ6akjELckrth3N,5,2026-09-18 15:08:45,,,,"Фиолетовый, сиреневый, фиалковый, аметистовый, сине-фиолетовый · 70х130 см, 50х80 см, 30х60 см",0,0,,,,2026-09-21T14:15:25+03:00
wildberries,228694961,114817958,Modjimoda,Полотенце махровое банное - набор 6 шт,muoq859w9m3xdNvuJ4PW,5,2026-09-18 15:08:41,,,,"Черный · 30х60 см, 50х80 см, 70х130 см",0,0,,,,2026-09-21T14:15:25+03:00
wildberries,228694961,114817958,Modjimoda,Полотенце махровое банное - набор 6 шт,0f6iJifot0gzqMvpXEcl,4,2026-09-18 15:07:44,"Купила на подарок, тонковаты по плотности.",,,фиолетовый,,0,,,,2026-09-21T14:15:25+03:00
wildberries,228694961,114817958,Modjimoda,Полотенце махровое банное - набор 6 шт,5mWFL78keg0HNZFH4opj,3,2026-09-18 15:07:37,"Все хорошо, только очень тонкие. Кто ожидает махровое Банное полотенце-это не сюда.",,,"Серый, черный · 30х60 см, 50х80 см, 70х130 см",0,1,,,,2026-09-21T14:15:25+03:00
wildberries,228694961,114817958,Modjimoda,Полотенце махровое банное - набор 6 шт,BzDZj8PFzmaU1BXjIILw,5,2026-09-18 14:32:02,Прекрасный подарок для мамы. Спасибо!,,,"Изумрудный, бежевый · 30х60 см, 50х80 см, 70х130 см",0,0,,,,2026-09-21T14:15:25+03:00
wildberries,228694961,114817958,Modjimoda,Полотенце махровое банное - набор 6 шт,CCAT9k5PdkNox9Mpt0Rv,5,2026-09-18 14:22:12,,,,"Фиолетовый, сиреневый, фиалковый, аметистовый, сине-фиолетовый · 70х130 см, 50х80 см, 30х60 см",0,0,,,,2026-09-21T14:15:25+03:00
wildberries,228694961,114817958,Modjimoda,Полотенце махровое банное - набор 6 шт,t3Bvv3o0RWSkwAVWmDkE,5,2026-09-18 13:54:18,"Среднее качество,соответствует цене",,,"Изумрудный, бежевый · 30х60 см, 50х80 см, 70х130 см",0,0,,,,2026-09-21T14:15:25+03:00
wildberries,228694961,114817958,Modjimoda,Полотенце махровое банное - набор 6 шт,UprjiCrqW9j0KPc67skp,5,2026-09-18 13:05:44,,"Отличное полотенце: размер в точности как обещали, качество на высоте. Пользуемся с большим удовольствием!",,серый,0,0,,,,2026-09-21T14:15:25+03:00
wildberries,228694961,114817958,Modjimoda,Полотенце махровое банное - набор 6 шт,bZjQXh1ARoSrzClz02RR,5,2026-09-18 12:45:08,"Полотенце в колличестве 3 штук Пришло очень быстро, качество хорошее, состав х/б, единственное что тонковаты",,,"Фиолетовый, сиреневый, фиалковый, аметистовый, сине-фиолетовый · 70х130 см, 50х80 см, 30х60 см",0,0,,,,2026-09-21T14:15:25+03:00
wildberries,228694961,114817958,Modjimoda,Полотенце махровое банное - набор 6 шт,MmltWOXgxXgOPg5EKgAx,4,2026-09-18 12:25:13,,,,"Изумрудный, бежевый · 30х60 см, 50х80 см, 70х130 см",0,0,,,,2026-09-21T14:15:25+03:00
wildberries,228694961,114817958,Modjimoda,Полотенце махровое банное - набор 6 шт,Udt3wgAO480uB0QCz2KY,3,2026-09-18 12:23:02,,,"Тоненькие, наощупь не очень",черный,,0,,,,2026-09-21T14:15:25+03:00
wildberries,228694961,114817958,Modjimoda,Полотенце махровое банное - набор 6 шт,mEnVM1KvG3QaoYi0HzMj,4,2026-09-18 12:12:04,Хороший хлопок но очень тонкие.,,,"Фиолетовый, сиреневый, фиалковый, аметистовый, сине-фиолетовый · 70х130 см, 50х80 см, 30х60 см",0,0,,,,2026-09-21T14:15:25+03:00
wildberries,228694961,114817958,Modjimoda,Полотенце махровое банное - набор 6 шт,1w26gfbBWc4RuRcN0EGI,5,2026-09-18 11:48:33,Оставляет катушки на теле(,,,"Изумрудный, бежевый · 30х60 см, 50х80 см, 70х130 см",0,0,,,,2026-09-21T14:15:25+03:00
wildberries,228694961,114817958,Modjimoda,Полотенце махровое банное - набор 6 шт,crztQOQ3fVDdzkoQMqYG,2,2026-09-18 11:44:20,"Качество так себе ,  так моло того вместо 6 полотенец пришло 5 , одного полотенца нет .",,,"Изумрудный, бежевый · 30х60 см, 50х80 см, 70х130 см",0,0,,,,2026-09-21T14:15:25+03:00
wildberries,228694961,114817958,Modjimoda,Полотенце махровое банное - набор 6 шт,pXUgLgGguHS3HqaBWfDe,5,2026-09-18 11:31:35,Набор очень хороший и цвет и качество! Упаковка вся целая. Спасибо,,,бежевый,,0,,,,2026-09-21T14:15:25+03:00
wildberries,228694961,114817958,Modjimoda,Полотенце махровое банное - набор 6 шт,7NeAIJo7HoXgyNQ33zTN,4,2026-09-18 11:23:06,,,,"Фиолетовый, сиреневый, фиалковый, аметистовый, сине-фиолетовый · 70х130 см, 50х80 см, 30х60 см",0,0,,,,2026-09-21T14:15:25+03:00
wildberries,228694961,114817958,Modjimoda,Полотенце махровое банное - набор 6 шт,skq0WBHoRsfdn82K3DVu,5,2026-09-18 11:10:13,"Конечно, ну очень тонкие.",,,"Фиолетовый, сиреневый, фиалковый, аметистовый, сине-фиолетовый · 70х130 см, 50х80 см, 30х60 см",0,0,,,,2026-09-21T14:15:25+03:00
wildberries,228694961,114817958,Modjimoda,Полотенце махровое банное - набор 6 шт,Nci3sYeBTWogstMLW4KW,5,2026-09-18 10:40:02,,,,"Фиолетовый, сиреневый, фиалковый, аметистовый, сине-фиолетовый · 70х130 см, 50х80 см, 30х60 см",0,0,,,,2026-09-21T14:15:25+03:00
wildberries,228694961,114817958,Modjimoda,Полотенце махровое банное - набор 6 шт,YX2CqFVfbzlhrwrbNhlK,5,2026-09-18 10:24:51,,,,фиолетовый,,0,,,,2026-09-21T14:15:25+03:00
wildberries,228694961,114817958,Modjimoda,Полотенце махровое банное - набор 6 шт,4Q5rNOVivGi6uZLOzlPi,4,2026-09-18 10:14:42,"Тонюсенькие ужасно... И на одном бирюзовом полотенце брак, вытянуты нити прямо по середине. Так себе покупка...",,,"Изумрудный, бежевый · 30х60 см, 50х80 см, 70х130 см",0,0,,,,2026-09-21T14:15:25+03:00
wildberries,228694961,114817958,Modjimoda,Полотенце махровое банное - набор 6 шт,n2LH6MlTTfdITORAnavz,5,2026-09-18 10:14:28,,Соотношение цена-качество 100% Довольно тонкие хлопковые полотенца Покупкой довольна,,"Серый, черный · 30х60 см, 50х80 см, 70х130 см",0,0,,,,2026-09-21T14:15:25+03:00
wildberries,228694961,114817958,Modjimoda,Полотенце махровое банное - набор 6 шт,DR4w48rwH0onbAIkTU6X,5,2026-09-18 10:12:02,"Положении просто супер , мягкие , ровные швы  цвет просто ураган , постирала сразу , все супер. СПАСИБО , ЗАКАЖУ ЕЩЕ",,,"Фиолетовый, сиреневый, фиалковый, аметистовый, сине-фиолетовый · 70х130 см, 50х80 см, 30х60 см",0,0,,,,2026-09-21T14:15:25+03:00
wildberries,228694961,114817958,Modjimoda,Полотенце махровое банное - набор 6 шт,lhoccZObpfQQkA3MNGrq,4,2026-09-18 09:26:41,"Хорошие, только тонкие очень",,,"Фиолетовый, сиреневый, фиалковый, аметистовый, сине-фиолетовый · 70х130 см, 50х80 см, 30х60 см",0,0,,,,2026-09-21T14:15:25+03:00
wildberries,228694961,114817958,Modjimoda,Полотенце махровое банное - набор 6 шт,ObKDHe7x8pl3tThuNnnN,5,2026-09-18 09:20:28,На работу пойдёт  даже  очень хорошо,,,"Фиолетовый, сиреневый, фиалковый, аметистовый, сине-фиолетовый · 70х130 см, 50х80 см, 30х60 см",0,0,,,,2026-09-21T14:15:25+03:00
wildberries,228694961,114817958,Modjimoda,Полотенце махровое банное - набор 6 шт,6zX7PIMMa3jFX5s9bHf1,4,2026-09-18 09:17:23,"Не дорого, приятное по дизайну, но впитывание воды между 3-4 .",,,"Изумрудный, бежевый · 30х60 см, 50х80 см, 70х130 см",0,0,,,,2026-09-21T14:15:25+03:00
wildberries,228694961,114817958,Modjimoda,Полотенце махровое банное - набор 6 шт,14iZAZ7gQxl3A2JKBaVv,1,2026-09-18 09:16:49,"Настолько тонкие и кривые, что выглядит как тряпка для уборки.",,,голубой,,0,,,,2026-09-21T14:15:25+03:00
wildberries,228694961,114817958,Modjimoda,Полотенце махровое банное - набор 6 шт,c8wLWEqMzSb5xKzYWjvi,1,2026-09-18 09:15:54,,Качество полотенец.,"Заказывали вместе с подругой. Ей пришёл товар раньше. Во время стирки полотенца пустили   цвет краски. Всё бы ничего, но она начала вытираться после ванны и почему-то руки были зелёные. Честно? Отказалась только из-за этого.","Изумрудный, бежевый · 30х60 см, 50х80 см, 70х130 см",0,1,,,,2026-09-21T14:15:25+03:00
wildberries,228694961,114817958,Modjimoda,Полотенце махровое банное - набор 6 шт,sxEOjN9bimimgyCmQlFx,5,2026-09-18 08:59:10,Хорошего качества полотенца,,,"Изумрудный, бежевый · 30х60 см, 50х80 см, 70х130 см",0,0,,,,2026-09-21T14:15:25+03:00
wildberries,228694961,114817958,Modjimoda,Полотенце махровое банное - набор 6 шт,5eDZ6FV0RiRfKYnQY31p,1,2026-09-18 08:52:28,"Линяет ,уже стирала ,после вытирание полотенцем,лицо и цело в крапинку от полотенца",,,черный,,0,,,,2026-09-21T14:15:25+03:00
wildberries,228694961,114817958,Modjimoda,Полотенце махровое банное - набор 6 шт,J0p1y9iKpjpvPwQ0PiUM,2,2026-09-18 08:47:34,"Кто то писал не тоненькие, очень даже тоненькие для рук и посуды в самый раз, но не для тела. После стирки линяют.  Люди пишите как есть, зачем вы путаете людей. А продавцу совет не нужно брать на душу грех люди покупают в интернете надеясь сэкономить хотя бы какую то копеечку. Пишите о своём товаре что да линяют, что да тонковаты поэтому и со скидкой. Знала бы- не взяла.",,,"Изумрудный, бежевый · 30х60 см, 50х80 см, 70х130 см",0,0,,,,2026-09-21T14:15:25+03:00
wildberries,228694961,114817958,Modjimoda,Полотенце махровое банное - набор 6 шт,o0zucVVuslXc73QezhV4,5,2026-09-18 08:16:16,"Здравствуйте. Отличный набор по качеству и цене. Цвет как на фото, впитыват хорошо, приятны к телу. Благодарю.",,,"Фиолетовый, сиреневый, фиалковый, аметистовый, сине-фиолетовый · 70х130 см, 50х80 см, 30х60 см",0,0,,,,2026-09-21T14:15:25+03:00
wildberries,228694961,114817958,Modjimoda,Полотенце махровое банное - набор 6 шт,yZVEeufWyrgYaKOIW7KY,5,2026-09-18 08:02:22,Очень хорошие полотенца,,,"Фиолетовый, сиреневый, фиалковый, аметистовый, сине-фиолетовый · 70х130 см, 50х80 см, 30х60 см",0,0,,,,2026-09-21T14:15:25+03:00
wildberries,228694961,114817958,Modjimoda,Полотенце махровое банное - набор 6 шт,ZOCclYnWn2O39fNsKVAZ,3,2026-09-18 07:59:16,"Очень тонкие и невпитывающие полотенца! В принц ире за что заплатили, то и получили🙈",,,фиолетовый,,1,,,,2026-09-21T14:15:25+03:00
wildberries,228694961,114817958,Modjimoda,Полотенце махровое банное - набор 6 шт,ATqyUpoCNPnyhcmgv6Xi,5,2026-09-18 07:54:05,,,,"Фиолетовый, сиреневый, фиалковый, аметистовый, сине-фиолетовый · 70х130 см, 50х80 см, 30х60 см",0,0,,,,2026-09-21T14:15:25+03:00
wildberries,228694961,114817958,Modjimoda,Полотенце махровое банное - набор 6 шт,89OnPp0fIlSCTXckNWAC,5,2026-09-18 07:47:33,"Прекрасный набор,за такие деньги!Мягкие,красивые,на все случаи жизни.",,,"Фиолетовый, сиреневый, фиалковый, аметистовый, сине-фиолетовый · 70х130 см, 50х80 см, 30х60 см",0,0,,,,2026-09-21T14:15:25+03:00
wildberries,228694961,114817958,Modjimoda,Полотенце махровое банное - набор 6 шт,Vz7eIS1j2TkvqjccA1rm,5,2026-09-18 07:45:50,,,,"Изумрудный, бежевый · 30х60 см, 50х80 см, 70х130 см",0,0,,,,2026-09-21T14:15:25+03:00
wildberries,228694961,114817958,Modjimoda,Полотенце махровое банное - набор 6 шт,3WS1hMQEZKpXUabswAhs,5,2026-09-18 07:35:51,,,,"Изумрудный, бежевый · 30х60 см, 50х80 см, 70х130 см",0,0,,,,2026-09-21T14:15:25+03:00
wildberries,228694961,114817958,Modjimoda,Полотенце махровое банное - набор 6 шт,1f4F00iRCr3oespY3ATt,5,2026-09-18 07:31:57,,,,"Изумрудный, бежевый · 30х60 см, 50х80 см, 70х130 см",0,0,,,,2026-09-21T14:15:25+03:00
wildberries,228694961,114817958,Modjimoda,Полотенце махровое банное - набор 6 шт,yLnD6adiKTspOV74eDRh,4,2026-09-18 06:44:29,"Тонковаты , а так хорошие , не линяют, после получения стирала все 6 вместе , думала линять будут изумрудные -но нет , все отлично",,,"Изумрудный, бежевый · 30х60 см, 50х80 см, 70х130 см",0,0,,,,2026-09-21T14:15:25+03:00
wildberries,228694961,114817958,Modjimoda,Полотенце махровое банное - набор 6 шт,NIJUbQwGs4hFeug4s0Be,3,2026-09-18 06:28:27,,,,"Изумрудный, бежевый · 30х60 см, 50х80 см, 70х130 см",0,0,,,,2026-09-21T14:15:25+03:00
wildberries,228694961,114817958,Modjimoda,Полотенце махровое банное - набор 6 шт,CoCAp4QO3aRo0FKaQbpo,5,2026-09-18 06:21:47,"Ну, качество, конечно, отличается. Ну, полотенчики хорошие. На каждый день пользоваться очень даже неплохо тоненькие, хорошо впитывают. Я осталась в принципе довольна и цена и качество.",,,"Фиолетовый, сиреневый, фиалковый, аметистовый, сине-фиолетовый · 70х130 см, 50х80 см, 30х60 см",0,0,,,,2026-09-21T14:15:25+03:00
wildberries,228694961,114817958,Modjimoda,Полотенце махровое банное - набор 6 шт,igV3Mr5c8h4IiRKopedh,3,2026-09-18 06:18:23,,,,фиолетовый,,1,,,,2026-09-21T14:15:25+03:00
wildberries,228694961,114817958,Modjimoda,Полотенце махровое банное - набор 6 шт,hHNKY5QJ27nVsmYFcGLr,5,2026-09-18 05:57:29,,,,"Фиолетовый, сиреневый, фиалковый, аметистовый, сине-фиолетовый · 70х130 см, 50х80 см, 30х60 см",0,0,,,,2026-09-21T14:15:25+03:00
wildberries,228694961,114817958,Modjimoda,Полотенце махровое банное - набор 6 шт,8s2qWiqjNMYjKkSvZV7I,5,2026-09-18 05:44:34,Хорошие полотенца,,,"Изумрудный, бежевый · 30х60 см, 50х80 см, 70х130 см",0,0,,,,2026-09-21T14:15:25+03:00
wildberries,228694961,114817958,Modjimoda,Полотенце махровое банное - набор 6 шт,o0ERbtmC4aAF6l89Mrr7,5,2026-09-18 05:32:16,😁,,,"Фиолетовый, сиреневый, фиалковый, аметистовый, сине-фиолетовый · 70х130 см, 50х80 см, 30х60 см",0,0,,,,2026-09-21T14:15:25+03:00
wildberries,228694961,114817958,Modjimoda,Полотенце махровое банное - набор 6 шт,GlABAmcB8fhstVjU53jZ,5,2026-09-18 05:27:21,,,,"Изумрудный, бежевый · 30х60 см, 50х80 см, 70х130 см",0,0,,,,2026-09-21T14:15:25+03:00
wildberries,559125882,1941869134,Diana Store,Набор полотенец для ванной 50х80 и 70х130,duAuiv1uf8HBhisR8KnL,5,2026-09-21 05:12:50,"Хорошие, качество отменное, рекомендуется к покупке",,,"Голубой, серый · 50х80 см, 70х130 см",0,0,,,,2026-09-21T14:15:25+03:00
wildberries,559125882,1941869134,Diana Store,Набор полотенец для ванной 50х80 и 70х130,z8tgPjiUJRLrfh8fUvdW,5,2026-09-21 00:39:58,Хорошие мягкие полотенца! 👍 Рекомендую!,,,"Серый, графит · 30х50 см, 50х90 см, 70х140 см",0,0,,,,2026-09-21T14:15:25+03:00
wildberries,559125882,1941869134,Diana Store,Набор полотенец для ванной 50х80 и 70х130,FN1Q23gCFdUcOUg5lODz,5,2026-09-20 18:55:24,после стирки дополню,,,бежевый,0,0,,,,2026-09-21T14:15:25+03:00
wildberries,559125882,1941869134,Diana Store,Набор полотенец для ванной 50х80 и 70х130,pSjtw1lbRckU92T3HdlK,5,2026-09-20 17:18:10,,,,"Розовый · 30х50 см, 50х90 см, 70х140 см",0,0,,,,2026-09-21T14:15:25+03:00
wildberries,559125882,1941869134,Diana Store,Набор полотенец для ванной 50х80 и 70х130,9mxOlTZp0CUwidqL1CHr,5,2026-09-20 14:08:03,,Офигенный цвет!!! Как на фото,,"Зеленый, голубой · 30х50 см, 50х90 см, 70х140 см",0,0,,,,2026-09-21T14:15:25+03:00
wildberries,559125882,1941869134,Diana Store,Набор полотенец для ванной 50х80 и 70х130,jGyIQlbbbODTSOQeZp9a,5,2026-09-20 13:57:41,,,,"Голубой, серый · 50х80 см, 70х130 см",0,0,,,,2026-09-21T14:15:25+03:00
wildberries,559125882,1941869134,Diana Store,Набор полотенец для ванной 50х80 и 70х130,BDCw0xh12wLpLkTmMQe5,5,2026-09-20 12:44:56,"Думаю, что это удачное приобретение. Не толстое, но и не промокашка. То что надо!",,,"Белый · 30х50 см, 50х90 см, 70х140 см",0,0,,,,2026-09-21T14:15:25+03:00
wildberries,559125882,1941869134,Diana Store,Набор полотенец для ванной 50х80 и 70х130,t9Q8uaKOenyp75WTEszC,5,2026-09-20 10:07:47,"Очень мягкое и хорошо впитывает влагу, советую приобрести",,,"Бежевый, кремовый · 30х50 см, 50х90 см, 70х140 см",0,0,,,,2026-09-21T14:15:25+03:00
wildberries,559125882,1941869134,Diana Store,Набор полотенец для ванной 50х80 и 70х130,V1rkXuienb1FGFPtxE0o,5,2026-09-19 10:40:35,,,,"Бежевый, кремовый · 30х50 см, 50х90 см, 70х140 см",0,0,,,,2026-09-21T14:15:25+03:00
wildberries,559125882,1941869134,Diana Store,Набор полотенец для ванной 50х80 и 70х130,gHnPYYhtkgSqjWM08bnS,5,2026-09-20 09:52:52,"Отличные, купила на подарок, упаковка ужас,",,,"Черный · 30х50 см, 50х90 см, 70х140 см",0,0,,,,2026-09-21T14:15:25+03:00
wildberries,559125882,1941869134,Diana Store,Набор полотенец для ванной 50х80 и 70х130,YlXOls28LZsWhocAGXOy,5,2026-09-20 08:05:22,,,,красный,,0,,,,2026-09-21T14:15:25+03:00
wildberries,559125882,1941869134,Diana Store,Набор полотенец для ванной 50х80 и 70х130,9g5QanhDZptPidKOsxhr,5,2026-09-20 08:05:05,,,,бежевый,,0,,,,2026-09-21T14:15:25+03:00
wildberries,559125882,1941869134,Diana Store,Набор полотенец для ванной 50х80 и 70х130,0uErVpuZbAiEOsNkVF5v,5,2026-09-20 07:52:20,,,,"Зеленый, голубой · 30х50 см, 50х90 см, 70х140 см",0,0,,,,2026-09-21T14:15:25+03:00
wildberries,559125882,1941869134,Diana Store,Набор полотенец для ванной 50х80 и 70х130,57Kbm6UKlUjHJSbOu10R,3,2026-09-20 07:26:14,Пришли все грязные в пятнах. Очень тонкие,,,"Бежевый, кремовый · 30х50 см, 50х90 см, 70х140 см",0,0,,,,2026-09-21T14:15:25+03:00
wildberries,559125882,1941869134,Diana Store,Набор полотенец для ванной 50х80 и 70х130,XTXl0NLI3UKmkBaqSdWR,5,2026-09-20 06:49:03,От души рекомендую,,,розовый,,0,,,,2026-09-21T14:15:25+03:00
wildberries,559125882,1941869134,Diana Store,Набор полотенец для ванной 50х80 и 70х130,aCshfatyWFcVD3U4WRe8,5,2026-09-20 05:20:02,,,,"Розовый · 30х50 см, 50х90 см, 70х140 см",0,0,,,,2026-09-21T14:15:25+03:00
wildberries,559125882,1941869134,Diana Store,Набор полотенец для ванной 50х80 и 70х130,iLKzmEujMlp8ia4W2pDg,3,2026-09-20 03:49:29,После первой стирки стало распускаться по ниткам,,,"Фиолетовый, бордовый · 30х50 см, 50х90 см, 70х140 см",0,0,,,,2026-09-21T14:15:25+03:00
wildberries,559125882,1941869134,Diana Store,Набор полотенец для ванной 50х80 и 70х130,6oZLMDEsSWbDgcOob21D,3,2026-09-19 22:32:54,,,,синий,,0,,,,2026-09-21T14:15:25+03:00
wildberries,559125882,1941869134,Diana Store,Набор полотенец для ванной 50х80 и 70х130,puPyZv0IhgkndutAgRnj,5,2026-09-19 16:18:10,Удобный Набор Полотенец. Цвет и Качество Очень Приятные.,"Понравилось Пришли Раньше. Красивые,Мягкие. Спасибо Большое. Качественная Строчка.",Всё Хорошо.,"Фиолетовый, сиреневый · 30х50 см, 50х90 см, 70х140 см",0,0,,,,2026-09-21T14:15:25+03:00
wildberries,559125882,1941869134,Diana Store,Набор полотенец для ванной 50х80 и 70х130,kxvptp9XuNedwz8n7RMG,5,2026-09-19 14:44:17,"Яркие, красивые полотенца",,,"Розовый · 30х50 см, 50х90 см, 70х140 см",0,0,,,,2026-09-21T14:15:25+03:00
wildberries,559125882,1941869134,Diana Store,Набор полотенец для ванной 50х80 и 70х130,nu85y5iTHWMK643kZ3pI,5,2026-09-19 14:43:58,Прекрасные полотенца,,,"Зеленый, голубой · 30х50 см, 50х90 см, 70х140 см",0,0,,,,2026-09-21T14:15:25+03:00
wildberries,559125882,1941869134,Diana Store,Набор полотенец для ванной 50х80 и 70х130,iTOl0cmiemYtmGvwujd1,3,2026-09-19 11:30:29,"Симпатичные, мягкие, но не сильно впитывают влагу",,,"Фиолетовый, бордовый · 30х50 см, 50х90 см, 70х140 см",0,0,,,,2026-09-21T14:15:25+03:00
wildberries,559125882,1941869134,Diana Store,Набор полотенец для ванной 50х80 и 70х130,0nw6WPiciT1CMVbLoXqq,5,2026-09-19 07:01:56,Хороший товар мне нравится.,,,"Фиолетовый, сиреневый · 30х50 см, 50х90 см, 70х140 см",0,0,,,,2026-09-21T14:15:25+03:00
wildberries,559125882,1941869134,Diana Store,Набор полотенец для ванной 50х80 и 70х130,Sfh1hsATfrOYeJocLcNh,5,2026-09-19 07:01:21,"Хороший товар,мне нравится.",,,"Розовый · 30х50 см, 50х90 см, 70х140 см",0,0,,,,2026-09-21T14:15:25+03:00
wildberries,559125882,1941869134,Diana Store,Набор полотенец для ванной 50х80 и 70х130,g8nSeCnGEbhp2TSI0XY5,5,2026-09-19 05:57:18,"Впитывают норм,за 3 шт цена огонь",,,красный,,0,,,,2026-09-21T14:15:25+03:00
wildberries,559125882,1941869134,Diana Store,Набор полотенец для ванной 50х80 и 70х130,SIgLgizdV9yrpGW2XRkK,5,2026-09-19 05:56:24,"Впитывают норм,за такую цену 3 шт огонь 🔥",,,синий,,0,,,,2026-09-21T14:15:25+03:00
wildberries,559125882,1941869134,Diana Store,Набор полотенец для ванной 50х80 и 70х130,uYJQ7WPHaCPUkTQxEi2B,5,2026-09-19 00:40:14,,,,голубой,0,0,,,,2026-09-21T14:15:25+03:00
wildberries,559125882,1941869134,Diana Store,Набор полотенец для ванной 50х80 и 70х130,D8UxyfhBoui6o9Dy5unr,5,2026-09-18 19:36:05,,,,серый,,0,,,,2026-09-21T14:15:25+03:00
wildberries,559125882,1941869134,Diana Store,Набор полотенец для ванной 50х80 и 70х130,svjDue3fj5Yfmx8es66g,5,2026-09-18 13:44:58,,,,"Зеленый, голубой · 30х50 см, 50х90 см, 70х140 см",0,0,,,,2026-09-21T14:15:25+03:00
wildberries,559125882,1941869134,Diana Store,Набор полотенец для ванной 50х80 и 70х130,chtTmzR5ZPjz4j3xCzXo,1,2026-09-18 12:22:09,,,,"Синий · 30х50 см, 50х90 см, 70х140 см",0,0,,,,2026-09-21T14:15:25+03:00
wildberries,559125882,1941869134,Diana Store,Набор полотенец для ванной 50х80 и 70х130,W4jfUzQro9E1YxjyLt95,5,2026-09-18 11:30:49,Полотенца достойные и упаковка вся целая.,,,фиолетовый,,0,,,,2026-09-21T14:15:25+03:00
wildberries,559125882,1941869134,Diana Store,Набор полотенец для ванной 50х80 и 70х130,DjP4qqCdyUodJ9Nwkmc5,2,2026-09-18 08:27:06,"Воду не впитывает, синтетика",,,голубой,0,0,,,,2026-09-21T14:15:25+03:00
wildberries,559125882,1941869134,Diana Store,Набор полотенец для ванной 50х80 и 70х130,fNsLKsaYYeJEu6neTsFy,5,2026-09-18 03:56:51,,,,"Фиолетовый, сиреневый · 30х50 см, 50х90 см, 70х140 см",0,0,,,,2026-09-21T14:15:25+03:00
wildberries,559125882,1941869134,Diana Store,Набор полотенец для ванной 50х80 и 70х130,yQhXqiuMqVkyChgVdr6e,5,2026-09-17 12:55:39,Супер!!!,,,"Голубой, серый · 50х80 см, 70х130 см",0,0,,,,2026-09-21T14:15:25+03:00
wildberries,559125882,1941869134,Diana Store,Набор полотенец для ванной 50х80 и 70х130,Cx3PcNHQ9zSbPFQCE0T3,4,2026-09-17 09:53:07,,,,"Розовый · 50х80 см, 70х130 см",0,0,,,,2026-09-21T14:15:25+03:00
wildberries,559125882,1941869134,Diana Store,Набор полотенец для ванной 50х80 и 70х130,I1z2rpcLsKneQYgWZv1C,5,2026-09-17 09:27:08,,,,"Серый, графит · 30х50 см, 50х90 см, 70х140 см",0,0,,,,2026-09-21T14:15:25+03:00
wildberries,559125882,1941869134,Diana Store,Набор полотенец для ванной 50х80 и 70х130,TRKZIT3liqrGxM9swct4,5,2026-09-17 08:27:25,"Качество,  цвет,  все отлично",,,"Зеленый, голубой · 30х50 см, 50х90 см, 70х140 см",0,0,,,,2026-09-21T14:15:25+03:00
wildberries,559125882,1941869134,Diana Store,Набор полотенец для ванной 50х80 и 70х130,tFSagYIqSeazsr7efqCx,5,2026-09-17 04:12:59,,,,"Розовый · 30х50 см, 50х90 см, 70х140 см",0,0,,,,2026-09-21T14:15:25+03:00
wildberries,559125882,1941869134,Diana Store,Набор полотенец для ванной 50х80 и 70х130,vbYim6PJVnOP3Mmcibqm,5,2026-09-16 20:35:53,Хороший полотенца,,,"Розовый · 30х50 см, 50х90 см, 70х140 см",0,0,,,,2026-09-21T14:15:25+03:00
wildberries,559125882,1941869134,Diana Store,Набор полотенец для ванной 50х80 и 70х130,24JEudjUP45NDMHxHGXY,5,2026-09-16 18:24:30,,,,"Розовый · 30х50 см, 50х90 см, 70х140 см",0,0,,,,2026-09-21T14:15:25+03:00
wildberries,559125882,1941869134,Diana Store,Набор полотенец для ванной 50х80 и 70х130,Z6Z3m70J6bPMLBB5Iezj,3,2026-09-16 16:43:41,"Повелась на отзывы и пожалела. Качество пошива и вид с этим всё хорошо. НО, оно не впитывает, вытераешься, как будто шелковой рубашкой. После стирки, даже с кондиционером, ни мягче не стало,не впитывать лучше не стало ничего не поменялось. Не рекомендую",,,"Молочный, бежевый · 50х80 см, 70х130 см",0,1,,,,2026-09-21T14:15:25+03:00
wildberries,559125882,1941869134,Diana Store,Набор полотенец для ванной 50х80 и 70х130,poKdIdEkGvDUVRPcE6xc,5,2026-09-16 13:39:25,,,,"Зеленый, голубой · 30х50 см, 50х90 см, 70х140 см",0,0,,,,2026-09-21T14:15:25+03:00
wildberries,559125882,1941869134,Diana Store,Набор полотенец для ванной 50х80 и 70х130,BPovp5zCL8F5edbIQiw3,5,2026-09-16 07:47:10,,,,розовый,,0,,,,2026-09-21T14:15:25+03:00
wildberries,559125882,1941869134,Diana Store,Набор полотенец для ванной 50х80 и 70х130,cYlqiZgUqNfEP0nG2k3v,5,2026-09-16 07:46:24,,,,розовый,,0,,,,2026-09-21T14:15:25+03:00
wildberries,559125882,1941869134,Diana Store,Набор полотенец для ванной 50х80 и 70х130,HeD5f1x8Z38ArrCpzPmf,5,2026-09-16 07:20:11,"Полотенца очень хорошие,  после стирки пушистые,  впитывают влагу и цена классная. Покупайте не пожалеете.",,,"Фиолетовый, сиреневый · 30х50 см, 50х90 см, 70х140 см",0,0,,,,2026-09-21T14:15:25+03:00
wildberries,559125882,1941869134,Diana Store,Набор полотенец для ванной 50х80 и 70х130,2UJjgMxT5wdN6JUSbz7t,3,2026-09-13 13:57:43,"Хорошие полотенца, впитывают  влагу, не очень толстые, после стирки распушатся.Советую",,,"Фиолетовый, сиреневый · 30х50 см, 50х90 см, 70х140 см",0,0,,,,2026-09-21T14:15:25+03:00
wildberries,559125882,1941869134,Diana Store,Набор полотенец для ванной 50х80 и 70х130,wE3f5HkFRu30AIThQY6W,5,2026-09-16 05:35:25,,,,"Фиолетовый, бордовый · 30х50 см, 50х90 см, 70х140 см",0,0,,,,2026-09-21T14:15:25+03:00
wildberries,559125882,1941869134,Diana Store,Набор полотенец для ванной 50х80 и 70х130,ATfTPxYsUnZjwufJhHPi,5,2026-09-16 05:35:04,,,,"Розовый · 30х50 см, 50х90 см, 70х140 см",0,0,,,,2026-09-21T14:15:25+03:00
wildberries,559125882,1941869134,Diana Store,Набор полотенец для ванной 50х80 и 70х130,sm6tXxAnBzDLRHatTHVv,5,2026-09-15 17:56:10,,,,"Розовый · 30х50 см, 50х90 см, 70х140 см",0,0,,,,2026-09-21T14:15:25+03:00
wildberries,559125882,1941869134,Diana Store,Набор полотенец для ванной 50х80 и 70х130,2QCMeFVJa9K4iLhC0bFV,3,2026-09-15 13:58:01,,,,"Зеленый, синий · 30х50 см, 50х90 см, 70х140 см",0,0,,,,2026-09-21T14:15:25+03:00
wildberries,559125882,1941869134,Diana Store,Набор полотенец для ванной 50х80 и 70х130,lcDVwB5hrSUBgyfNpoF2,5,2026-09-15 08:41:23,,,,"Фиолетовый, сиреневый · 30х50 см, 50х90 см, 70х140 см",0,0,,,,2026-09-21T14:15:25+03:00
wildberries,559125882,1941869134,Diana Store,Набор полотенец для ванной 50х80 и 70х130,8yKMpAxtsdDTREVZELv4,1,2026-09-15 06:31:15,"Вместо серых прислали розовые. Забрала, так как пожалела продавца, чтобы ему не впаяли штраф или что там у вас. Хотела сыну в новую квартиру подарить, в итоге сама буду пользоваться.",,,"Серый · 30х50 см, 50х90 см, 70х140 см",0,0,,,,2026-09-21T14:15:25+03:00
wildberries,559125882,1941869134,Diana Store,Набор полотенец для ванной 50х80 и 70х130,7MAWDrrtfwiBAuP8dD0j,5,2026-09-14 19:08:18,,,,"Зеленый, синий · 30х50 см, 50х90 см, 70х140 см",0,0,,,,2026-09-21T14:15:25+03:00
wildberries,559125882,1941869134,Diana Store,Набор полотенец для ванной 50х80 и 70х130,pbkCIEfo6OTxTTh3qyyg,1,2026-09-14 16:10:08,,,,"Синий · 30х50 см, 50х90 см, 70х140 см",0,0,,,,2026-09-21T14:15:25+03:00
wildberries,559125882,1941869134,Diana Store,Набор полотенец для ванной 50х80 и 70х130,gN0EqfZ2JwnKfUXQD2a1,5,2026-09-14 04:02:46,нормальные полотенце удобные,,,"Зеленый, голубой · 30х50 см, 50х90 см, 70х140 см",0,0,,,,2026-09-21T14:15:25+03:00
wildberries,559125882,1941869134,Diana Store,Набор полотенец для ванной 50х80 и 70х130,ZYDUFIxfGAug7hte0Xh9,5,2026-09-13 19:09:40,"Красивый нежный цвет, хорошие полотенца, соответствуют образцу",,,розовый,,0,,,,2026-09-21T14:15:25+03:00
wildberries,559125882,1941869134,Diana Store,Набор полотенец для ванной 50х80 и 70х130,N9fVfv8jKj7BuDLUPglG,2,2026-09-13 16:12:56,"Ткань х/б, но очень тонкая,не пышная как на картинке.",,,"Бежевый, кремовый · 30х50 см, 50х90 см, 70х140 см",0,0,,,,2026-09-21T14:15:25+03:00
wildberries,559125882,1941869134,Diana Store,Набор полотенец для ванной 50х80 и 70х130,XbCwnHmuSV1biF89EeNX,5,2026-09-13 15:40:07,,,,"Серый, графит · 30х50 см, 50х90 см, 70х140 см",0,0,,,,2026-09-21T14:15:25+03:00
wildberries,559125882,1941869134,Diana Store,Набор полотенец для ванной 50х80 и 70х130,d3um18YyWhe6hNaqBnro,5,2026-09-13 14:59:15,,,,красный,,0,,,,2026-09-21T14:15:25+03:00
wildberries,559125882,1941869134,Diana Store,Набор полотенец для ванной 50х80 и 70х130,RqUrm1WC2TZdIug5qq0e,5,2026-09-13 14:31:39,,,,"Серый, графит · 30х50 см, 50х90 см, 70х140 см",0,0,,,,2026-09-21T14:15:25+03:00
wildberries,559125882,1941869134,Diana Store,Набор полотенец для ванной 50х80 и 70х130,UqZ0HSSzBY8GdexCnva0,5,2026-09-13 14:31:32,,,,"Синий · 30х50 см, 50х90 см, 70х140 см",0,0,,,,2026-09-21T14:15:25+03:00
wildberries,559125882,1941869134,Diana Store,Набор полотенец для ванной 50х80 и 70х130,X1rQqWP1aMRSI8wWYzuV,5,2026-09-13 12:31:27,,,,"Зеленый, голубой · 30х50 см, 50х90 см, 70х140 см",0,0,,,,2026-09-21T14:15:25+03:00
wildberries,559125882,1941869134,Diana Store,Набор полотенец для ванной 50х80 и 70х130,vWpSAraYhFbkaHx1bKIm,3,2026-09-13 08:25:55,"Хлопок ,а вытерает плохо,св составе есть синтетика",,,"Зеленый, синий · 30х50 см, 50х90 см, 70х140 см",0,0,,,,2026-09-21T14:15:25+03:00
wildberries,559125882,1941869134,Diana Store,Набор полотенец для ванной 50х80 и 70х130,iQF9pF2QrkBIZXmdTR6K,5,2026-09-13 08:06:18,,,,серый,,0,,,,2026-09-21T14:15:25+03:00
wildberries,559125882,1941869134,Diana Store,Набор полотенец для ванной 50х80 и 70х130,9yPr0F0BZsy4oLAczIPz,5,2026-09-13 08:06:03,,,,серый,,0,,,,2026-09-21T14:15:25+03:00
wildberries,559125882,1941869134,Diana Store,Набор полотенец для ванной 50х80 и 70х130,940CrGAIr7QVBdJJvBMW,5,2026-09-13 08:05:55,,,,синий,,0,,,,2026-09-21T14:15:25+03:00
wildberries,559125882,1941869134,Diana Store,Набор полотенец для ванной 50х80 и 70х130,2bhKOKo8cgIs9yGvdPvI,2,2026-09-13 05:40:30,пользуюсь несколько месяцев - оставляет катышки и ворсинки на теле,,,"Зеленый, синий · 30х50 см, 50х90 см, 70х140 см",0,0,,,,2026-09-21T14:15:25+03:00
wildberries,559125882,1941869134,Diana Store,Набор полотенец для ванной 50х80 и 70х130,yLEd7JroOwHdlFEcTRST,5,2026-09-12 19:21:38,,,,розовый,0,0,,,,2026-09-21T14:15:25+03:00
wildberries,559125882,1941869134,Diana Store,Набор полотенец для ванной 50х80 и 70х130,R1cvyYutIhYU3ppwXMjK,4,2026-09-12 19:09:54,"Набор полотенец очень хороший, но через несколько дней они подешевели и на приличную сумму, поэтому отказ, а обидно….",,,фиолетовый,,0,,,,2026-09-21T14:15:25+03:00
wildberries,559125882,1941869134,Diana Store,Набор полотенец для ванной 50х80 и 70х130,UDETWdZT5QWhr3uJUVKP,4,2026-09-12 19:08:39,"Наборы полотенец очень хорошие и цвет и качество, но если честно то через несколько дней они подешевели больше чем на 250 рублей, вот это обидно….",,,голубой,,0,,,,2026-09-21T14:15:25+03:00
wildberries,559125882,1941869134,Diana Store,Набор полотенец для ванной 50х80 и 70х130,CicuHJ5hczF5F0Xs8BOu,5,2026-09-12 17:43:24,,,,черный,,0,,,,2026-09-21T14:15:25+03:00
wildberries,559125882,1941869134,Diana Store,Набор полотенец для ванной 50х80 и 70х130,FKtb8hl1zRjrkLz0zQPV,5,2026-09-12 08:22:12,,,,"Серый, графит · 30х50 см, 50х90 см, 70х140 см",0,0,,,,2026-09-21T14:15:25+03:00
wildberries,559125882,1941869134,Diana Store,Набор полотенец для ванной 50х80 и 70х130,m1FgsmuxFWHIIm0ARPHd,5,2026-09-12 07:47:29,"Цвет как заявлено. Доставка быстрая. Немного тонковаты, но не критично. Рекомендую",,,"Фиолетовый, сиреневый · 30х50 см, 50х90 см, 70х140 см",0,0,,,,2026-09-21T14:15:25+03:00
wildberries,559125882,1941869134,Diana Store,Набор полотенец для ванной 50х80 и 70х130,y7wTpHyGbyNDEUXnyhYK,5,2026-09-12 06:41:52,,,,голубой,,0,,,,2026-09-21T14:15:25+03:00
wildberries,559125882,1941869134,Diana Store,Набор полотенец для ванной 50х80 и 70х130,5Q46D1vv1xdQxpdDnDnJ,5,2026-09-12 06:34:03,,,,"Розовый · 30х50 см, 50х90 см, 70х140 см",0,0,,,,2026-09-21T14:15:25+03:00
wildberries,559125882,1941869134,Diana Store,Набор полотенец для ванной 50х80 и 70х130,UKL8tugKpYEcAYnJIhnl,3,2026-09-12 06:31:19,Качество так себе,,,"Розовый · 30х50 см, 50х90 см, 70х140 см",0,0,,,,2026-09-21T14:15:25+03:00
wildberries,559125882,1941869134,Diana Store,Набор полотенец для ванной 50х80 и 70х130,Z9yj0izx6TCLaqPSE0dX,3,2026-09-12 04:11:26,"Линяют, ну а цвет конечно же совпадает как на картинке",,,"Зеленый, голубой · 30х50 см, 50х90 см, 70х140 см",0,0,,,,2026-09-21T14:15:25+03:00
wildberries,559125882,1941869134,Diana Store,Набор полотенец для ванной 50х80 и 70х130,s7GjjMJHvKWJaRKEUAUX,5,2026-09-11 18:15:46,"Качество хорошее, цена  адекватная, рекомендую 👍",,,"Коричневый, бежевый · 50х80 см, 70х130 см",0,0,,,,2026-09-21T14:15:25+03:00
wildberries,559125882,1941869134,Diana Store,Набор полотенец для ванной 50х80 и 70х130,q0CqNv6gnxslKVR0Twqr,4,2026-09-11 17:16:40,,,,синий,0,0,,,,2026-09-21T14:15:25+03:00
wildberries,559125882,1941869134,Diana Store,Набор полотенец для ванной 50х80 и 70х130,NrZ54ur7hC9YieljfTlR,5,2026-09-11 16:15:13,,,,"Бордовый, красный · 50х80 см, 70х130 см",0,0,,,,2026-09-21T14:15:25+03:00
wildberries,559125882,1941869134,Diana Store,Набор полотенец для ванной 50х80 и 70х130,pSxiO6Sd5VlImOJqnJMv,5,2026-09-11 11:13:58,"Полотенца тонковатые, конечно, но на первое время новосёлам будут кстати! Спасибо за доставку!",,,"Серый · 30х50 см, 50х90 см, 70х140 см",0,0,,,,2026-09-21T14:15:25+03:00
wildberries,559125882,1941869134,Diana Store,Набор полотенец для ванной 50х80 и 70х130,msoGMCKf9vUY8pHuBoFY,5,2026-09-11 10:34:49,Оригинальные,,,голубой,,0,,,,2026-09-21T14:15:25+03:00
wildberries,559125882,1941869134,Diana Store,Набор полотенец для ванной 50х80 и 70х130,6uZioEH6pgPyDS69ZNJL,5,2026-09-11 09:58:40,,,,"Фиолетовый, сиреневый · 30х50 см, 50х90 см, 70х140 см",0,0,,,,2026-09-21T14:15:25+03:00
wildberries,559125882,1941869134,Diana Store,Набор полотенец для ванной 50х80 и 70х130,TfmiIDHOh0q2wc2XOGkm,5,2026-09-11 07:46:20,Отличный набор рекомендую,,,"Бордовый, красный · 50х80 см, 70х130 см",0,0,,,,2026-09-21T14:15:25+03:00
wildberries,559125882,1941869134,Diana Store,Набор полотенец для ванной 50х80 и 70х130,dowDZ3rGV0PmRlCYQtud,4,2026-09-11 05:05:30,"Полотенца тонкие, поэтому возврат.",,,"Желтый · 30х50 см, 50х90 см, 70х140 см",0,0,,,,2026-09-21T14:15:25+03:00
wildberries,559125882,1941869134,Diana Store,Набор полотенец для ванной 50х80 и 70х130,Q2NqEPype7ScXeMlYeyQ,5,2026-09-11 03:49:20,"Хорошего качества, мягкие, к покупке рекомендую",,,"Коричневый, бежевый · 50х80 см, 70х130 см",0,0,,,,2026-09-21T14:15:25+03:00
wildberries,559125882,1941869134,Diana Store,Набор полотенец для ванной 50х80 и 70х130,8NBxl30nooePMRA6tKK5,5,2026-09-11 02:26:37,,,,"Зеленый, голубой · 30х50 см, 50х90 см, 70х140 см",0,0,,,,2026-09-21T14:15:25+03:00
wildberries,559125882,1941869134,Diana Store,Набор полотенец для ванной 50х80 и 70х130,2JElEB7ODvMDVM63jR09,5,2026-09-11 02:13:23,,,,"Розовый · 30х50 см, 50х90 см, 70х140 см",0,0,,,,2026-09-21T14:15:25+03:00
wildberries,559125882,1941869134,Diana Store,Набор полотенец для ванной 50х80 и 70х130,rVl3MevRG8zX6GlJ5pgZ,5,2026-09-10 22:03:23,,,,"Синий · 30х50 см, 50х90 см, 70х140 см",0,0,,,,2026-09-21T14:15:25+03:00
wildberries,559125882,1941869134,Diana Store,Набор полотенец для ванной 50х80 и 70х130,Ps5opdmejhvoKLO4FjUm,1,2026-09-10 21:59:26,"Полотенца приятно удивили. Мягкие, цвет приятный, то, что хотела.",,,бежевый,,0,,,,2026-09-21T14:15:25+03:00
wildberries,559125882,1941869134,Diana Store,Набор полотенец для ванной 50х80 и 70х130,HTXzlGKkFup8OxpSXI1l,5,2026-09-10 19:55:56,"Хорошего качества, спасибо рекомендую",,,серый,,0,,,,2026-09-21T14:15:25+03:00
wildberries,559125882,1941869134,Diana Store,Набор полотенец для ванной 50х80 и 70х130,IjiWBiiItnbrpYSf4XZz,5,2026-09-10 17:36:56,,,,"Розовый · 30х50 см, 50х90 см, 70х140 см",0,0,,,,2026-09-21T14:15:25+03:00
wildberries,559125882,1941869134,Diana Store,Набор полотенец для ванной 50х80 и 70х130,Zpz7vPd6Fj8uD1P5RrI5,5,2026-09-10 17:06:18,"Хорошо впитывают, натуральное х/б, мягкие.",,,"Фиолетовый, сиреневый · 30х50 см, 50х90 см, 70х140 см",0,0,,,,2026-09-21T14:15:25+03:00
wildberries,559125882,1941869134,Diana Store,Набор полотенец для ванной 50х80 и 70х130,pIC9SucdVXwpvj4sqGrq,5,2026-09-10 14:07:36,"товар прекрасного качества, пришлось вернуть так как заказ пришел не весь, в связи что он закончился",,,бежевый,,0,,,,2026-09-21T14:15:25+03:00
wildberries,559125882,1941869134,Diana Store,Набор полотенец для ванной 50х80 и 70х130,rYkS6h3TazwdPhbafZoI,5,2026-09-10 12:56:10,,,,синий,,0,,,,2026-09-21T14:15:25+03:00
wildberries,559125882,1941869134,Diana Store,Набор полотенец для ванной 50х80 и 70х130,gGfoTaXZEvwgVwiHacKF,5,2026-09-09 18:01:07,,,,"Белый · 30х50 см, 50х90 см, 70х140 см",0,0,,,,2026-09-21T14:15:25+03:00
wildberries,559125882,1941869134,Diana Store,Набор полотенец для ванной 50х80 и 70х130,28iLpq8YdQ9blmaSVEIg,5,2026-09-09 16:19:17,Рекомендую 👍,,,"Розовый · 30х50 см, 50х90 см, 70х140 см",0,0,,,,2026-09-21T14:15:25+03:00
wildberries,559125882,1941869134,Diana Store,Набор полотенец для ванной 50х80 и 70х130,Jf9DoSx2U7T5qKlRIBMd,5,2026-09-09 12:09:49,,,,"Розовый · 30х50 см, 50х90 см, 70х140 см",0,0,,,,2026-09-21T14:15:25+03:00
wildberries,559125882,1941869134,Diana Store,Набор полотенец для ванной 50х80 и 70х130,HBZQeOrU2SkOZFxB1Kye,3,2026-09-09 09:40:56,,,,черный,,1,,,,2026-09-21T14:15:25+03:00
wildberries,559125882,1941869134,Diana Store,Набор полотенец для ванной 50х80 и 70х130,9RMUIRekucl7lUVeM4xO,3,2026-09-09 09:40:51,,,,красный,,0,,,,2026-09-21T14:15:25+03:00
wildberries,559125882,1941869134,Diana Store,Набор полотенец для ванной 50х80 и 70х130,ybXvCT7lHhDUpiSuTctL,5,2026-09-09 06:20:26,,,,розовый,,0,,,,2026-09-21T14:15:25+03:00
wildberries,559125882,1941869134,Diana Store,Набор полотенец для ванной 50х80 и 70х130,LA6HMBPhGynL1E3Arv9K,5,2026-09-09 04:38:38,,,,"Зеленый, голубой · 30х50 см, 50х90 см, 70х140 см",0,0,,,,2026-09-21T14:15:25+03:00
wildberries,559125882,1941869134,Diana Store,Набор полотенец для ванной 50х80 и 70х130,6wjYz7IZvi5eQELXzINp,3,2026-09-08 18:22:55,"Тонкие, по качеству не такие плотные как выглядят на фото",,,серый,,0,,,,2026-09-21T14:15:25+03:00
wildberries,559125882,1941869134,Diana Store,Набор полотенец для ванной 50х80 и 70х130,IdAPVwFFkvIpsTHvG7zA,5,2026-09-08 17:56:33,Удобное полотенце,,,серый,,0,,,,2026-09-21T14:15:25+03:00
wildberries,559125882,1941869134,Diana Store,Набор полотенец для ванной 50х80 и 70х130,HZaZvEgnXVaGbaqzyVCX,4,2026-09-08 17:42:04,,,,серый,,0,,,,2026-09-21T14:15:25+03:00
wildberries,559125882,1941869134,Diana Store,Набор полотенец для ванной 50х80 и 70х130,XatEFpZOOYh2knl4eEAS,5,2026-09-08 17:42:28,,,,голубой,,0,,,,2026-09-21T14:15:25+03:00
wildberries,559125882,1941869134,Diana Store,Набор полотенец для ванной 50х80 и 70х130,OppHCb2sFoxtYsMygXfE,5,2026-09-08 16:59:47,Набор полотенец хороший продавца рекомендую,,,"Зеленый, голубой · 30х50 см, 50х90 см, 70х140 см",0,0,,,,2026-09-21T14:15:25+03:00
wildberries,559125882,1941869134,Diana Store,Набор полотенец для ванной 50х80 и 70х130,XCozF5xwJuDnKo6r45H4,4,2026-09-08 15:45:42,,,,"Зеленый, голубой · 30х50 см, 50х90 см, 70х140 см",0,0,,,,2026-09-21T14:15:25+03:00
wildberries,559125882,1941869134,Diana Store,Набор полотенец для ванной 50х80 и 70х130,Xmda4bUSFmBnRgq2qU7j,5,2026-09-08 14:11:22,,,,"Фиолетовый, сиреневый · 30х50 см, 50х90 см, 70х140 см",0,0,,,,2026-09-21T14:15:25+03:00
wildberries,559125882,1941869134,Diana Store,Набор полотенец для ванной 50х80 и 70х130,KhMpGlsveidPJ45cDoQO,4,2026-09-08 14:07:00,"Жёсткие,тонкие .Влагу впитывают хорошо.",,,"Бордовый, красный · 50х80 см, 70х130 см",0,0,,,,2026-09-21T14:15:25+03:00
wildberries,559125882,1941869134,Diana Store,Набор полотенец для ванной 50х80 и 70х130,QfV2TJ8xXirP6czME5nd,4,2026-09-08 14:01:51,,,,"Розовый · 30х50 см, 50х90 см, 70х140 см",0,0,,,,2026-09-21T14:15:25+03:00
wildberries,559125882,1941869134,Diana Store,Набор полотенец для ванной 50х80 и 70х130,o0iercbdHqbJbf7M1orP,3,2026-09-08 07:00:18,Средние тонкие,,,голубой,,0,,,,2026-09-21T14:15:25+03:00
wildberries,559125882,1941869134,Diana Store,Набор полотенец для ванной 50х80 и 70х130,O7SSOrqQHkBJ99XAnR7Z,5,2026-09-08 04:23:31,,,,"Зеленый, голубой · 30х50 см, 50х90 см, 70х140 см",0,0,,,,2026-09-21T14:15:25+03:00
wildberries,559125882,1941869134,Diana Store,Набор полотенец для ванной 50х80 и 70х130,uBTYLeb1XwusDMLkQ4hV,5,2026-09-08 03:30:18,Полотенца заказывала для подарка.Все очень понравилось. Спасибо продавцу и валдберрис за своевременную доставку.,,,"Розовый · 30х50 см, 50х90 см, 70х140 см",0,0,,,,2026-09-21T14:15:25+03:00
wildberries,559125882,1941869134,Diana Store,Набор полотенец для ванной 50х80 и 70х130,bY27hXHALmieOsnDVY6G,4,2026-09-07 20:19:55,,,,"Фиолетовый, сиреневый · 30х50 см, 50х90 см, 70х140 см",0,0,,,,2026-09-21T14:15:25+03:00
wildberries,559125882,1941869134,Diana Store,Набор полотенец для ванной 50х80 и 70х130,6m98LPMAKU430XyoLjHU,5,2026-09-07 20:14:31,,,,"Серый · 30х50 см, 50х90 см, 70х140 см",0,0,,,,2026-09-21T14:15:25+03:00
wildberries,559125882,1941869134,Diana Store,Набор полотенец для ванной 50х80 и 70х130,Wao9oDe2GDgM9rsQFrOE,5,2026-09-07 20:14:25,,,,"Белый · 30х50 см, 50х90 см, 70х140 см",0,0,,,,2026-09-21T14:15:25+03:00
wildberries,559125882,1941869134,Diana Store,Набор полотенец для ванной 50х80 и 70х130,PVwmmf5LHNcWu0YwMWvV,1,2026-09-07 18:35:08,Цвет не соответствует  описанию,,,"Желтый · 30х50 см, 50х90 см, 70х140 см",0,0,,,,2026-09-21T14:15:25+03:00
wildberries,559125882,1941869134,Diana Store,Набор полотенец для ванной 50х80 и 70х130,rxK6inoMXyG5dpPSGvON,5,2026-09-07 16:53:18,,,,"Розовый · 30х50 см, 50х90 см, 70х140 см",0,0,,,,2026-09-21T14:15:25+03:00
wildberries,559125882,1941869134,Diana Store,Набор полотенец для ванной 50х80 и 70х130,yifj50480KLBfzxEhAEQ,4,2026-09-07 14:46:46,"Хорошие полотенца,но тонковаты",,,"Коричневый, бежевый · 50х80 см, 70х130 см",0,0,,,,2026-09-21T14:15:25+03:00
wildberries,559125882,1941869134,Diana Store,Набор полотенец для ванной 50х80 и 70х130,Z29i6slfnsQkQHfNhPqa,5,2026-09-07 13:40:37,Отличное качество,,,"Зеленый, синий · 30х50 см, 50х90 см, 70х140 см",0,0,,,,2026-09-21T14:15:25+03:00
wildberries,559125882,1941869134,Diana Store,Набор полотенец для ванной 50х80 и 70х130,3CFrj0akfyNj8DGRpCc0,5,2026-09-07 11:08:34,,,,"Голубой, серый · 50х80 см, 70х130 см",0,0,,,,2026-09-21T14:15:25+03:00
wildberries,559125882,1941869134,Diana Store,Набор полотенец для ванной 50х80 и 70х130,Mv4av4GRNgrKK9AXnwGN,5,2026-09-07 10:34:31,,Просто отличные полотенца)) И правда хлопок и очень хорошо впитывают влагу и легко и быстро сохнут)) Приятные на ощупь)),,голубой,0,0,,,,2026-09-21T14:15:25+03:00
wildberries,559125882,1941869134,Diana Store,Набор полотенец для ванной 50х80 и 70х130,oI0k48vaSFZVErcfDYqV,5,2026-09-07 09:05:37,,,,"Фиолетовый, сиреневый · 30х50 см, 50х90 см, 70х140 см",0,0,,,,2026-09-21T14:15:25+03:00
wildberries,559125882,1941869134,Diana Store,Набор полотенец для ванной 50х80 и 70х130,IXbsQKhllkOo2zbnvfmk,5,2026-09-07 05:34:10,,,,"Синий · 30х50 см, 50х90 см, 70х140 см",0,0,,,,2026-09-21T14:15:25+03:00
wildberries,559125882,1941869134,Diana Store,Набор полотенец для ванной 50х80 и 70х130,IpwQkn1nPTHARyqQ77rO,5,2026-09-07 03:51:39,,,,"Бежевый, кремовый · 30х50 см, 50х90 см, 70х140 см",0,0,,,,2026-09-21T14:15:25+03:00
wildberries,559125882,1941869134,Diana Store,Набор полотенец для ванной 50х80 и 70х130,KvfGut0YmYAojv42H5SH,5,2026-09-07 03:42:26,"Тонкие полотенца, но приятные.",,,"Розовый · 30х50 см, 50х90 см, 70х140 см",0,0,,,,2026-09-21T14:15:25+03:00
wildberries,559125882,1941869134,Diana Store,Набор полотенец для ванной 50х80 и 70х130,jgRd5KQhvO64xzffccja,5,2026-09-06 21:05:02,,,,голубой,0,0,,,,2026-09-21T14:15:25+03:00
wildberries,559125882,1941869134,Diana Store,Набор полотенец для ванной 50х80 и 70х130,lWio1pqTgnHTrEJMbaL5,5,2026-09-06 20:42:30,,,Цвет темнее,"Розовый · 50х80 см, 70х130 см",0,0,,,,2026-09-21T14:15:25+03:00
wildberries,559125882,1941869134,Diana Store,Набор полотенец для ванной 50х80 и 70х130,b4jP8VruxOSpKdiP4QMG,5,2026-09-06 17:30:14,Отлично впитывают и дизайн красивый,,,красный,,0,,,,2026-09-21T14:15:25+03:00
wildberries,559125882,1941869134,Diana Store,Набор полотенец для ванной 50х80 и 70х130,rmwHEcUqoCMj4MlSyU7U,3,2026-09-06 15:36:51,,,,белый,,0,,,,2026-09-21T14:15:25+03:00
wildberries,559125882,1941869134,Diana Store,Набор полотенец для ванной 50х80 и 70х130,sVYSoOwpKUkX7GLUXEbO,4,2026-09-06 15:11:41,,,,голубой,0,0,,,,2026-09-21T14:15:25+03:00
wildberries,559125882,1941869134,Diana Store,Набор полотенец для ванной 50х80 и 70х130,wGi2Qgf3boCAqtzgOLpn,5,2026-09-06 10:23:17,,,,розовый,0,0,,,,2026-09-21T14:15:25+03:00
wildberries,559125882,1941869134,Diana Store,Набор полотенец для ванной 50х80 и 70х130,yCIbcjoYod07RWYXYlGe,5,2026-09-05 23:01:30,,,,розовый,,0,,,,2026-09-21T14:15:25+03:00
wildberries,559125882,1941869134,Diana Store,Набор полотенец для ванной 50х80 и 70х130,tWCueLLsScefjn0Y6NYZ,4,2026-09-05 16:02:36,"Качество хорошее,но темнее,чем на фото.",,,"Бордовый, красный · 50х80 см, 70х130 см",0,0,,,,2026-09-21T14:15:25+03:00
wildberries,559125882,1941869134,Diana Store,Набор полотенец для ванной 50х80 и 70х130,OUdUIVOVxYa0Ek8rKfdQ,5,2026-09-05 12:48:07,,,,"Розовый · 50х80 см, 70х130 см",0,0,,,,2026-09-21T14:15:25+03:00
wildberries,559125882,1941869134,Diana Store,Набор полотенец для ванной 50х80 и 70х130,4sKxzw1XcaqdD9R7BmwN,5,2026-09-05 11:26:41,Полотенце брала в подарок сказали что очень хорошо впитывают и мягкие,,,"Розовый · 30х50 см, 50х90 см, 70х140 см",0,0,,,,2026-09-21T14:15:25+03:00
wildberries,559125882,1941869134,Diana Store,Набор полотенец для ванной 50х80 и 70х130,INqqZk4MRtccLZ5yAS6q,5,2026-09-05 09:13:15,,,,голубой,,0,,,,2026-09-21T14:15:25+03:00
wildberries,559125882,1941869134,Diana Store,Набор полотенец для ванной 50х80 и 70х130,qty27X6eYBM2ez1Q8Kho,5,2026-09-05 08:52:46,,,,серый,,0,,,,2026-09-21T14:15:25+03:00
wildberries,559125882,1941869134,Diana Store,Набор полотенец для ванной 50х80 и 70х130,eJK5ZtP0wSAOQZ23TPTM,5,2026-09-05 06:53:20,,Все отлично спасибо,,"Голубой, серый · 50х80 см, 70х130 см",0,0,,,,2026-09-21T14:15:25+03:00
wildberries,559125882,1941869134,Diana Store,Набор полотенец для ванной 50х80 и 70х130,Rm3Ojccikjj8A9pg5jC4,5,2026-09-05 06:43:00,,,,"Красный, бордовый · 30х50 см, 50х90 см, 70х140 см",0,0,,,,2026-09-21T14:15:25+03:00
wildberries,559125882,1941869134,Diana Store,Набор полотенец для ванной 50х80 и 70х130,WEMKOcJp1U49FtuZnJvu,1,2026-09-05 06:25:00,Ооооооооооооо,,,"Розовый · 30х50 см, 50х90 см, 70х140 см",0,0,,,,2026-09-21T14:15:25+03:00
wildberries,559125882,1941869134,Diana Store,Набор полотенец для ванной 50х80 и 70х130,L0ntaKIfSRtoZFUhATIv,5,2026-09-05 04:11:59,,,,"Белый · 30х50 см, 50х90 см, 70х140 см",0,0,,,,2026-09-21T14:15:25+03:00
wildberries,559125882,1941869134,Diana Store,Набор полотенец для ванной 50х80 и 70х130,wy2Zano5mfTS3IfwfjV2,5,2026-09-04 15:41:54,чувство дикие как,,,"Красный, бордовый · 30х50 см, 50х90 см, 70х140 см",0,0,,,,2026-09-21T14:15:25+03:00
wildberries,559125882,1941869134,Diana Store,Набор полотенец для ванной 50х80 и 70х130,xzeex0NNYEYvId5l1IPH,5,2026-09-04 13:16:47,,,,"Фиолетовый, сиреневый · 30х50 см, 50х90 см, 70х140 см",0,0,,,,2026-09-21T14:15:25+03:00
wildberries,559125882,1941869134,Diana Store,Набор полотенец для ванной 50х80 и 70х130,vxPpghtrLqNGoDlaQY9g,5,2026-09-04 12:23:47,,,,"Розовый · 50х80 см, 70х130 см",0,0,,,,2026-09-21T14:15:25+03:00
wildberries,559125882,1941869134,Diana Store,Набор полотенец для ванной 50х80 и 70х130,jOg3M0huFNXvQAjw1dPm,5,2026-09-04 12:12:35,Тонкие полотенца,,,голубой,,0,,,,2026-09-21T14:15:25+03:00
wildberries,559125882,1941869134,Diana Store,Набор полотенец для ванной 50х80 и 70х130,UUV5oqU5GITsvLuKUZkZ,5,2026-09-04 10:02:41,,"Упаковка,качество короче все нормально",,"Розовый · 30х50 см, 50х90 см, 70х140 см",0,0,,,,2026-09-21T14:15:25+03:00
wildberries,559125882,1941869134,Diana Store,Набор полотенец для ванной 50х80 и 70х130,8VNitIbYHUTfPH47bpmb,4,2026-09-04 09:44:36,Покупала для подарка.Приятная ткань.Не линяет.,,,"Розовый · 30х50 см, 50х90 см, 70х140 см",0,0,,,,2026-09-21T14:15:25+03:00
wildberries,559125882,1941869134,Diana Store,Набор полотенец для ванной 50х80 и 70х130,xCOSd80qxp6IfuePiYyR,5,2026-09-03 15:10:07,,,,"Зеленый, голубой · 30х50 см, 50х90 см, 70х140 см",0,0,,,,2026-09-21T14:15:25+03:00
wildberries,559125882,1941869134,Diana Store,Набор полотенец для ванной 50х80 и 70х130,L4SB7IFTfVe526IRgbij,5,2026-09-03 13:41:56,,,,розовый,,0,,,,2026-09-21T14:15:25+03:00
wildberries,559125882,1941869134,Diana Store,Набор полотенец для ванной 50х80 и 70х130,4M5MmS4IC0nFnpcFTffk,5,2026-09-03 11:38:11,,,,"Фиолетовый, сиреневый · 30х50 см, 50х90 см, 70х140 см",0,0,,,,2026-09-21T14:15:25+03:00
wildberries,559125882,1941869134,Diana Store,Набор полотенец для ванной 50х80 и 70х130,GP1TkBQy2gEi5dVhBP15,5,2026-09-03 10:28:06,,,,голубой,0,1,,,,2026-09-21T14:15:25+03:00
wildberries,559125882,1941869134,Diana Store,Набор полотенец для ванной 50х80 и 70х130,dBt1naXwyYyZvusvEZMQ,5,2026-09-03 05:23:33,,,,"Розовый · 30х50 см, 50х90 см, 70х140 см",0,0,,,,2026-09-21T14:15:25+03:00
wildberries,559125882,1941869134,Diana Store,Набор полотенец для ванной 50х80 и 70х130,isYktyzjbu7H6DZuLwAO,5,2026-09-03 05:08:31,Отлично,,,"Зеленый, голубой · 30х50 см, 50х90 см, 70х140 см",0,0,,,,2026-09-21T14:15:25+03:00
wildberries,559125882,1941869134,Diana Store,Набор полотенец для ванной 50х80 и 70х130,th6UL4C214gsvyJAVgja,5,2026-09-02 15:46:05,отличное полотенце Спасибо,,,"Розовый · 30х50 см, 50х90 см, 70х140 см",0,0,,,,2026-09-21T14:15:25+03:00
wildberries,559125882,1941869134,Diana Store,Набор полотенец для ванной 50х80 и 70х130,5JCLf31eI8BkDDTwaOAn,1,2026-09-02 12:46:34,"Не 100% хлопок, плохо впитывает…",,,серый,,0,,,,2026-09-21T14:15:25+03:00
wildberries,559125882,1941869134,Diana Store,Набор полотенец для ванной 50х80 и 70х130,YE8AcuIVc9ANewEL3jqR,5,2026-09-02 12:35:35,"Мягкие полотенца, мне очень понравились",,,"Синий · 30х50 см, 50х90 см, 70х140 см",0,0,,,,2026-09-21T14:15:25+03:00
wildberries,559125882,1941869134,Diana Store,Набор полотенец для ванной 50х80 и 70х130,DpeBM1GHBPKTXIOHXv0N,5,2026-09-02 11:07:38,,,,"Белый · 30х50 см, 50х90 см, 70х140 см",0,0,,,,2026-09-21T14:15:25+03:00
wildberries,559125882,1941869134,Diana Store,Набор полотенец для ванной 50х80 и 70х130,zU1fNnCqRYYkaNEKZd27,5,2026-09-02 08:58:11,Всё отлично и цена и качество. Благодарю!,,,"Бордовый, красный · 50х80 см, 70х130 см",0,1,,,,2026-09-21T14:15:25+03:00
wildberries,559125882,1941869134,Diana Store,Набор полотенец для ванной 50х80 и 70х130,6n00F1graMFkxXIorDSR,5,2026-09-02 08:35:38,Полотенца понравились. Очень хорошего качества. С удовольствием пользуюсь. Благодарю продавца за хорошую упаковку. Советую покупать,,,"Зеленый, голубой · 30х50 см, 50х90 см, 70х140 см",0,0,,,,2026-09-21T14:15:25+03:00
wildberries,559125882,1941869134,Diana Store,Набор полотенец для ванной 50х80 и 70х130,mKecHQwCchgVXOK893eO,5,2026-09-02 05:41:36,,,,"Белый · 30х50 см, 50х90 см, 70х140 см",0,0,,,,2026-09-21T14:15:25+03:00
wildberries,559125882,1941869134,Diana Store,Набор полотенец для ванной 50х80 и 70х130,irYk1fDJI8Ut2xvz9F3B,5,2026-09-01 18:52:54,,,,розовый,,0,,,,2026-09-21T14:15:25+03:00
wildberries,559125882,1941869134,Diana Store,Набор полотенец для ванной 50х80 и 70х130,4tIoB8RIjzLsh7Y04ejJ,5,2026-09-01 18:01:02,"Отличные полотенца, не тяжелые",,,голубой,,0,,,,2026-09-21T14:15:25+03:00
wildberries,559125882,1941869134,Diana Store,Набор полотенец для ванной 50х80 и 70х130,FluwhsR9UUNgknqDPJK2,4,2026-09-01 15:45:52,Тонковаты,,,"Бордовый, красный · 50х80 см, 70х130 см",0,0,,,,2026-09-21T14:15:25+03:00
wildberries,559125882,1941869134,Diana Store,Набор полотенец для ванной 50х80 и 70х130,OsYRv0ca6he5OChfpN6X,5,2026-09-01 10:17:23,,,,"Фиолетовый, сиреневый · 30х50 см, 50х90 см, 70х140 см",0,0,,,,2026-09-21T14:15:25+03:00
wildberries,559125882,1941869134,Diana Store,Набор полотенец для ванной 50х80 и 70х130,JnSuAUq7VCm6VgOghAOi,5,2026-09-01 09:48:34,"Выписываем не в первый раз, очень мягкие полотенца!💕",,,"Розовый · 30х50 см, 50х90 см, 70х140 см",0,0,,,,2026-09-21T14:15:25+03:00
wildberries,559125882,1941869134,Diana Store,Набор полотенец для ванной 50х80 и 70х130,xPVykVxfOouUymkgahwO,5,2026-09-01 08:54:40,"Качество среднее, за свои деньги пойдет, не рассыпается. Пишу отзыв спустя месяц",,,"Черный · 30х50 см, 50х90 см, 70х140 см",0,1,,,,2026-09-21T14:15:25+03:00
wildberries,559125882,1941869134,Diana Store,Набор полотенец для ванной 50х80 и 70х130,uaLAofaa1b1u2bJLrNPb,5,2026-09-01 05:20:28,Классные,,,"Голубой, серый · 50х80 см, 70х130 см",0,0,,,,2026-09-21T14:15:25+03:00
wildberries,559125882,1941869134,Diana Store,Набор полотенец для ванной 50х80 и 70х130,Q3guuFv57VKE8VJP7O0L,5,2026-08-31 23:39:41,Хорошее качество.Рекомендую к покупке.,,,фиолетовый,,0,,,,2026-09-21T14:15:25+03:00
wildberries,559125882,1941869134,Diana Store,Набор полотенец для ванной 50х80 и 70х130,2jrcEb648eiNDJyYc6N3,1,2026-08-31 20:35:22,,,Очень тонкие вшивенькие полотенчики,черный,,1,,,,2026-09-21T14:15:25+03:00
wildberries,559125882,1941869134,Diana Store,Набор полотенец для ванной 50х80 и 70х130,HkVAkuLA0agJB7zZ0DC6,5,2026-08-31 15:32:58,очень хорошие за такую цену,,,"Красный, бордовый · 30х50 см, 50х90 см, 70х140 см",0,0,,,,2026-09-21T14:15:25+03:00
wildberries,559125882,1941869134,Diana Store,Набор полотенец для ванной 50х80 и 70х130,FHvIvSh7tLu21Cf0j33c,5,2026-08-31 13:50:09,,,,"Розовый · 50х80 см, 70х130 см",0,0,,,,2026-09-21T14:15:25+03:00
wildberries,559125882,1941869134,Diana Store,Набор полотенец для ванной 50х80 и 70х130,u9D0XeNrVT4lRXygjDYn,5,2026-08-31 10:22:55,"Хороший набор, брала на подарок.",,,серый,,0,,,,2026-09-21T14:15:25+03:00
wildberries,559125882,1941869134,Diana Store,Набор полотенец для ванной 50х80 и 70х130,NJdsG1Oq9coQbeHPkQg6,5,2026-08-31 10:21:49,"Брала на подарок, хороший набор.",,,серый,,0,,,,2026-09-21T14:15:25+03:00
wildberries,559125882,1941869134,Diana Store,Набор полотенец для ванной 50х80 и 70х130,c8auzZ6Cqu9zupAEVomv,5,2026-08-31 09:09:53,"Хорошие полотенца. В пвз не заметила,что на одном полотенце было пятно. Дома обнаружила и не поняла,что такое. Понадеялась на грязь. После стирки пятна не стало,что хорошо. Упаковка никакая. Просто пластиковый пакет, который к тому уже по всем сортировочным центрам или чему там еще просто кидали или пинали по земле,так как пришел весь в грязи засохшей.я в шоке. Сами полотенца хорошие,а вот над упаковкой работать надо.",,,розовый,,0,,,,2026-09-21T14:15:25+03:00
wildberries,559125882,1941869134,Diana Store,Набор полотенец для ванной 50х80 и 70х130,cshW82m2aoewUYPVTW68,3,2026-08-31 08:13:30,Тонкие.,,,"Зеленый, голубой · 30х50 см, 50х90 см, 70х140 см",0,1,,,,2026-09-21T14:15:25+03:00
wildberries,559125882,1941869134,Diana Store,Набор полотенец для ванной 50х80 и 70х130,EpBNZtOiCNp6OuRvFTt2,1,2026-08-31 06:49:18,"Будьте внимательны, получили такое деньги не вернули ничего не объяснили.",,,"Розовый · 30х50 см, 50х90 см, 70х140 см",0,0,,,,2026-09-21T14:15:25+03:00
wildberries,559125882,1941869134,Diana Store,Набор полотенец для ванной 50х80 и 70х130,jjDlyE8MSfPDQoROfSEa,5,2026-08-31 06:28:26,,,,"Зеленый, голубой · 30х50 см, 50х90 см, 70х140 см",0,0,,,,2026-09-21T14:15:25+03:00
wildberries,559125882,1941869134,Diana Store,Набор полотенец для ванной 50х80 и 70х130,QitDBaq8kE5msQINKWCd,3,2026-08-31 04:58:42,Не понравились! Купилась на скидку!,,,бежевый,,0,,,,2026-09-21T14:15:25+03:00
wildberries,559125882,1941869134,Diana Store,Набор полотенец для ванной 50х80 и 70х130,EkSrDe3eBbywndiJGfR1,3,2026-08-31 04:58:14,"Не то что ожидала, дешевое качество, ни какой скидки, 600₽ им цена",,,коричневый,,1,,,,2026-09-21T14:15:25+03:00
wildberries,559125882,1941869134,Diana Store,Набор полотенец для ванной 50х80 и 70х130,sxznAvTtNpnOq9ETxWwu,5,2026-08-30 20:35:38,Мягкие,,,бежевый,,0,,,,2026-09-21T14:15:25+03:00
wildberries,559125882,1941869134,Diana Store,Набор полотенец для ванной 50х80 и 70х130,IQs7IT9pY7uuLg3z1zqO,5,2026-08-30 16:49:27,"Полотенца , отличного качества , тонкие , но прочные.. Очень понравились. Рекомендую к покупке.",,,"Голубой, серый · 50х80 см, 70х130 см",0,0,,,,2026-09-21T14:15:25+03:00
wildberries,559125882,1941869134,Diana Store,Набор полотенец для ванной 50х80 и 70х130,tBUX0FuKRiVsZ8vE4OL5,5,2026-08-30 15:39:05,,,,"Фиолетовый, сиреневый · 30х50 см, 50х90 см, 70х140 см",0,0,,,,2026-09-21T14:15:25+03:00
wildberries,559125882,1941869134,Diana Store,Набор полотенец для ванной 50х80 и 70х130,bDfjtD6zE9Qkx8Vh2yW0,3,2026-08-30 11:33:56,,,Стягивается при сушке в районе узора,фиолетовый,,1,,,,2026-09-21T14:15:25+03:00
wildberries,559125882,1941869134,Diana Store,Набор полотенец для ванной 50х80 и 70х130,cwJQdvUNbNQHBjyxyaQX,5,2026-08-30 10:21:00,Отлично.,,,"Зеленый, голубой · 30х50 см, 50х90 см, 70х140 см",0,0,,,,2026-09-21T14:15:25+03:00
wildberries,559125882,1941869134,Diana Store,Набор полотенец для ванной 50х80 и 70х130,MCFA41otXjLfSnBuDZqN,1,2026-08-30 10:20:57,"пришло мокрое, воняет плесенью, че за бред?!?!?!??! ВЕРНИТЕ ДЕНЬГИ!!!!!@!",,,"Розовый · 30х50 см, 50х90 см, 70х140 см",0,3,,,,2026-09-21T14:15:25+03:00
wildberries,559125882,1941869134,Diana Store,Набор полотенец для ванной 50х80 и 70х130,eGofBQJdGFIsoRHT9iCl,5,2026-08-30 09:45:07,,"Очень приятное качество, лёгкие, тонкие, красивые полотенца",,"Розовый · 30х50 см, 50х90 см, 70х140 см",0,0,,,,2026-09-21T14:15:25+03:00
wildberries,559125882,1941869134,Diana Store,Набор полотенец для ванной 50х80 и 70х130,TyPNqQBE7P0Ita018NAq,5,2026-08-30 09:16:16,Большое спасибо за совет.,,,"Красный, бордовый · 30х50 см, 50х90 см, 70х140 см",0,0,,,,2026-09-21T14:15:25+03:00
wildberries,559125882,1941869134,Diana Store,Набор полотенец для ванной 50х80 и 70х130,UFi9s2cION420QhdX7TU,4,2026-08-30 07:40:27,Полотенца тоненькие,,,"Красный, бордовый · 30х50 см, 50х90 см, 70х140 см",0,0,,,,2026-09-21T14:15:25+03:00
wildberries,559125882,1941869134,Diana Store,Набор полотенец для ванной 50х80 и 70х130,u4IrAFlHQOc6jMZKTQCT,5,2026-08-30 05:55:50,"Так так то ничего пойдет руки вытереть, ну очень тонкое",,,"Серый, графит · 30х50 см, 50х90 см, 70х140 см",0,0,,,,2026-09-21T14:15:25+03:00
wildberries,559125882,1941869134,Diana Store,Набор полотенец для ванной 50х80 и 70х130,iKqocRnnSGduM3lm7B04,5,2026-08-30 03:37:08,,,,"Розовый · 30х50 см, 50х90 см, 70х140 см",0,0,,,,2026-09-21T14:15:25+03:00
wildberries,559125882,1941869134,Diana Store,Набор полотенец для ванной 50х80 и 70х130,1wFVAcERHaCODYuBpkqH,5,2026-08-29 19:42:35,,,,"Голубой · 50х80 см, 70х130 см",0,0,,,,2026-09-21T14:15:25+03:00
wildberries,559125882,1941869134,Diana Store,Набор полотенец для ванной 50х80 и 70х130,A3Yb8BWvSEW2A44M8RoF,4,2026-08-29 15:58:40,"Впитывает на 3 по 5 бальной шкале,остальное все норм",,,"Зеленый, голубой · 30х50 см, 50х90 см, 70х140 см",0,0,,,,2026-09-21T14:15:25+03:00
wildberries,559125882,1941869134,Diana Store,Набор полотенец для ванной 50х80 и 70х130,57LotAgjmQVTkriVhVvB,5,2026-08-29 12:05:36,"Хорошо впитывают влагу, мягкие полотенца.",,,"Зеленый, голубой · 30х50 см, 50х90 см, 70х140 см",0,0,,,,2026-09-21T14:15:25+03:00
wildberries,559125882,1941869134,Diana Store,Набор полотенец для ванной 50х80 и 70х130,HylNyqb2YxvhIpmoXYB2,3,2026-08-29 07:42:53,Тонкие полотенца,,,бежевый,,0,,,,2026-09-21T14:15:25+03:00
wildberries,559125882,1941869134,Diana Store,Набор полотенец для ванной 50х80 и 70х130,lk2ekukZ4LGoj6fwkEFQ,5,2026-08-28 21:36:28,"Приятны на ощупь, легко впитывает влагу, что не мало важно!Цвет бомбический -бирюза!Очень понравились, посмотрим на сколько хватит их, и хорошо что разные размеры!",,,"Зеленый, голубой · 30х50 см, 50х90 см, 70х140 см",0,0,,,,2026-09-21T14:15:25+03:00
wildberries,559125882,1941869134,Diana Store,Набор полотенец для ванной 50х80 и 70х130,klRjEkN3o033gyqNOVO4,5,2026-08-28 11:50:20,тонковато но вытирает отлично !,,,голубой,,0,,,,2026-09-21T14:15:25+03:00
wildberries,559125882,1941869134,Diana Store,Набор полотенец для ванной 50х80 и 70х130,455lQKhTqqhjMS638MDf,5,2026-08-28 10:22:23,,После стирки нет деформации и нет окрашивания.,,"Розовый · 30х50 см, 50х90 см, 70х140 см",0,0,,,,2026-09-21T14:15:25+03:00
wildberries,559125882,1941869134,Diana Store,Набор полотенец для ванной 50х80 и 70х130,Y3vjlpk4kPOTofPlZP8m,1,2026-08-28 07:00:40,,,,"Зеленый, голубой · 30х50 см, 50х90 см, 70х140 см",0,0,,,,2026-09-21T14:15:25+03:00
wildberries,559125882,1941869134,Diana Store,Набор полотенец для ванной 50х80 и 70х130,OVqNuFWynB46KA0Yuccc,5,2026-08-27 19:48:40,Качество хорошее. Впитывает очень хорошо. Сохнет быстро. Удобно пользоваться. Спасибо большое. Рекомендую к покупке.,,,"Бежевый, кремовый · 30х50 см, 50х90 см, 70х140 см",0,0,,,,2026-09-21T14:15:25+03:00
wildberries,559125882,1941869134,Diana Store,Набор полотенец для ванной 50х80 и 70х130,ztuDyh5vN6xk5tk6WbRO,5,2026-08-27 17:08:43,,,,"Розовый · 30х50 см, 50х90 см, 70х140 см",0,0,,,,2026-09-21T14:15:25+03:00
wildberries,559125882,1941869134,Diana Store,Набор полотенец для ванной 50х80 и 70х130,bcukfGLNUFjHAZiP1IE5,5,2026-08-27 15:09:44,,,,"Бежевый, кремовый · 30х50 см, 50х90 см, 70х140 см",0,0,,,,2026-09-21T14:15:25+03:00
wildberries,559125882,1941869134,Diana Store,Набор полотенец для ванной 50х80 и 70х130,KDYvtNqMB8AlryEATD1M,1,2026-08-27 07:51:02,,,Не впитывают воду. Миллион мелких черных волосинок по всему телу после ваших полотенец. Редкостное ***! Не рекомендую!,черный,,1,,,,2026-09-21T14:15:25+03:00
wildberries,559125882,1941869134,Diana Store,Набор полотенец для ванной 50х80 и 70х130,vI50h0Uwwn6ZF4ZeHvsa,2,2026-08-27 04:51:58,Ворс сыпется со страшной силой. Полотенце тонковато,,,"Бежевый, кремовый · 30х50 см, 50х90 см, 70х140 см",0,0,,,,2026-09-21T14:15:25+03:00
wildberries,559125882,1941869134,Diana Store,Набор полотенец для ванной 50х80 и 70х130,Et8oNfkpaDIv5UTR6gYt,5,2026-08-21 18:01:38,,,,"Бежевый, кремовый · 30х50 см, 50х90 см, 70х140 см",0,0,,,,2026-09-21T14:15:25+03:00
wildberries,559125882,1941869134,Diana Store,Набор полотенец для ванной 50х80 и 70х130,OQuvBdT3NyKGVTYa4DBA,2,2026-08-27 04:50:50,Полотенце оказалось тоненьким. Впитывает так себе. Но главное - с него сильно сыпется ворс!,,,"Зеленый, синий · 30х50 см, 50х90 см, 70х140 см",0,0,,,,2026-09-21T14:15:25+03:00
wildberries,559125882,1941869134,Diana Store,Набор полотенец для ванной 50х80 и 70х130,k73BLnx9NCwzMM75pyD0,5,2026-08-21 18:01:42,,,,"Зеленый, синий · 30х50 см, 50х90 см, 70х140 см",0,0,,,,2026-09-21T14:15:25+03:00
wildberries,559125882,1941869134,Diana Store,Набор полотенец для ванной 50х80 и 70х130,pNXhaFN8KjjCYpSroGv1,5,2026-08-27 01:48:12,"Мягкие , тонкие , хорошо впитывают , быстро сохнут , цвет яркий насыщенный, не линяют",,,голубой,,0,,,,2026-09-21T14:15:25+03:00
wildberries,559125882,1941869134,Diana Store,Набор полотенец для ванной 50х80 и 70х130,4GFWvBVN50Khw5EgRqkG,5,2026-08-26 17:51:00,,,,"Красный, бордовый · 30х50 см, 50х90 см, 70х140 см",0,0,,,,2026-09-21T14:15:25+03:00
wildberries,559125882,1941869134,Diana Store,Набор полотенец для ванной 50х80 и 70х130,CF49MDEXDdBpF9veSKHo,5,2026-08-26 16:38:35,,,,розовый,0,0,,,,2026-09-21T14:15:25+03:00
wildberries,559125882,1941869134,Diana Store,Набор полотенец для ванной 50х80 и 70х130,ktm4ZOV9xGUdoxMkO1iW,1,2026-08-26 12:56:28,,,,"Розовый · 30х50 см, 50х90 см, 70х140 см",0,0,,,,2026-09-21T14:15:25+03:00
wildberries,559125882,1941869134,Diana Store,Набор полотенец для ванной 50х80 и 70х130,wcNhsR66nxgZe5DZkedS,2,2026-08-26 12:43:44,"Ужасные полотенца,сыпется ткань просто неимоверно,помылась,вытерлась,вся в ворсинках",,,синий,,0,,,,2026-09-21T14:15:25+03:00
wildberries,559125882,1941869134,Diana Store,Набор полотенец для ванной 50х80 и 70х130,LBvxdQsPlgk34ud8y4GY,5,2026-08-26 11:44:00,,,,"Фиолетовый, сиреневый · 30х50 см, 50х90 см, 70х140 см",0,0,,,,2026-09-21T14:15:25+03:00
wildberries,559125882,1941869134,Diana Store,Набор полотенец для ванной 50х80 и 70х130,eoJCEd67ESV6kCgpcDEH,4,2026-08-26 08:56:02,,Бирюзовые полотенца.Хорошие полотенца,Линяют при стирке,голубой,0,0,,,,2026-09-21T14:15:25+03:00
wildberries,559125882,1941869134,Diana Store,Набор полотенец для ванной 50х80 и 70х130,LYcFId2W1nf82AhRbBny,5,2026-08-26 08:47:22,,,,"Зеленый, голубой · 30х50 см, 50х90 см, 70х140 см",0,0,,,,2026-09-21T14:15:25+03:00
wildberries,559125882,1941869134,Diana Store,Набор полотенец для ванной 50х80 и 70х130,O5gFpaQ2tCQI7CQQvt38,5,2026-08-26 06:41:46,,,,серый,,0,,,,2026-09-21T14:15:25+03:00
wildberries,559125882,1941869134,Diana Store,Набор полотенец для ванной 50х80 и 70х130,TSZm27uJAcXcf9HgP0UP,5,2026-08-26 06:41:08,,,,серый,,0,,,,2026-09-21T14:15:25+03:00
wildberries,559125882,1941869134,Diana Store,Набор полотенец для ванной 50х80 и 70х130,GIA4JNiuTQmigacSO4zf,5,2026-08-26 06:41:04,,,,розовый,,0,,,,2026-09-21T14:15:25+03:00
wildberries,559125882,1941869134,Diana Store,Набор полотенец для ванной 50х80 и 70х130,qK6MnFkfsEvFHuUeza4Y,5,2026-08-26 06:40:58,,,,розовый,,0,,,,2026-09-21T14:15:25+03:00
wildberries,559125882,1941869134,Diana Store,Набор полотенец для ванной 50х80 и 70х130,mer358CCqi78p12x8MqU,5,2026-08-26 06:40:52,,,,коричневый,,0,,,,2026-09-21T14:15:25+03:00
wildberries,559125882,1941869134,Diana Store,Набор полотенец для ванной 50х80 и 70х130,l3ajahCc4ucoxLnXqsXx,3,2026-08-26 05:28:28,"На фото такими пушистыми кажутся, на самом деле тонкие",,,бежевый,,0,,,,2026-09-21T14:15:25+03:00
wildberries,559125882,1941869134,Diana Store,Набор полотенец для ванной 50х80 и 70х130,MXjTGAbzH4vQvJXfMoS3,5,2026-08-26 03:11:45,,За такую цену хорошие полотенчики!,,"Зеленый, голубой · 30х50 см, 50х90 см, 70х140 см",0,0,,,,2026-09-21T14:15:25+03:00
wildberries,559125882,1941869134,Diana Store,Набор полотенец для ванной 50х80 и 70х130,dKu5FlNMN2OeO9eTmUbk,5,2026-08-25 19:07:18,,,,голубой,0,0,,,,2026-09-21T14:15:25+03:00
wildberries,559125882,1941869134,Diana Store,Набор полотенец для ванной 50х80 и 70х130,FufIRPDKHbcrKtOqy7Ih,5,2026-08-25 18:40:54,,,,"Молочный, бежевый · 50х80 см, 70х130 см",0,0,,,,2026-09-21T14:15:25+03:00
wildberries,559125882,1941869134,Diana Store,Набор полотенец для ванной 50х80 и 70х130,mDRcXjvcHGo9QsyJYipY,5,2026-08-25 16:47:47,Отличный товар,,,голубой,,0,,,,2026-09-21T14:15:25+03:00
wildberries,559125882,1941869134,Diana Store,Набор полотенец для ванной 50х80 и 70х130,n4ED6HGIKGgc6B9voVCu,2,2026-08-25 12:24:50,,,,бежевый,,0,,,,2026-09-21T14:15:25+03:00
wildberries,559125882,1941869134,Diana Store,Набор полотенец для ванной 50х80 и 70х130,oN3QbBRzfxeZPWFieuAG,4,2026-08-25 11:11:21,Тонкие полотенца.,,,"Розовый · 30х50 см, 50х90 см, 70х140 см",0,0,,,,2026-09-21T14:15:25+03:00
wildberries,559125882,1941869134,Diana Store,Набор полотенец для ванной 50х80 и 70х130,TAbaYtiar3hx0s5W6agg,5,2026-08-25 08:35:06,,,,"Голубой, серый · 50х80 см, 70х130 см",0,0,,,,2026-09-21T14:15:25+03:00
wildberries,559125882,1941869134,Diana Store,Набор полотенец для ванной 50х80 и 70х130,ekxntYVfd7HphVWmrWZI,5,2026-08-25 08:34:59,,,,"Бордовый, красный · 50х80 см, 70х130 см",0,0,,,,2026-09-21T14:15:25+03:00
wildberries,559125882,1941869134,Diana Store,Набор полотенец для ванной 50х80 и 70х130,J6kx2FFZoY3CimcfmOhc,3,2026-08-25 05:19:38,,,Не чисто белый цвет,белый,0,0,,,,2026-09-21T14:15:25+03:00
wildberries,559125882,1941869134,Diana Store,Набор полотенец для ванной 50х80 и 70х130,ccVM4qgHiAg01CU2zqaq,5,2026-08-25 05:04:06,,,,"Зеленый, голубой · 30х50 см, 50х90 см, 70х140 см",0,0,,,,2026-09-21T14:15:25+03:00
wildberries,559125882,1941869134,Diana Store,Набор полотенец для ванной 50х80 и 70х130,xtb9c4Kt0EhCtsXFy0L7,5,2026-08-25 00:11:46,,,,"Розовый · 30х50 см, 50х90 см, 70х140 см",0,0,,,,2026-09-21T14:15:25+03:00
wildberries,559125882,1941869134,Diana Store,Набор полотенец для ванной 50х80 и 70х130,ah9dJCQcCaopLLWS0FFE,5,2026-08-24 20:33:43,,,,голубой,0,0,,,,2026-09-21T14:15:25+03:00
wildberries,559125882,1941869134,Diana Store,Набор полотенец для ванной 50х80 и 70х130,rV7JEh0yqhYYj0ErFEq8,5,2026-08-24 15:36:16,,,,серый,0,0,,,,2026-09-21T14:15:25+03:00
wildberries,559125882,1941869134,Diana Store,Набор полотенец для ванной 50х80 и 70х130,FCiq5iqGfJOugbswiZ9K,5,2026-08-24 13:03:13,,,,"Розовый · 30х50 см, 50х90 см, 70х140 см",0,0,,,,2026-09-21T14:15:25+03:00
wildberries,559125882,1941869134,Diana Store,Набор полотенец для ванной 50х80 и 70х130,Ex6DNn3AKrJHnE76Lu7z,5,2026-08-24 11:21:19,,"Понравился, брали 19 наборов",,"Серый · 30х50 см, 50х90 см, 70х140 см",0,0,,,,2026-09-21T14:15:25+03:00
wildberries,559125882,1941869134,Diana Store,Набор полотенец для ванной 50х80 и 70х130,W1ftAwXhtB0GB2R1JGHA,1,2026-08-24 09:55:58,,,,"Бежевый, кремовый · 30х50 см, 50х90 см, 70х140 см",0,1,,,,2026-09-21T14:15:25+03:00
wildberries,559125882,1941869134,Diana Store,Набор полотенец для ванной 50х80 и 70х130,VX38bJLIex6UFknrIK17,5,2026-08-23 20:33:03,соответствует описанию,,,"Зеленый, голубой · 30х50 см, 50х90 см, 70х140 см",0,0,,,,2026-09-21T14:15:25+03:00
wildberries,559125882,1941869134,Diana Store,Набор полотенец для ванной 50х80 и 70х130,ao8lbjNLk9O90eIY8hf5,5,2026-08-23 17:17:57,,"Хорошее качество, мягкая текстура, легко отстирывается. Спасибо 💌",,"Бежевый, кремовый · 30х50 см, 50х90 см, 70х140 см",0,0,,,,2026-09-21T14:15:25+03:00
wildberries,559125882,1941869134,Diana Store,Набор полотенец для ванной 50х80 и 70х130,1hI2YV38VuYxuBasqTEp,5,2026-08-23 16:20:48,Качество и цена 👍,,,"Серый, графит · 30х50 см, 50х90 см, 70х140 см",0,0,,,,2026-09-21T14:15:25+03:00
wildberries,559125882,1941869134,Diana Store,Набор полотенец для ванной 50х80 и 70х130,4EceO5OshbZRGSzdD60x,3,2026-08-23 14:40:31,,,,"Зеленый, голубой · 30х50 см, 50х90 см, 70х140 см",0,0,,,,2026-09-21T14:15:25+03:00
wildberries,559125882,1941869134,Diana Store,Набор полотенец для ванной 50х80 и 70х130,fLZFZXKnoK6AZzzFimpk,5,2026-08-23 14:38:03,"Мягкие, хорошие, яркий цвет, спасибо!",,,"Зеленый, голубой · 30х50 см, 50х90 см, 70х140 см",0,0,,,,2026-09-21T14:15:25+03:00
wildberries,559125882,1941869134,Diana Store,Набор полотенец для ванной 50х80 и 70х130,WlEciYC6QeJzQy5q1gwm,5,2026-08-23 08:26:12,,"Понравилось, 19 раз писать. Брали мужчинам коллегам на подарок",,"Серый · 30х50 см, 50х90 см, 70х140 см",0,0,,,,2026-09-21T14:15:25+03:00
wildberries,559125882,1941869134,Diana Store,Набор полотенец для ванной 50х80 и 70х130,ZBkrlfZn9vSg2lBB07IN,5,2026-08-23 07:04:15,,,,"Белый · 30х50 см, 50х90 см, 70х140 см",0,0,,,,2026-09-21T14:15:25+03:00
wildberries,559125882,1941869134,Diana Store,Набор полотенец для ванной 50х80 и 70х130,HX8wyzgK6qWfsYcfX6eX,5,2026-08-23 04:36:00,,,,"Желтый · 30х50 см, 50х90 см, 70х140 см",0,0,,,,2026-09-21T14:15:25+03:00
wildberries,559125882,1941869134,Diana Store,Набор полотенец для ванной 50х80 и 70х130,K2v9uRh4MSIpwBDFAs34,5,2026-08-23 04:35:47,,,,"Зеленый, голубой · 30х50 см, 50х90 см, 70х140 см",0,0,,,,2026-09-21T14:15:25+03:00
wildberries,559125882,1941869134,Diana Store,Набор полотенец для ванной 50х80 и 70х130,0HZAOXDt2eYGq0uIdVGB,1,2026-08-23 00:44:43,,,,"Зеленый, голубой · 30х50 см, 50х90 см, 70х140 см",0,0,,,,2026-09-21T14:15:25+03:00
wildberries,559125882,1941869134,Diana Store,Набор полотенец для ванной 50х80 и 70х130,YVWvl96NzS1r7AX1OUL1,5,2026-08-22 18:17:43,,,,"Белый · 30х50 см, 50х90 см, 70х140 см",0,0,,,,2026-09-21T14:15:25+03:00
wildberries,559125882,1941869134,Diana Store,Набор полотенец для ванной 50х80 и 70х130,K7gYX1VQX8Yr6uqjwN7j,5,2026-08-22 16:48:05,,,,"Розовый · 30х50 см, 50х90 см, 70х140 см",0,0,,,,2026-09-21T14:15:25+03:00
wildberries,559125882,1941869134,Diana Store,Набор полотенец для ванной 50х80 и 70х130,zCFrvUmo0AS1Tq1GQwgw,4,2026-08-22 16:13:15,"Полотенца тонкие,плохо впитывают влагу",,,"Серый · 30х50 см, 50х90 см, 70х140 см",0,0,,,,2026-09-21T14:15:25+03:00
wildberries,559125882,1941869134,Diana Store,Набор полотенец для ванной 50х80 и 70х130,UcPUt0LihOO91B5kkmmx,4,2026-08-22 15:12:29,,,,"Серый · 30х50 см, 50х90 см, 70х140 см",0,0,,,,2026-09-21T14:15:25+03:00
wildberries,559125882,1941869134,Diana Store,Набор полотенец для ванной 50х80 и 70х130,JPXNWrQXfLLVnbGaLM6l,4,2026-08-22 12:25:10,,,,"Синий · 30х50 см, 50х90 см, 70х140 см",0,0,,,,2026-09-21T14:15:25+03:00
wildberries,559125882,1941869134,Diana Store,Набор полотенец для ванной 50х80 и 70х130,K1B1CJpOleav6TqZ5DIc,5,2026-08-22 09:01:28,,,,"Бежевый, молочный · 50х80 см, 70х130 см",0,0,,,,2026-09-21T14:15:25+03:00
wildberries,559125882,1941869134,Diana Store,Набор полотенец для ванной 50х80 и 70х130,0IFOlmX0k33ouf3hMT0P,5,2026-08-22 07:23:45,,,,белый,,0,,,,2026-09-21T14:15:25+03:00
wildberries,559125882,1941869134,Diana Store,Набор полотенец для ванной 50х80 и 70х130,nwdHgBaQ8A0JZZtTFQ6s,5,2026-08-22 03:24:37,,,,"Зеленый, голубой · 30х50 см, 50х90 см, 70х140 см",0,0,,,,2026-09-21T14:15:25+03:00
wildberries,559125882,1941869134,Diana Store,Набор полотенец для ванной 50х80 и 70х130,2jGTcAlajfrBm9zaGy9s,5,2026-08-22 03:18:42,Хорошие полотенца,,,"Зеленый, голубой · 30х50 см, 50х90 см, 70х140 см",0,0,,,,2026-09-21T14:15:25+03:00
wildberries,559125882,1941869134,Diana Store,Набор полотенец для ванной 50х80 и 70х130,c60aDp2d0DUhPyTgIA8M,3,2026-08-21 19:20:41,,,Качество не понравилось,черный,,0,,,,2026-09-21T14:15:25+03:00
wildberries,559125882,1941869134,Diana Store,Набор полотенец для ванной 50х80 и 70х130,wGsVId4pGtzDr2rwkV5j,5,2026-08-21 07:29:27,,,,"Зеленый, синий · 30х50 см, 50х90 см, 70х140 см",0,0,,,,2026-09-21T14:15:25+03:00
wildberries,559125882,1941869134,Diana Store,Набор полотенец для ванной 50х80 и 70х130,HMqQtCcW4NlZ95wyCRub,5,2026-08-20 20:19:34,Супер,,,"Синий · 30х50 см, 50х90 см, 70х140 см",0,0,,,,2026-09-21T14:15:25+03:00
wildberries,559125882,1941869134,Diana Store,Набор полотенец для ванной 50х80 и 70х130,aAPVmTYks9bEz0xpvfQa,5,2026-08-20 19:33:39,,,,"Бежевый, кремовый · 30х50 см, 50х90 см, 70х140 см",0,0,,,,2026-09-21T14:15:25+03:00
wildberries,559125882,1941869134,Diana Store,Набор полотенец для ванной 50х80 и 70х130,LOxgWDojxlGCKfNT6Byl,5,2026-08-20 16:50:38,,все как на фото,,бежевый,0,0,,,,2026-09-21T14:15:25+03:00
wildberries,559125882,1941869134,Diana Store,Набор полотенец для ванной 50х80 и 70х130,Ptsv0sryMJv0axSz9GuZ,5,2026-08-20 14:03:57,"замечательные, заказала еще",,,бежевый,,0,,,,2026-09-21T14:15:25+03:00
wildberries,559125882,1941869134,Diana Store,Набор полотенец для ванной 50х80 и 70х130,5aOzML3y4goqHHBqruOd,5,2026-08-20 12:34:13,"Полотенца мягкие, качество отличное, спасибо продавцу. Рекомендую 👍",,,"Серый, графит · 30х50 см, 50х90 см, 70х140 см",0,0,,,,2026-09-21T14:15:25+03:00
wildberries,559125882,1941869134,Diana Store,Набор полотенец для ванной 50х80 и 70х130,jTtnqppV9bkaBqHQzikQ,1,2026-08-20 11:12:22,"Это не махровые полотенца, а просто тонкие тряпочки.",,,"Зеленый, синий · 30х50 см, 50х90 см, 70х140 см",0,0,,,,2026-09-21T14:15:25+03:00
wildberries,559125882,1941869134,Diana Store,Набор полотенец для ванной 50х80 и 70х130,7H7jAzRYhrF2ffHY4cuW,4,2026-08-20 09:25:40,Заказывала два комплекта разного цвета. На одном торчали нитки. Ко второму претензий нет,,,бежевый,,0,,,,2026-09-21T14:15:25+03:00
wildberries,559125882,1941869134,Diana Store,Набор полотенец для ванной 50х80 и 70х130,dxDUDvaV9nvCeQgp7ZQm,5,2026-08-20 09:22:33,,,,голубой,,0,,,,2026-09-21T14:15:25+03:00
wildberries,559125882,1941869134,Diana Store,Набор полотенец для ванной 50х80 и 70х130,Sb36TJEKIaL6vvkcd7ni,5,2026-08-20 05:31:10,,,,"Розовый · 30х50 см, 50х90 см, 70х140 см",0,0,,,,2026-09-21T14:15:25+03:00
wildberries,559125882,1941869134,Diana Store,Набор полотенец для ванной 50х80 и 70х130,rLZtbNDfIqHm533rxWPD,5,2026-08-20 04:36:06,Я брала в подарок понравилось,,,"Фиолетовый, сиреневый · 30х50 см, 50х90 см, 70х140 см",0,1,,,,2026-09-21T14:15:25+03:00
wildberries,559125882,1941869134,Diana Store,Набор полотенец для ванной 50х80 и 70х130,eDFGcEJEhbqWC0otuT9k,5,2026-08-19 13:37:21,,,,серый,,0,,,,2026-09-21T14:15:25+03:00
wildberries,559125882,1941869134,Diana Store,Набор полотенец для ванной 50х80 и 70х130,DFKytqlbzR6eBpASX47H,4,2026-08-19 12:33:38,"Выкуп, но цвет не соответствует картинки, качество хорошее",,,"Голубой · 50х80 см, 70х130 см",0,0,,,,2026-09-21T14:15:25+03:00
wildberries,559125882,1941869134,Diana Store,Набор полотенец для ванной 50х80 и 70х130,i0n6lWqURQrJl5AYdbEQ,4,2026-08-19 12:32:44,"Хорошее качество, цвет не соответствует картинки, выкуп",,,"Розовый · 50х80 см, 70х130 см",0,0,,,,2026-09-21T14:15:25+03:00
wildberries,559125882,1941869134,Diana Store,Набор полотенец для ванной 50х80 и 70х130,r53vbzfeEScQ1NUTO3MC,5,2026-08-19 10:46:51,"Купила для посуточно кв хорошее качество отстирывается все , но нитки со временем лезут",,,белый,,1,,,,2026-09-21T14:15:25+03:00
wildberries,559125882,1941869134,Diana Store,Набор полотенец для ванной 50х80 и 70х130,uaYTNmZ9CErFwaoUA2zk,5,2026-08-19 09:48:34,,,,"Зеленый, голубой · 30х50 см, 50х90 см, 70х140 см",0,0,,,,2026-09-21T14:15:25+03:00
wildberries,559125882,1941869134,Diana Store,Набор полотенец для ванной 50х80 и 70х130,Eo4NTa3Camp4weTsCL7K,5,2026-08-19 09:48:28,,,,"Зеленый, синий · 30х50 см, 50х90 см, 70х140 см",0,0,,,,2026-09-21T14:15:25+03:00
wildberries,559125882,1941869134,Diana Store,Набор полотенец для ванной 50х80 и 70х130,1c1DtWZHG20Jl680vTUC,4,2026-08-19 09:48:21,,,,"Черный · 30х50 см, 50х90 см, 70х140 см",0,0,,,,2026-09-21T14:15:25+03:00
wildberries,559125882,1941869134,Diana Store,Набор полотенец для ванной 50х80 и 70х130,YUv46rclBp3cUJ7AEymR,5,2026-08-19 09:07:26,Отличные полотенца!,,,голубой,,0,,,,2026-09-21T14:15:25+03:00
wildberries,559125882,1941869134,Diana Store,Набор полотенец для ванной 50х80 и 70х130,FkuZOZcHy8H9NgTawsXr,5,2026-08-19 07:51:20,"Полотенца нежные, мягкие, очень хорошо впитывают. За такую цену такое качество!!! Рекомендую",,,"Розовый · 30х50 см, 50х90 см, 70х140 см",0,0,,,,2026-09-21T14:15:25+03:00
wildberries,559125882,1941869134,Diana Store,Набор полотенец для ванной 50х80 и 70х130,71WcBNL7J9z3YAfYPSzV,5,2026-08-19 07:40:33,"Немножко не такие по качеству , как я думала , ну в целом всё нормально, мягкие на ощупь.",,,"Синий · 30х50 см, 50х90 см, 70х140 см",0,0,,,,2026-09-21T14:15:25+03:00
wildberries,559125882,1941869134,Diana Store,Набор полотенец для ванной 50х80 и 70х130,Vy6UJXce83Qa90mbZAi4,5,2026-08-19 06:06:37,,"Хороший набор, брали 19 на подарок коллегам",,"Серый · 30х50 см, 50х90 см, 70х140 см",0,0,,,,2026-09-21T14:15:25+03:00
wildberries,559125882,1941869134,Diana Store,Набор полотенец для ванной 50х80 и 70х130,DQlU9Wxm5D6Bkjsrq5IU,5,2026-08-18 15:26:00,Полотенца понравились. Махровенькие и яркие. Рекомендую 👍,,,"Зеленый, голубой · 30х50 см, 50х90 см, 70х140 см",0,0,,,,2026-09-21T14:15:25+03:00
wildberries,559125882,1941869134,Diana Store,Набор полотенец для ванной 50х80 и 70х130,1M254dhp9qhDVlpFVySC,5,2026-08-18 12:00:50,,Цвет красивый,"Слишком тонкое, на мой вкус","Серый, графит · 30х50 см, 50х90 см, 70х140 см",0,0,,,,2026-09-21T14:15:25+03:00
wildberries,559125882,1941869134,Diana Store,Набор полотенец для ванной 50х80 и 70х130,9twqp3LW0CjiHyAfwlA1,3,2026-08-18 11:47:02,"Впечатления, те же, беда рынке текстиля...",,,"Синий · 30х50 см, 50х90 см, 70х140 см",0,0,,,,2026-09-21T14:15:25+03:00
wildberries,559125882,1941869134,Diana Store,Набор полотенец для ванной 50х80 и 70х130,DTFAGH6Q0HlcSAidEzIC,3,2026-08-18 06:33:28,"Тонкое.. Ожиданий , заказ не оправдал..",,,"Синий · 30х50 см, 50х90 см, 70х140 см",0,0,,,,2026-09-21T14:15:25+03:00
wildberries,559125882,1941869134,Diana Store,Набор полотенец для ванной 50х80 и 70х130,4Vogec6cbLhumdnRnuz3,5,2026-08-18 07:50:45,,набор хороший 19 наборов брали на подарок коллегам,,"Серый · 30х50 см, 50х90 см, 70х140 см",0,0,,,,2026-09-21T14:15:25+03:00
wildberries,559125882,1941869134,Diana Store,Набор полотенец для ванной 50х80 и 70х130,QBSjXg0HBD35KkFeDpgK,2,2026-08-18 07:09:15,,,,белый,0,0,,,,2026-09-21T14:15:25+03:00
wildberries,559125882,1941869134,Diana Store,Набор полотенец для ванной 50х80 и 70х130,tLEVz9or6w9HcARa0qmp,5,2026-08-18 04:51:48,,,,"Белый · 30х50 см, 50х90 см, 70х140 см",0,0,,,,2026-09-21T14:15:25+03:00
wildberries,559125882,1941869134,Diana Store,Набор полотенец для ванной 50х80 и 70х130,Xrk9pMfOa9a6u9MV6Dy1,5,2026-08-18 04:00:29,,,,розовый,0,0,,,,2026-09-21T14:15:25+03:00
wildberries,559125882,1941869134,Diana Store,Набор полотенец для ванной 50х80 и 70х130,GKz5s6PRX67OzEJ1WkS0,5,2026-08-17 20:24:40,,,,фиолетовый,,0,,,,2026-09-21T14:15:25+03:00
wildberries,559125882,1941869134,Diana Store,Набор полотенец для ванной 50х80 и 70х130,MTixX4orGCJAt6DyrDC6,5,2026-08-17 19:49:49,,,,красный,,0,,,,2026-09-21T14:15:25+03:00
wildberries,559125882,1941869134,Diana Store,Набор полотенец для ванной 50х80 и 70х130,Z78ynhZPlcaZR1RNY9zR,5,2026-08-17 18:57:22,,,,розовый,0,0,,,,2026-09-21T14:15:25+03:00
wildberries,559125882,1941869134,Diana Store,Набор полотенец для ванной 50х80 и 70х130,KMe4xDSRacMSZy0SrcQj,5,2026-08-17 18:57:16,,,,розовый,0,1,,,,2026-09-21T14:15:25+03:00
wildberries,559125882,1941869134,Diana Store,Набор полотенец для ванной 50х80 и 70х130,ujaQA49UTvEzVAeYNyoW,5,2026-08-17 18:57:10,,,,зеленый,0,0,,,,2026-09-21T14:15:25+03:00
wildberries,559125882,1941869134,Diana Store,Набор полотенец для ванной 50х80 и 70х130,uogBYtDTq52RTtdNoA8C,5,2026-08-17 18:56:46,,,,голубой,0,0,,,,2026-09-21T14:15:25+03:00
wildberries,559125882,1941869134,Diana Store,Набор полотенец для ванной 50х80 и 70х130,SGm1Nz294u69lW4rQ5qO,5,2026-08-17 18:56:40,,,,бежевый,0,0,,,,2026-09-21T14:15:25+03:00
wildberries,559125882,1941869134,Diana Store,Набор полотенец для ванной 50х80 и 70х130,SAn0U9CtkHFvTfX1FYk4,5,2026-08-17 18:56:28,,,,серый,0,0,,,,2026-09-21T14:15:25+03:00
wildberries,559125882,1941869134,Diana Store,Набор полотенец для ванной 50х80 и 70х130,jA2x30eVxv7IzMRejy04,5,2026-08-17 18:56:10,,,,голубой,0,0,,,,2026-09-21T14:15:25+03:00
wildberries,559125882,1941869134,Diana Store,Набор полотенец для ванной 50х80 и 70х130,otrmCF8RpaC2eG9F28Z2,5,2026-08-17 18:56:02,,,,бежевый,0,0,,,,2026-09-21T14:15:25+03:00
wildberries,559125882,1941869134,Diana Store,Набор полотенец для ванной 50х80 и 70х130,yX3XNvyuFhYPDpPIqZnt,5,2026-08-17 17:34:48,,,,"Фиолетовый, сиреневый · 30х50 см, 50х90 см, 70х140 см",0,0,,,,2026-09-21T14:15:25+03:00
wildberries,559125882,1941869134,Diana Store,Набор полотенец для ванной 50х80 и 70х130,cwML4lKM3S9eZx6tnIbn,5,2026-08-17 17:17:20,,,,"Голубой, серый · 50х80 см, 70х130 см",0,0,,,,2026-09-21T14:15:25+03:00
wildberries,306216941,532816478,KARNA,"Полотенце для лица и рук махровое 50х90 набор, турецкое",opUDvIjkFQxYB85giogj,1,2026-09-21 10:26:55,Цвет отличается от карточки . Они не махровые !!,,,фиолетовый,,0,,,,2026-09-21T14:15:25+03:00
wildberries,306216941,532816478,KARNA,"Полотенце для лица и рук махровое 50х90 набор, турецкое",xoGQyheROhbWZw4EYq4p,5,2026-09-21 09:52:14,,,,Белый · 70х140 см,0,0,,,,2026-09-21T14:15:25+03:00
wildberries,306216941,532816478,KARNA,"Полотенце для лица и рук махровое 50х90 набор, турецкое",9B69lnq6EMcoxlp3wDw2,5,2026-09-20 21:18:22,Качество хорошее. Есть петельки.,,,Серый · 50х90 см,0,0,,,,2026-09-21T14:15:25+03:00
wildberries,306216941,532816478,KARNA,"Полотенце для лица и рук махровое 50х90 набор, турецкое",BSKCh2kg9POoBSXO1Dwh,5,2026-09-20 20:34:30,,,,Кремовый · 70х140 см,0,0,,,,2026-09-21T14:15:25+03:00
wildberries,306216941,532816478,KARNA,"Полотенце для лица и рук махровое 50х90 набор, турецкое",DFW3aNlGUliTXvSSciy2,5,2026-09-20 20:34:17,,,,"Светло-серый, серый · 70х140 см",0,0,,,,2026-09-21T14:15:25+03:00
wildberries,306216941,532816478,KARNA,"Полотенце для лица и рук махровое 50х90 набор, турецкое",c26iNNMecaC5IcsnDFck,5,2026-09-20 20:33:59,,,,Темно-персиковый · 70х140 см,0,0,,,,2026-09-21T14:15:25+03:00
wildberries,306216941,532816478,KARNA,"Полотенце для лица и рук махровое 50х90 набор, турецкое",V2urehewNGbHzpnlwBUI,4,2026-09-20 15:12:58,🙏,,,"Лавандовый, сиреневый · 50х90 см",0,0,,,,2026-09-21T14:15:25+03:00
wildberries,306216941,532816478,KARNA,"Полотенце для лица и рук махровое 50х90 набор, турецкое",EF5tK3tEwWa9v9LZoVxX,5,2026-09-20 13:42:07,"Упаковали красиво, полотенце мягкое,впитывает влагу хорошо, советую",,,"Светло-сиреневый, бледно-лиловый · 50х90 см",0,0,,,,2026-09-21T14:15:25+03:00
wildberries,306216941,532816478,KARNA,"Полотенце для лица и рук махровое 50х90 набор, турецкое",XUknWr1oh70J359mFrM5,5,2026-09-20 12:49:09,"Красивые, плотные, вторые беру этой фирмы, очень нравятся",,,Синий · 50х90 см,0,0,,,,2026-09-21T14:15:25+03:00
wildberries,306216941,532816478,KARNA,"Полотенце для лица и рук махровое 50х90 набор, турецкое",XGUYu7zxBEz66xKe1eIJ,5,2026-09-20 11:18:00,"Взяли в подарок ,спасибо",,,"Лавандовый, фиолетовый · 70х140 см, 50х90 см",0,0,,,,2026-09-21T14:15:25+03:00
wildberries,306216941,532816478,KARNA,"Полотенце для лица и рук махровое 50х90 набор, турецкое",qUOaVHxVCqxfg9ZbKkUB,5,2026-09-20 11:05:30,Все отлично,,,Светло-сиреневый · 70х140 см,0,0,,,,2026-09-21T14:15:25+03:00
wildberries,306216941,532816478,KARNA,"Полотенце для лица и рук махровое 50х90 набор, турецкое",E2Ffka2m7j6yKMqgpx9k,5,2026-09-20 10:27:24,"Хороший товар, качество на высоте  👍 рекомендую всем!!!",,,"Темно-серый, серый графит · 50х90 см",0,0,,,,2026-09-21T14:15:25+03:00
wildberries,306216941,532816478,KARNA,"Полотенце для лица и рук махровое 50х90 набор, турецкое",SmynOltspXjfm8w3OYMF,5,2026-09-20 09:21:44,,,,Лавандовый · 70х140 см,0,0,,,,2026-09-21T14:15:25+03:00
wildberries,306216941,532816478,KARNA,"Полотенце для лица и рук махровое 50х90 набор, турецкое",PXPdvToRh6Z6ffCFCGZx,5,2026-09-20 08:26:51,,,,коричневый,0,0,,,,2026-09-21T14:15:25+03:00
wildberries,306216941,532816478,KARNA,"Полотенце для лица и рук махровое 50х90 набор, турецкое",D64deKcrrOI5IGdcov5Q,5,2026-09-19 16:10:30,Отличные полотенца.Беру не первый раз!,,,"Темно-серый, серый графит · 50х90 см",0,0,,,,2026-09-21T14:15:25+03:00
wildberries,306216941,532816478,KARNA,"Полотенце для лица и рук махровое 50х90 набор, турецкое",RIVlONmeTeOK9SDQ6eUv,5,2026-09-19 15:51:46,,,,фиолетовый,0,0,,,,2026-09-21T14:15:25+03:00
wildberries,306216941,532816478,KARNA,"Полотенце для лица и рук махровое 50х90 набор, турецкое",GJVh1kW2eR2wB9j7pOlR,5,2026-09-19 14:38:07,,,,"Светло-сиреневый, бледно-лиловый · 50х90 см",0,0,,,,2026-09-21T14:15:25+03:00
wildberries,306216941,532816478,KARNA,"Полотенце для лица и рук махровое 50х90 набор, турецкое",Fc6W7C60dc939pAzPAZ7,5,2026-09-19 13:17:46,"Люблю эту фирму, покупала уже несколько раз. Очень хорошее качество. Полотенца мягкие пушистые и хорошо впитывают влагу",,,голубой,,0,,,,2026-09-21T14:15:25+03:00
wildberries,306216941,532816478,KARNA,"Полотенце для лица и рук махровое 50х90 набор, турецкое",69aE2KZcvjV8RtOseGcZ,5,2026-09-19 12:21:38,,,,Капучино · 50х90 см,0,0,,,,2026-09-21T14:15:25+03:00
wildberries,306216941,532816478,KARNA,"Полотенце для лица и рук махровое 50х90 набор, турецкое",NHcUcWI2HhCmY62FXeQW,5,2026-09-19 10:19:18,,,,"Хаки, травяной зеленый · 70х140 см",0,0,,,,2026-09-21T14:15:25+03:00
wildberries,306216941,532816478,KARNA,"Полотенце для лица и рук махровое 50х90 набор, турецкое",PhEhiwlwouwyOdvU9Bot,5,2026-09-19 08:44:44,Хорошо впитывает влагу. Качество хорошее.,,,"Темно-серый, серый графит · 50х90 см",0,0,,,,2026-09-21T14:15:25+03:00
wildberries,306216941,532816478,KARNA,"Полотенце для лица и рук махровое 50х90 набор, турецкое",7KYP6hZuf5Y5QO02CtBt,5,2026-09-19 08:06:20,Подарок мой понравился имениннику!,,,Синий · 50х90 см,0,0,,,,2026-09-21T14:15:25+03:00
wildberries,306216941,532816478,KARNA,"Полотенце для лица и рук махровое 50х90 набор, турецкое",ugRB85hJYC4We5CB2Fjy,5,2026-09-19 07:22:13,,,,"Лавандовый, сиреневый · 50х90 см",0,0,,,,2026-09-21T14:15:25+03:00
wildberries,306216941,532816478,KARNA,"Полотенце для лица и рук махровое 50х90 набор, турецкое",8vdJD6lyyxIueVZE3kqB,5,2026-09-19 05:33:06,,,,серый,,0,,,,2026-09-21T14:15:25+03:00
wildberries,306216941,532816478,KARNA,"Полотенце для лица и рук махровое 50х90 набор, турецкое",sIDiCf9QzIV1lIy1Yvq2,5,2026-09-18 21:10:58,,,,Лавандовый · 70х140 см,0,0,,,,2026-09-21T14:15:25+03:00
wildberries,306216941,532816478,KARNA,"Полотенце для лица и рук махровое 50х90 набор, турецкое",XwEHZvvt65s3q0CXSv3Y,5,2026-09-18 17:59:10,,,,Кофейный · 70х140 см,0,0,,,,2026-09-21T14:15:25+03:00
wildberries,306216941,532816478,KARNA,"Полотенце для лица и рук махровое 50х90 набор, турецкое",UeI2OAl86tGuzIPWqwGh,5,2026-09-18 16:38:01,👍😘,,,"Лавандовый, сиреневый · 50х90 см",0,0,,,,2026-09-21T14:15:25+03:00
wildberries,306216941,532816478,KARNA,"Полотенце для лица и рук махровое 50х90 набор, турецкое",dhMFFRfwFEvgVxWL6AVj,5,2026-09-18 13:53:02,Дорого,,,фиолетовый,,0,,,,2026-09-21T14:15:25+03:00
wildberries,306216941,532816478,KARNA,"Полотенце для лица и рук махровое 50х90 набор, турецкое",dO3ZAUln7BAtI1L7ZQO5,5,2026-09-18 13:21:58,,,,зеленый,,0,,,,2026-09-21T14:15:25+03:00
wildberries,306216941,532816478,KARNA,"Полотенце для лица и рук махровое 50х90 набор, турецкое",g5cX6rk7W2ZVIJBd5PTf,5,2026-09-18 11:38:36,"Хорошее полотенце-плотный ворс, мягкость, впитываемость. После стирки качество не изменилось",,,зеленый,,0,,,,2026-09-21T14:15:25+03:00
wildberries,306216941,532816478,KARNA,"Полотенце для лица и рук махровое 50х90 набор, турецкое",YWPJzbcpBZMkwPiGRpOy,3,2026-09-18 09:10:03,Набор не прям Вау. Брала на подарок. Хотелось бы чуть потолще. Оформление хорошее,,,"Индиго · 70х140 см, 50х90 см",0,0,,,,2026-09-21T14:15:25+03:00
wildberries,306216941,532816478,KARNA,"Полотенце для лица и рук махровое 50х90 набор, турецкое",0AnyDgUGMXwsepo7UWCP,5,2026-09-18 08:41:50,,,,"Хаки, травяной зеленый · 70х140 см",0,0,,,,2026-09-21T14:15:25+03:00
wildberries,306216941,532816478,KARNA,"Полотенце для лица и рук махровое 50х90 набор, турецкое",xsEFaIKJkP9EVao2qaD7,5,2026-09-18 04:33:45,,,,"Хаки, зеленый · 50х90 см",0,0,,,,2026-09-21T14:15:25+03:00
wildberries,306216941,532816478,KARNA,"Полотенце для лица и рук махровое 50х90 набор, турецкое",33WZHAZvmqjAhtba8Uwi,5,2026-09-17 19:21:17,"Какое качество суперское!! Хорошо впитывает.Очень рада, что на ВБ нашла эту фирму!Рекомендую!!!",,,фиолетовый,,0,,,,2026-09-21T14:15:25+03:00
wildberries,306216941,532816478,KARNA,"Полотенце для лица и рук махровое 50х90 набор, турецкое",mZp0JqZ68CPiGF0PVVT4,5,2026-09-17 17:15:46,,,,Серый · 50х90 см,0,0,,,,2026-09-21T14:15:25+03:00
wildberries,306216941,532816478,KARNA,"Полотенце для лица и рук махровое 50х90 набор, турецкое",Y1cvyqrMC6Oc4fuoIPnl,5,2026-09-17 16:38:03,Полотенца замечательные. Рекомендую к покупке.,,,"Светло-сиреневый, бледно-лиловый · 50х90 см",0,0,,,,2026-09-21T14:15:25+03:00
wildberries,306216941,532816478,KARNA,"Полотенце для лица и рук махровое 50х90 набор, турецкое",MJ7PtSTLtzdE4L4CWP5U,5,2026-09-17 13:37:10,Заказала на подарок очень понравилось рекамендю,,,фиолетовый,,0,,,,2026-09-21T14:15:25+03:00
wildberries,306216941,532816478,KARNA,"Полотенце для лица и рук махровое 50х90 набор, турецкое",bWSsr8ZXV6UdG52ZpO8q,5,2026-08-12 05:32:26,Очень красивая чем я ожидала даже закажу еще,,,фиолетовый,,0,,,,2026-09-21T14:15:25+03:00
wildberries,306216941,532816478,KARNA,"Полотенце для лица и рук махровое 50х90 набор, турецкое",hfCoEcAW62mC3JtDcgV6,5,2026-09-17 11:55:01,"Турецкое качественное полотенце, Супер.....",,,бежевый,0,0,,,,2026-09-21T14:15:25+03:00
wildberries,306216941,532816478,KARNA,"Полотенце для лица и рук махровое 50х90 набор, турецкое",geNcgHUKUxTFXE2ddVKR,5,2026-09-17 09:27:43,Очень мягкое и качественное полотенце,,,Темно-серый · 70х140 см,0,0,,,,2026-09-21T14:15:25+03:00
wildberries,306216941,532816478,KARNA,"Полотенце для лица и рук махровое 50х90 набор, турецкое",SJZVn2g9eePKVSmPCHQv,5,2026-09-17 07:10:15,Хорошие качественные полотенца. Спасибо!,,,"Темно-серый, серый графит · 50х90 см",0,0,,,,2026-09-21T14:15:25+03:00
wildberries,306216941,532816478,KARNA,"Полотенце для лица и рук махровое 50х90 набор, турецкое",XGFBeYhvDjufT5k9K3MX,5,2026-09-16 20:01:27,"Полотенце хорошего качества, соответствует описанию.Спасибо большое продавцу! Рекомендую",,,Светло-сиреневый · 70х140 см,0,0,,,,2026-09-21T14:15:25+03:00
wildberries,306216941,532816478,KARNA,"Полотенце для лица и рук махровое 50х90 набор, турецкое",nDkwzHTmz2Y3VJ3RzrAR,5,2026-09-16 18:54:33,"Полотенце очень качественное, хорошо упаковано для  подарка, выкупили другое этой же марки",,,фиолетовый,0,0,,,,2026-09-21T14:15:25+03:00
wildberries,306216941,532816478,KARNA,"Полотенце для лица и рук махровое 50х90 набор, турецкое",YbzxxG5HoGBPG9ouGoCn,5,2026-09-16 18:21:29,,,,серый,,0,,,,2026-09-21T14:15:25+03:00
wildberries,306216941,532816478,KARNA,"Полотенце для лица и рук махровое 50х90 набор, турецкое",kRVDAyhZPVSn0biddLhK,5,2026-09-16 16:22:04,Хорошее мягкое полотенце,,,"Лавандовый, сиреневый · 50х90 см",0,0,,,,2026-09-21T14:15:25+03:00
wildberries,306216941,532816478,KARNA,"Полотенце для лица и рук махровое 50х90 набор, турецкое",M1rlO7xPgPxyI3D2qx7h,5,2026-09-16 15:14:15,,,,"Синий, индиго · 70х140 см",0,0,,,,2026-09-21T14:15:25+03:00
wildberries,306216941,532816478,KARNA,"Полотенце для лица и рук махровое 50х90 набор, турецкое",xPjimX9sIqvWDjkWfwjX,5,2026-09-16 14:59:08,,,,фиолетовый,,0,,,,2026-09-21T14:15:25+03:00
wildberries,306216941,532816478,KARNA,"Полотенце для лица и рук махровое 50х90 набор, турецкое",syfj6AiW4uZRAUVdn2YM,5,2026-09-16 14:59:01,,,,синий,,0,,,,2026-09-21T14:15:25+03:00
wildberries,306216941,532816478,KARNA,"Полотенце для лица и рук махровое 50х90 набор, турецкое",WKKC46H87QLy7ihVZBok,5,2026-09-16 11:17:37,"Полотенце красивое, мягкое, хорошо впитывает",,,Синий · 50х90 см,0,0,,,,2026-09-21T14:15:25+03:00
wildberries,306216941,532816478,KARNA,"Полотенце для лица и рук махровое 50х90 набор, турецкое",D7B5puv28LLAJ2sEohg1,5,2026-09-16 11:17:16,Полотенце красивое и качественное,,,"Хаки, травяной зеленый · 70х140 см",0,0,,,,2026-09-21T14:15:25+03:00
wildberries,306216941,532816478,KARNA,"Полотенце для лица и рук махровое 50х90 набор, турецкое",4vRJAnnMLm9xcY2NF2Az,5,2026-09-16 10:33:55,Хорошие полотенца,,,"Темно-серый, антрацитово-серый · 70х140 см, 50х90 см",0,0,,,,2026-09-21T14:15:25+03:00
wildberries,306216941,532816478,KARNA,"Полотенце для лица и рук махровое 50х90 набор, турецкое",6EbaIcgQBBjJe0gOJIsO,5,2026-09-16 10:24:20,,,,"Светло-сиреневый, бледно-лиловый · 50х90 см",0,0,,,,2026-09-21T14:15:25+03:00
wildberries,306216941,532816478,KARNA,"Полотенце для лица и рук махровое 50х90 набор, турецкое",ibzDv7XE8m4FidrTf3Jw,5,2026-09-16 07:32:34,,,,синий,,0,,,,2026-09-21T14:15:25+03:00
wildberries,306216941,532816478,KARNA,"Полотенце для лица и рук махровое 50х90 набор, турецкое",McsFrWiMwbgQ5r8KeD9G,5,2026-09-16 04:55:12,"Полотенца хорошо упакованы, качество отличное, плотные",,,коричневый,,0,,,,2026-09-21T14:15:25+03:00
wildberries,306216941,532816478,KARNA,"Полотенце для лица и рук махровое 50х90 набор, турецкое",g3GTITqk7hn03PG9RHDe,5,2026-09-16 01:43:18,Супер полотенца. Очень красивый цвет.,,,"Светло-сиреневый, бледно-лиловый · 50х90 см",0,0,,,,2026-09-21T14:15:25+03:00
wildberries,306216941,532816478,KARNA,"Полотенце для лица и рук махровое 50х90 набор, турецкое",UChtqg2MJ8mgrhrBlCTi,5,2026-09-15 19:27:56,,,,"Кофейный, кофейный десерт · 70х140 см, 50х90 см",0,0,,,,2026-09-21T14:15:25+03:00
wildberries,306216941,532816478,KARNA,"Полотенце для лица и рук махровое 50х90 набор, турецкое",0euYR39YwLdkBdXnqxa3,5,2026-09-15 18:37:27,,,,"Лавандовый, сиреневый · 50х90 см",0,0,,,,2026-09-21T14:15:25+03:00
wildberries,306216941,532816478,KARNA,"Полотенце для лица и рук махровое 50х90 набор, турецкое",u4IJkqR9qRFB8bhNF29H,5,2026-09-15 14:43:00,,,,"Хаки, зеленый · 50х90 см",0,0,,,,2026-09-21T14:15:25+03:00
wildberries,306216941,532816478,KARNA,"Полотенце для лица и рук махровое 50х90 набор, турецкое",hXu0W0ipjCwZsKG0iLuX,5,2026-09-15 14:22:18,,,,"Белый, белый иней · 50х90 см",0,0,,,,2026-09-21T14:15:25+03:00
wildberries,306216941,532816478,KARNA,"Полотенце для лица и рук махровое 50х90 набор, турецкое",FTef9KQPjtEMoaX5ceqk,5,2026-09-15 14:22:03,"Беру не первый раз! Я просто в восторге. Мягкие, пушистые, вытирают на все сто. Спасибо!",,,"Кремовый, кремово-белый · 50х90 см",0,0,,,,2026-09-21T14:15:25+03:00
wildberries,306216941,532816478,KARNA,"Полотенце для лица и рук махровое 50х90 набор, турецкое",Y9XgldMVEzpj9e2BJ1ne,4,2026-09-15 12:26:28,"Ожидала лучшего качества от Турции. Возможно, после нескольких стирок будет лучше.","Красивое, приятное на ощупь","Увы, впитывает плохо (",бежевый,0,0,,,,2026-09-21T14:15:25+03:00
wildberries,306216941,532816478,KARNA,"Полотенце для лица и рук махровое 50х90 набор, турецкое",6HxeOiUjh25rBzQxqmyp,5,2026-09-15 12:00:52,,,,"Хаки, зеленый · 50х90 см",0,0,,,,2026-09-21T14:15:25+03:00
wildberries,306216941,532816478,KARNA,"Полотенце для лица и рук махровое 50х90 набор, турецкое",vLPcP2BkdGspVpcCwfEu,5,2026-09-15 08:43:49,"Полотенца очень хорошие . Хочу все свои полотенца заменить на такие. Мягкие, пушистые. Одно удовольствие ими пользоваться.",,,"Лососевый, шампань · 50х90 см",0,0,,,,2026-09-21T14:15:25+03:00
wildberries,306216941,532816478,KARNA,"Полотенце для лица и рук махровое 50х90 набор, турецкое",ouVJo6doMWGdfGJLPjYD,5,2026-09-15 02:24:36,РЕКОМЕНДУЮ!!! 👍,,,"Хаки, травяной зеленый · 70х140 см",0,0,,,,2026-09-21T14:15:25+03:00
wildberries,306216941,532816478,KARNA,"Полотенце для лица и рук махровое 50х90 набор, турецкое",DNBz51rLG7xnjYkxaaX8,5,2026-09-14 19:43:59,Полотенце понравилось,,,фиолетовый,,1,,,,2026-09-21T14:15:25+03:00
wildberries,306216941,532816478,KARNA,"Полотенце для лица и рук махровое 50х90 набор, турецкое",ABEByoO3mHvSRXu6j4RM,5,2026-09-14 19:26:52,,,,"Темно-серый, серый графит · 50х90 см",0,0,,,,2026-09-21T14:15:25+03:00
wildberries,306216941,532816478,KARNA,"Полотенце для лица и рук махровое 50х90 набор, турецкое",m9d9NVbZP2R7KyOwroVr,5,2026-09-14 17:06:54,Рекомендую,,,фиолетовый,,0,,,,2026-09-21T14:15:25+03:00
wildberries,306216941,532816478,KARNA,"Полотенце для лица и рук махровое 50х90 набор, турецкое",sLs2xNKsczphqbx5ghmd,5,2026-09-14 14:57:35,,,,Серый · 50х90 см,0,0,,,,2026-09-21T14:15:25+03:00
wildberries,306216941,532816478,KARNA,"Полотенце для лица и рук махровое 50х90 набор, турецкое",B0424fuL8X90buWxOb2M,5,2026-09-14 13:27:28,,,,"Белый, золотистый · 70х140 см",0,0,,,,2026-09-21T14:15:25+03:00
wildberries,306216941,532816478,KARNA,"Полотенце для лица и рук махровое 50х90 набор, турецкое",ut1oTHbBQZTxTldKgONK,5,2026-09-14 09:35:24,"Смотрится красиво, бросила стирать, написано хлопок, посмотрим как будет в деле",,,"Хаки, охотничий зеленый · 70х140 см, 50х90 см",0,0,,,,2026-09-21T14:15:25+03:00
wildberries,306216941,532816478,KARNA,"Полотенце для лица и рук махровое 50х90 набор, турецкое",hHKZ3nBqs16GYi1GTYkE,5,2026-09-14 09:08:41,,,,"Лавандовый, сиреневый · 50х90 см",0,0,,,,2026-09-21T14:15:25+03:00
wildberries,306216941,532816478,KARNA,"Полотенце для лица и рук махровое 50х90 набор, турецкое",YT7Z46ZaKh4jFTC1tTLh,5,2026-09-14 04:46:39,,,,синий,0,0,,,,2026-09-21T14:15:25+03:00
wildberries,306216941,532816478,KARNA,"Полотенце для лица и рук махровое 50х90 набор, турецкое",LQqPw7VesD25liOLgHrr,5,2026-09-14 03:09:43,"Хорошо, что есть возможность купить хорошие, пушистые полотенца. Приятно к лицу прикасаться.",,,"Лавандовый, сиреневый · 50х90 см",0,0,,,,2026-09-21T14:15:25+03:00
wildberries,306216941,532816478,KARNA,"Полотенце для лица и рук махровое 50х90 набор, турецкое",ITs8Qh5gx34bDe4OgUNs,5,2026-09-13 19:16:18,"Действительно махровое полотенце, мягкое, довольна, рекомендую",,,"Белый, золотистый · 70х140 см",0,0,,,,2026-09-21T14:15:25+03:00
wildberries,306216941,532816478,KARNA,"Полотенце для лица и рук махровое 50х90 набор, турецкое",vzHdiYhrR7K4WGBVYSh6,5,2026-09-13 18:58:47,,,,Светло-сиреневый · 70х140 см,0,0,,,,2026-09-21T14:15:25+03:00
wildberries,306216941,532816478,KARNA,"Полотенце для лица и рук махровое 50х90 набор, турецкое",nTqbZuW8WCkbajy082EL,5,2026-09-13 18:14:30,"Мягкое,пушистое,не линяет",,,"Хаки, травяной зеленый · 70х140 см",0,0,,,,2026-09-21T14:15:25+03:00
wildberries,306216941,532816478,KARNA,"Полотенце для лица и рук махровое 50х90 набор, турецкое",NMYc2V343YjcAW0T5f1N,5,2026-09-13 18:13:08,"Мягкое,приятное,не садится,не линяет",,,Лавандовый · 70х140 см,0,0,,,,2026-09-21T14:15:25+03:00
wildberries,306216941,532816478,KARNA,"Полотенце для лица и рук махровое 50х90 набор, турецкое",2rkrXSa1GNSjPtaCnbZG,5,2026-09-13 18:11:11,"Мягкое,пушистое,не линяет,не садится",,,"Светло-серый, серый · 70х140 см",0,0,,,,2026-09-21T14:15:25+03:00
wildberries,306216941,532816478,KARNA,"Полотенце для лица и рук махровое 50х90 набор, турецкое",YI72VN06FffZbLhwLCWx,5,2026-09-13 18:10:27,"Мягкое,не садится,не линяет.Пушистое",,,"Хаки, травяной зеленый · 70х140 см",0,0,,,,2026-09-21T14:15:25+03:00
wildberries,306216941,532816478,KARNA,"Полотенце для лица и рук махровое 50х90 набор, турецкое",Knj9YkygolrWhqn9EnLh,5,2026-09-13 18:09:47,"Очень мягкое,пушистое,не линяет,не садится",,,Светло-сиреневый · 70х140 см,0,0,,,,2026-09-21T14:15:25+03:00
wildberries,306216941,532816478,KARNA,"Полотенце для лица и рук махровое 50х90 набор, турецкое",22C2LRF6YMsaAFnuRxUz,2,2026-09-13 18:09:34,Скаталась ткань в катышки быстро,,,красный,,0,,,,2026-09-21T14:15:25+03:00
wildberries,306216941,532816478,KARNA,"Полотенце для лица и рук махровое 50х90 набор, турецкое",P2BoLG3EcFCTtR7ncDIs,5,2026-09-13 18:05:26,,"Такое нежное и пушистое,очень приятное на ощупь,правда вот воду не очень впитывает.",,фиолетовый,0,0,,,,2026-09-21T14:15:25+03:00
wildberries,306216941,532816478,KARNA,"Полотенце для лица и рук махровое 50х90 набор, турецкое",5l1XvubxdCIJaOqDI1vW,2,2026-09-13 15:07:29,,,,Кофейный · 70х140 см,0,0,,,,2026-09-21T14:15:25+03:00
wildberries,306216941,532816478,KARNA,"Полотенце для лица и рук махровое 50х90 набор, турецкое",yWiv8jvNJwzwKd8e1J4W,5,2026-09-13 14:58:11,,,,"Лососевый, шампань · 50х90 см",0,0,,,,2026-09-21T14:15:25+03:00
wildberries,306216941,532816478,KARNA,"Полотенце для лица и рук махровое 50х90 набор, турецкое",SlcGwEwDEY81RBuGJHeP,5,2026-09-13 12:12:50,"Полотенца просто супер!!! Очень мягкие, хорошо впитывают. Сначала купила одно, попользовалась. Купила еще двух цветов. Попробуйте, не пожалеете)))",,,"Светло-сиреневый, бледно-лиловый · 50х90 см",0,0,,,,2026-09-21T14:15:25+03:00
wildberries,306216941,532816478,KARNA,"Полотенце для лица и рук махровое 50х90 набор, турецкое",prE697s5enTsxQvlSvaT,5,2026-09-13 11:10:58,,,,"Светло-сиреневый, бледно-лиловый · 50х90 см",0,0,,,,2026-09-21T14:15:25+03:00
wildberries,306216941,532816478,KARNA,"Полотенце для лица и рук махровое 50х90 набор, турецкое",fspoFwvYvqxj24lPITYs,5,2026-09-13 09:44:56,Хороший производитель!,,,фиолетовый,,0,,,,2026-09-21T14:15:25+03:00
wildberries,306216941,532816478,KARNA,"Полотенце для лица и рук махровое 50х90 набор, турецкое",1Yex4JSiCuVnbV6TZ9Rs,5,2026-09-13 09:20:55,,,,Кофейный · 70х140 см,0,0,,,,2026-09-21T14:15:25+03:00
wildberries,306216941,532816478,KARNA,"Полотенце для лица и рук махровое 50х90 набор, турецкое",PxzoesplY4olx8z7qLPC,5,2026-09-13 08:06:57,"Качественные полотенца, покупаем не первый раз",,,Лавандовый · 70х140 см,0,0,,,,2026-09-21T14:15:25+03:00
wildberries,306216941,532816478,KARNA,"Полотенце для лица и рук махровое 50х90 набор, турецкое",m8bb7wrfwue1oiLQm5Qm,5,2026-09-13 06:13:22,,,,"Белый, белый матовый · 70х140 см, 50х90 см",0,0,,,,2026-09-21T14:15:25+03:00
wildberries,306216941,532816478,KARNA,"Полотенце для лица и рук махровое 50х90 набор, турецкое",PMFLPBZCrcXU3tCMDbAL,5,2026-09-12 16:19:18,,,,серый,0,0,,,,2026-09-21T14:15:25+03:00
wildberries,306216941,532816478,KARNA,"Полотенце для лица и рук махровое 50х90 набор, турецкое",3utf1efAY5qIOSItj69s,5,2026-09-12 15:19:29,,,,"Белый, золотистый · 70х140 см",0,0,,,,2026-09-21T14:15:25+03:00
wildberries,306216941,532816478,KARNA,"Полотенце для лица и рук махровое 50х90 набор, турецкое",oRhzbfHF47ADyeJtX2DN,5,2026-09-12 14:17:58,,,,"Хаки, зеленый · 50х90 см",0,0,,,,2026-09-21T14:15:25+03:00
wildberries,306216941,532816478,KARNA,"Полотенце для лица и рук махровое 50х90 набор, турецкое",fOhN2JhFHhG8H3G3y9vk,5,2026-09-12 10:40:56,,,,"Темно-серый, серый графит · 50х90 см",0,0,,,,2026-09-21T14:15:25+03:00
wildberries,306216941,532816478,KARNA,"Полотенце для лица и рук махровое 50х90 набор, турецкое",ONGumM4MUW287grXUuhJ,5,2026-09-12 07:49:04,,"Шикарное полотенце. Красивая вышивка, мягкое, отлично впитывает воду.",,белый,0,0,,,,2026-09-21T14:15:25+03:00
wildberries,306216941,532816478,KARNA,"Полотенце для лица и рук махровое 50х90 набор, турецкое",6uVF1o44sWyvTIQwn21u,5,2026-09-12 07:40:18,Просто супер👍,,,зеленый,,0,,,,2026-09-21T14:15:25+03:00
wildberries,306216941,532816478,KARNA,"Полотенце для лица и рук махровое 50х90 набор, турецкое",851VTuD5XRkam0swmiBI,5,2026-09-12 07:25:23,,,,Синий · 50х90 см,0,0,,,,2026-09-21T14:15:25+03:00
wildberries,306216941,532816478,KARNA,"Полотенце для лица и рук махровое 50х90 набор, турецкое",lhXdjblCgkilUGhjAUno,5,2026-09-11 16:05:06,"Супер 👍 рекомендую к покупке, качество отличное 👍👍👍.",,,"Белый, золотистый · 70х140 см",0,0,,,,2026-09-21T14:15:25+03:00
wildberries,306216941,532816478,KARNA,"Полотенце для лица и рук махровое 50х90 набор, турецкое",a3zb2AdLE0DOnlAQVOga,5,2026-09-11 15:25:45,,,,Кофейный · 70х140 см,0,0,,,,2026-09-21T14:15:25+03:00
wildberries,306216941,532816478,KARNA,"Полотенце для лица и рук махровое 50х90 набор, турецкое",AtCSzyn80Wzah009KX6I,5,2026-09-11 12:36:28,Классное полотенце!!! Понравилось!!! Спасибо большое!!!,,,Лавандовый · 70х140 см,0,0,,,,2026-09-21T14:15:25+03:00
wildberries,306216941,532816478,KARNA,"Полотенце для лица и рук махровое 50х90 набор, турецкое",s9HhBzmW35um7YwsAhrm,5,2026-09-11 12:35:18,Классные полотенца!!! Понравились!!! Спасибо большое!!!,,,"Лавандовый, сиреневый · 50х90 см",0,0,,,,2026-09-21T14:15:25+03:00
wildberries,306216941,532816478,KARNA,"Полотенце для лица и рук махровое 50х90 набор, турецкое",OYyLQp8lZ2roWZoHXWDW,5,2026-09-11 11:49:44,"Люблю эту фирму, беру уже на подарки. За год подорожало сильно и качество изменилось. Надеюсь, эти прослужат, так же долго",,,фиолетовый,,0,,,,2026-09-21T14:15:25+03:00
wildberries,306216941,532816478,KARNA,"Полотенце для лица и рук махровое 50х90 набор, турецкое",wSeTinRIPLr8hNAhinft,4,2026-09-10 20:58:38,,,,Светло-сиреневый · 70х140 см,0,0,,,,2026-09-21T14:15:25+03:00
wildberries,306216941,532816478,KARNA,"Полотенце для лица и рук махровое 50х90 набор, турецкое",M4FbZLSzn7QlfMIyxGkc,5,2026-09-10 19:29:15,,,,Капучино · 50х90 см,0,0,,,,2026-09-21T14:15:25+03:00
wildberries,306216941,532816478,KARNA,"Полотенце для лица и рук махровое 50х90 набор, турецкое",PYiekm3uSLEKTOHJmBPx,5,2026-09-10 18:33:14,,,,"Синий, индиго · 70х140 см",0,0,,,,2026-09-21T14:15:25+03:00
wildberries,306216941,532816478,KARNA,"Полотенце для лица и рук махровое 50х90 набор, турецкое",PibZx3aZU3i5CoJ6sEGa,5,2026-09-10 17:02:18,,,,"Светло-сиреневый, бледно-лиловый · 50х90 см",0,0,,,,2026-09-21T14:15:25+03:00
wildberries,306216941,532816478,KARNA,"Полотенце для лица и рук махровое 50х90 набор, турецкое",1CyHKdcHUGGrHVGtU2KU,5,2026-09-10 13:28:46,Хороший качественный комплект полотенец в подарочной упаковке. Покупала для подарка. Одариваемый оказался доволен. Спасибо.,,,серый,,0,,,,2026-09-21T14:15:25+03:00
wildberries,306216941,532816478,KARNA,"Полотенце для лица и рук махровое 50х90 набор, турецкое",JnlqFh45UkYuoBWwL3Hn,5,2026-09-10 11:38:37,,"Цветовая гамма мне очень подошла под интерьер ,плитку в ванной, мягкие,приятные на ощупь,не толстые",Дороговато,фиолетовый,0,0,,,,2026-09-21T14:15:25+03:00
wildberries,306216941,532816478,KARNA,"Полотенце для лица и рук махровое 50х90 набор, турецкое",1j9CVjeGtZEY67WxWy6T,5,2026-09-10 08:58:30,,,,Кофейный · 70х140 см,0,0,,,,2026-09-21T14:15:25+03:00
wildberries,306216941,532816478,KARNA,"Полотенце для лица и рук махровое 50х90 набор, турецкое",mVFdXJGxmOrIt47xOIkV,5,2026-09-10 08:18:38,Очень качественное,,,фиолетовый,,0,,,,2026-09-21T14:15:25+03:00
wildberries,306216941,532816478,KARNA,"Полотенце для лица и рук махровое 50х90 набор, турецкое",1KiAgT65eXVILTx82pRH,5,2026-01-30 16:09:47,,,,фиолетовый,,0,,,,2026-09-21T14:15:25+03:00
wildberries,306216941,532816478,KARNA,"Полотенце для лица и рук махровое 50х90 набор, турецкое",lyvOpMLTC0OyM1HKwsr7,5,2026-09-10 08:18:15,Очень хорошее полотенце,,,коричневый,,0,,,,2026-09-21T14:15:25+03:00
wildberries,306216941,532816478,KARNA,"Полотенце для лица и рук махровое 50х90 набор, турецкое",vaXSv87z6nmGEFymslXs,5,2026-01-30 16:09:55,,,,коричневый,,0,,,,2026-09-21T14:15:25+03:00
wildberries,306216941,532816478,KARNA,"Полотенце для лица и рук махровое 50х90 набор, турецкое",mSySkvQbTmvFFnMLHG9J,5,2026-09-10 08:04:46,Как всегда эти полотенца на высшем уровне!👍,,,Лавандовый · 70х140 см,0,0,,,,2026-09-21T14:15:25+03:00
wildberries,306216941,532816478,KARNA,"Полотенце для лица и рук махровое 50х90 набор, турецкое",h3jcqSHSaLQVJ4JdIg9j,5,2026-09-10 07:57:26,"Мягкое, приятно пользоваться, после стирки внешний вид не изменился.",,,"Белый, белый иней · 50х90 см",0,0,,,,2026-09-21T14:15:25+03:00
wildberries,306216941,532816478,KARNA,"Полотенце для лица и рук махровое 50х90 набор, турецкое",zBmUd5zRqAgnuVUqK8KI,5,2026-09-10 07:38:42,,,,"Лавандовый, сиреневый · 50х90 см",0,0,,,,2026-09-21T14:15:25+03:00
wildberries,306216941,532816478,KARNA,"Полотенце для лица и рук махровое 50х90 набор, турецкое",Djl28JV0soPuL8aHMOp7,5,2026-09-10 06:40:29,,,,бежевый,,0,,,,2026-09-21T14:15:25+03:00
wildberries,306216941,532816478,KARNA,"Полотенце для лица и рук махровое 50х90 набор, турецкое",DBOfHCGd7CkNQjPoSkAb,5,2026-09-10 06:40:17,Отличные мягкие полотенца! Брали в подарок! Всем понравились!,,,коричневый,,0,,,,2026-09-21T14:15:25+03:00
wildberries,306216941,532816478,KARNA,"Полотенце для лица и рук махровое 50х90 набор, турецкое",S9ex0Jj0gx5m9ffyFh7S,5,2026-09-10 02:58:23,,,,"Синий, индиго · 70х140 см",0,0,,,,2026-09-21T14:15:25+03:00
wildberries,306216941,532816478,KARNA,"Полотенце для лица и рук махровое 50х90 набор, турецкое",6gLFls8o3maI4jxFQrRs,5,2026-09-09 13:57:17,Качество супер! К покупке рекомендую.,,,"Темно-серый, серый графит · 50х90 см",0,0,,,,2026-09-21T14:15:25+03:00
wildberries,306216941,532816478,KARNA,"Полотенце для лица и рук махровое 50х90 набор, турецкое",MubjEf17oA6kcLH0nhXK,5,2026-09-09 13:54:18,Отличное качество! Вау!,,,Капучино · 50х90 см,0,0,,,,2026-09-21T14:15:25+03:00
wildberries,306216941,532816478,KARNA,"Полотенце для лица и рук махровое 50х90 набор, турецкое",Uu9uQBoL3wp7d20JX6Pq,5,2026-09-09 13:02:58,Отличные полотенца.,,,"Темно-серый, серый графит · 50х90 см",0,0,,,,2026-09-21T14:15:25+03:00
wildberries,306216941,532816478,KARNA,"Полотенце для лица и рук махровое 50х90 набор, турецкое",ieO5XM2hnNjebDAnuywS,5,2026-09-09 12:21:02,Качество на высоте. Цвет понравился.,,,"Лавандовый, сиреневый · 50х90 см",0,0,,,,2026-09-21T14:15:25+03:00
wildberries,306216941,532816478,KARNA,"Полотенце для лица и рук махровое 50х90 набор, турецкое",vlj20EJVDo2Trxn4w2DX,5,2026-09-09 11:17:37,Качество отличное,,,Синий · 50х90 см,0,0,,,,2026-09-21T14:15:25+03:00
wildberries,306216941,532816478,KARNA,"Полотенце для лица и рук махровое 50х90 набор, турецкое",XIFUfOedKxP17Y5um2UW,5,2026-09-09 10:50:20,Прекрасные полотенца! Купила серого и цвета хаки-4 полотенца размером 50х90 и 2 полотенца таких же цвета размером 90х150. Качество отменное. Советую их приобрести. Не пожалеете!,,,серый,,0,,,,2026-09-21T14:15:25+03:00
wildberries,306216941,532816478,KARNA,"Полотенце для лица и рук махровое 50х90 набор, турецкое",1iTqApWqjmCWEDyQMiki,5,2026-09-09 10:10:15,,,,"Лососевый, шампань · 50х90 см",0,0,,,,2026-09-21T14:15:25+03:00
wildberries,306216941,532816478,KARNA,"Полотенце для лица и рук махровое 50х90 набор, турецкое",I9EB6VV9zs7e3iugfmST,5,2026-09-09 01:02:35,,,,"Хаки, зеленый · 50х90 см",0,0,,,,2026-09-21T14:15:25+03:00
wildberries,306216941,532816478,KARNA,"Полотенце для лица и рук махровое 50х90 набор, турецкое",ln4RIPslpQUjO3xdcdxU,5,2026-09-08 17:47:11,"Упаковка, доставка, сами полотенца- все супер",,,коричневый,,0,,,,2026-09-21T14:15:25+03:00
wildberries,306216941,532816478,KARNA,"Полотенце для лица и рук махровое 50х90 набор, турецкое",HIISQnFaM1i5om7hlerR,5,2026-09-08 17:08:33,,,,"Темно-серый, серый графит · 50х90 см",0,0,,,,2026-09-21T14:15:25+03:00
wildberries,306216941,532816478,KARNA,"Полотенце для лица и рук махровое 50х90 набор, турецкое",i2h8m5O4VGw9q4tJ6oMt,5,2026-09-08 16:51:07,Мягкое. Пушистое. Люблю эту фирму. Всегда хорошее качество продукции. Спасибо,,,"Хаки, зеленый · 50х90 см",0,0,,,,2026-09-21T14:15:25+03:00
wildberries,306216941,532816478,KARNA,"Полотенце для лица и рук махровое 50х90 набор, турецкое",gCTQn4P0g4g4OBYgHQcy,5,2026-09-08 16:09:07,,"Качественные полотенца, красивая и солидная упаковка на подарок",В реальности темнее,фиолетовый,0,0,,,,2026-09-21T14:15:25+03:00
wildberries,306216941,532816478,KARNA,"Полотенце для лица и рук махровое 50х90 набор, турецкое",gq3vu9xgyf3RiIXCDFde,5,2026-09-08 15:58:43,"Отличные мягкие, хорошо впитывающие полотенца. Рекомендую",,,фиолетовый,,0,,,,2026-09-21T14:15:25+03:00
wildberries,306216941,532816478,KARNA,"Полотенце для лица и рук махровое 50х90 набор, турецкое",yJcv1azQW3SIfYVfdLTN,5,2026-09-08 15:34:07,"Приятные, шелковистые. Очень понравились.",,,зеленый,,0,,,,2026-09-21T14:15:25+03:00
wildberries,306216941,532816478,KARNA,"Полотенце для лица и рук махровое 50х90 набор, турецкое",HUALaIzQ96zPQ2RnW0xf,5,2026-09-08 15:25:10,"Очень мягкие, приятные, хорошо впитывают",,,серый,,0,,,,2026-09-21T14:15:25+03:00
wildberries,306216941,532816478,KARNA,"Полотенце для лица и рук махровое 50х90 набор, турецкое",WWlHC8Lg9Sx96E4Si1GW,5,2026-09-08 09:33:03,Очень красивое и мягкое!!!,,,Лавандовый · 70х140 см,0,0,,,,2026-09-21T14:15:25+03:00
wildberries,306216941,532816478,KARNA,"Полотенце для лица и рук махровое 50х90 набор, турецкое",1RNte60bEqcCCEBfdb8m,5,2026-09-08 07:31:48,Очень качественное мягкое полотенце,,,Лавандовый · 70х140 см,0,0,,,,2026-09-21T14:15:25+03:00
wildberries,306216941,532816478,KARNA,"Полотенце для лица и рук махровое 50х90 набор, турецкое",F0hHW9VfJp31xrShmKP9,5,2026-09-08 07:31:19,Очень качественное мягкое полотенце,,,Светло-сиреневый · 70х140 см,0,0,,,,2026-09-21T14:15:25+03:00
wildberries,306216941,532816478,KARNA,"Полотенце для лица и рук махровое 50х90 набор, турецкое",RON3EVqUwzDVFcv7Iqad,5,2026-09-08 02:17:59,"Шикарные полотенца, на подарок брала, понравился!",,,белый,,0,,,,2026-09-21T14:15:25+03:00
wildberries,306216941,532816478,KARNA,"Полотенце для лица и рук махровое 50х90 набор, турецкое",JGByDkDBvqpUNY1ZtbIs,5,2026-09-07 19:01:46,,,,бежевый,0,0,,,,2026-09-21T14:15:25+03:00
wildberries,306216941,532816478,KARNA,"Полотенце для лица и рук махровое 50х90 набор, турецкое",xJZMQ2HKtFV6K4fto3bl,5,2026-09-07 18:49:42,,,,Кофейный · 70х140 см,0,0,,,,2026-09-21T14:15:25+03:00
wildberries,306216941,532816478,KARNA,"Полотенце для лица и рук махровое 50х90 набор, турецкое",KjteBooYmPNzu9llsUe4,5,2026-09-07 17:41:11,,"KARNA, Вы как всегда на высоте! Очень люблю этот бренд. Упаковка на  10 с +, качество на 100. Воспользовалась вашими советами по уходу за полотенцами, они действительно стали после стирки пушистыми и очень мягкими. Пользоваться одно удавольствие. Спасибо за высокое качество, жаль только, что цена опять подскочила.",,"Хаки, зеленый · 50х90 см",0,0,,,,2026-09-21T14:15:25+03:00
wildberries,306216941,532816478,KARNA,"Полотенце для лица и рук махровое 50х90 набор, турецкое",ea9tLNJAfINYmh2Eytp3,5,2026-09-07 14:19:22,,,,Лавандовый · 70х140 см,0,0,,,,2026-09-21T14:15:25+03:00
wildberries,306216941,532816478,KARNA,"Полотенце для лица и рук махровое 50х90 набор, турецкое",uf08k0bv6wkPrv100IBW,5,2026-09-07 13:30:22,,,,синий,0,0,,,,2026-09-21T14:15:25+03:00
wildberries,306216941,532816478,KARNA,"Полотенце для лица и рук махровое 50х90 набор, турецкое",arPiy1y6Vk9x5US1xujF,5,2026-09-07 07:18:23,,,,коричневый,0,0,,,,2026-09-21T14:15:25+03:00
wildberries,306216941,532816478,KARNA,"Полотенце для лица и рук махровое 50х90 набор, турецкое",yeqRqngjKKEsR3IKcPGA,5,2026-09-07 05:19:49,Специально выбрала полотенца такой расцветки. Подбирала к раннее купленным. Очень довольна приобретением: за качество и внешний вид.,,,"Лососевый, шампань · 50х90 см",0,0,,,,2026-09-21T14:15:25+03:00
wildberries,306216941,532816478,KARNA,"Полотенце для лица и рук махровое 50х90 набор, турецкое",dToLIizUDJdJIA578jR8,5,2026-09-07 04:50:06,После стирки полотенце распушились. Мягонькие 👍,,,"Лососевый, шампань · 50х90 см",0,0,,,,2026-09-21T14:15:25+03:00
wildberries,306216941,532816478,KARNA,"Полотенце для лица и рук махровое 50х90 набор, турецкое",1L93k8icd0kgqZdTzbZ4,5,2026-09-06 20:42:08,"Очень мягкое даже после стирки, отлично впитывает влагу",,,Кофейный · 70х140 см,0,0,,,,2026-09-21T14:15:25+03:00
wildberries,306216941,532816478,KARNA,"Полотенце для лица и рук махровое 50х90 набор, турецкое",YpXlEeUvW6N1y15D9UHP,5,2026-09-06 19:47:12,"Качество полотенца на высоте , хлопок 100% Приятное, мягкое   к использованию  махровое полотенце ,мы очень рады .Спасибо производителю !",,,Кремовый · 70х140 см,0,1,,,,2026-09-21T14:15:25+03:00
wildberries,306216941,532816478,KARNA,"Полотенце для лица и рук махровое 50х90 набор, турецкое",YBezcNF42s7FVfWaEksI,5,2026-09-06 18:56:40,"Хорошее качество, очень довольна",,,серый,,0,,,,2026-09-21T14:15:25+03:00
wildberries,306216941,532816478,KARNA,"Полотенце для лица и рук махровое 50х90 набор, турецкое",eW8AIIBnaO8sdAaA9NY7,5,2026-09-06 18:11:04,"Очень хорошие полотенца. Мягкие, нежные, ворс длинный, плотный, впитывают хорошо",,,"Светло-сиреневый, бледно-лиловый · 50х90 см",0,0,,,,2026-09-21T14:15:25+03:00
wildberries,306216941,532816478,KARNA,"Полотенце для лица и рук махровое 50х90 набор, турецкое",ukqs3kqsmde2ZEB8JgaP,5,2026-09-06 17:51:18,Заказываю уже третью расцветку. Все нравится,,,Капучино · 50х90 см,0,0,,,,2026-09-21T14:15:25+03:00
wildberries,306216941,532816478,KARNA,"Полотенце для лица и рук махровое 50х90 набор, турецкое",U4PiIaftjGwqbBQQcmXD,5,2026-09-06 17:00:19,,,,фиолетовый,,0,,,,2026-09-21T14:15:25+03:00
wildberries,306216941,532816478,KARNA,"Полотенце для лица и рук махровое 50х90 набор, турецкое",NKOb4NYMRW5EUhGKmjAC,5,2026-09-06 15:52:12,,,,Синий · 50х90 см,0,0,,,,2026-09-21T14:15:25+03:00
wildberries,306216941,532816478,KARNA,"Полотенце для лица и рук махровое 50х90 набор, турецкое",9JlPgsqlgvk953dqAWYH,5,2026-09-06 12:37:55,,"Покупала на подарок, очень понравилось всё, и полотенца, и упаковка.",,фиолетовый,0,0,,,,2026-09-21T14:15:25+03:00
wildberries,306216941,532816478,KARNA,"Полотенце для лица и рук махровое 50х90 набор, турецкое",wIBe8ir1rRRBlqSmGIzg,5,2026-09-06 12:25:19,,,,Серый · 50х90 см,0,0,,,,2026-09-21T14:15:25+03:00
wildberries,306216941,532816478,KARNA,"Полотенце для лица и рук махровое 50х90 набор, турецкое",To6c9sVWmBSsN6UOmLsl,5,2026-09-06 12:24:49,Приятный материал.,,,"Светло-серый, серый · 70х140 см",0,0,,,,2026-09-21T14:15:25+03:00
wildberries,306216941,532816478,KARNA,"Полотенце для лица и рук махровое 50х90 набор, турецкое",cwBKglAlIHVLbr95ys6b,5,2026-09-06 12:00:43,,,,Лавандовый · 70х140 см,0,0,,,,2026-09-21T14:15:25+03:00
wildberries,306216941,532816478,KARNA,"Полотенце для лица и рук махровое 50х90 набор, турецкое",4ehrWr1xQaDNuFACbZda,5,2026-09-06 11:08:17,"Соответствует описанию и характеристике. После стирки  не полиняло и не деформировалось. Высокая плотность махры, с петелькой, мягкое и пушистое на ощупь. Приятно пользоваться.",,,Лавандовый · 70х140 см,0,4,,,,2026-09-21T14:15:25+03:00
wildberries,306216941,532816478,KARNA,"Полотенце для лица и рук махровое 50х90 набор, турецкое",0X4j1HSx6v8fRebNwGpE,5,2026-09-06 09:03:27,Отличное качество,,,"Светло-серый, серый · 70х140 см",0,0,,,,2026-09-21T14:15:25+03:00
wildberries,306216941,532816478,KARNA,"Полотенце для лица и рук махровое 50х90 набор, турецкое",Rzkh3II7DoZeaS3nsJWA,5,2026-09-06 06:04:56,,,,фиолетовый,0,0,,,,2026-09-21T14:15:25+03:00
wildberries,306216941,532816478,KARNA,"Полотенце для лица и рук махровое 50х90 набор, турецкое",1S314KbbSt2jCcP4XytA,5,2026-09-06 04:26:09,Любимые полотенца,,,Светло-сиреневый · 70х140 см,0,0,,,,2026-09-21T14:15:25+03:00
wildberries,306216941,532816478,KARNA,"Полотенце для лица и рук махровое 50х90 набор, турецкое",k360KZOqXCRTHuQYN9yK,5,2026-09-06 02:01:32,"Понравились, качественные. См. бы на 10 подлиннее.",,,"Лососевый, шампань · 50х90 см",0,1,,,,2026-09-21T14:15:25+03:00
wildberries,306216941,532816478,KARNA,"Полотенце для лица и рук махровое 50х90 набор, турецкое",hyMgqjNDSvWGuUq7o2wg,5,2026-09-05 18:03:07,"Очень нравятся полотенца, качественные, приятные на ощупь.",,,фиолетовый,,0,,,,2026-09-21T14:15:25+03:00
wildberries,306216941,532816478,KARNA,"Полотенце для лица и рук махровое 50х90 набор, турецкое",NH0xvoDyBHq2b1jWGlSf,5,2026-09-05 17:54:17,,,,зеленый,,0,,,,2026-09-21T14:15:25+03:00
wildberries,306216941,532816478,KARNA,"Полотенце для лица и рук махровое 50х90 набор, турецкое",bZ4odTfPgatVUQR7xNbW,5,2026-09-05 17:05:23,Как всегда шикарно .,,,"Синий, индиго · 70х140 см",0,0,,,,2026-09-21T14:15:25+03:00
wildberries,306216941,532816478,KARNA,"Полотенце для лица и рук махровое 50х90 набор, турецкое",iwqoTYEEUQrdgZOKLmnL,5,2026-09-05 14:02:39,,,,"Хаки, охотничий зеленый · 70х140 см, 50х90 см",0,0,,,,2026-09-21T14:15:25+03:00
wildberries,306216941,532816478,KARNA,"Полотенце для лица и рук махровое 50х90 набор, турецкое",wOmWt9FNBpxfMCjOc0Mi,5,2026-09-05 12:46:46,,,,зеленый,0,0,,,,2026-09-21T14:15:25+03:00
wildberries,306216941,532816478,KARNA,"Полотенце для лица и рук махровое 50х90 набор, турецкое",QpzVbBPDKMOboLt1RTm2,5,2026-09-05 09:26:08,,Мне эти полотенца нравятся. Рекомендую.,,серый,,0,,,,2026-09-21T14:15:25+03:00
wildberries,306216941,532816478,KARNA,"Полотенце для лица и рук махровое 50х90 набор, турецкое",2UlMuv6f22B4EwbYKJMz,5,2026-09-05 07:06:23,,"Полотенца отличные,но могли бы упаковать прилично.",,голубой,,0,,,,2026-09-21T14:15:25+03:00
wildberries,306216941,532816478,KARNA,"Полотенце для лица и рук махровое 50х90 набор, турецкое",8V93yER6JUlQAWzudQ68,5,2026-09-05 06:36:41,,,,"Синий, индиго · 70х140 см",0,0,,,,2026-09-21T14:15:25+03:00
wildberries,306216941,532816478,KARNA,"Полотенце для лица и рук махровое 50х90 набор, турецкое",MiypAYULA63I93qadywz,5,2026-09-05 06:36:14,,,,"Синий, индиго · 70х140 см",0,0,,,,2026-09-21T14:15:25+03:00
wildberries,306216941,532816478,KARNA,"Полотенце для лица и рук махровое 50х90 набор, турецкое",bufZ3o8MHxyYXIAQjqCV,5,2026-09-05 06:35:56,,,,Темно-персиковый · 70х140 см,0,0,,,,2026-09-21T14:15:25+03:00
wildberries,306216941,532816478,KARNA,"Полотенце для лица и рук махровое 50х90 набор, турецкое",Fo1TxB2jU2tuSniPgYx6,5,2026-09-05 06:35:46,,,,Темно-персиковый · 70х140 см,0,0,,,,2026-09-21T14:15:25+03:00
wildberries,306216941,532816478,KARNA,"Полотенце для лица и рук махровое 50х90 набор, турецкое",VTmLZNs0B2zA2pKaI1Hb,5,2026-09-04 22:08:34,,,,белый,,0,,,,2026-09-21T14:15:25+03:00
wildberries,306216941,532816478,KARNA,"Полотенце для лица и рук махровое 50х90 набор, турецкое",c3jtfW1IvslOUvZkCcH6,5,2026-09-04 20:36:30,"Хорошего качества полотенца. Очень хорошо что  они парные. Нет лишнего визуального разноцветья в ванной комнате. Петельки замечательно смотрятся. Мягкие, нежные, быстро сохнут.",,,Синий · 50х90 см,0,0,,,,2026-09-21T14:15:25+03:00
wildberries,306216941,532816478,KARNA,"Полотенце для лица и рук махровое 50х90 набор, турецкое",AsZ67V2u34dWSzXWyIAy,5,2026-09-04 20:20:37,норм четко,,,фиолетовый,,0,,,,2026-09-21T14:15:25+03:00
wildberries,306216941,532816478,KARNA,"Полотенце для лица и рук махровое 50х90 набор, турецкое",ipVtOLgItSInq9CJSB8B,5,2026-09-04 16:35:35,Отличные полотенца.,,,"Светло-сиреневый, светло-фиолетовый · 70х140 см, 50х90 см",0,0,,,,2026-09-21T14:15:25+03:00
wildberries,306216941,532816478,KARNA,"Полотенце для лица и рук махровое 50х90 набор, турецкое",qH7oCby9tv7UJ7Bi4NT6,5,2026-09-04 11:51:53,"Качественные полотенца, очень понравились, спасибо продавцу.",,,Синий · 50х90 см,0,0,,,,2026-09-21T14:15:25+03:00
wildberries,306216941,532816478,KARNA,"Полотенце для лица и рук махровое 50х90 набор, турецкое",2B37wArQZxCicpCRtFRl,5,2026-09-04 10:38:34,"Брала в подарок . Очень мягкие, толстенькие ,качественные !",,,белый,,0,,,,2026-09-21T14:15:25+03:00
wildberries,306216941,532816478,KARNA,"Полотенце для лица и рук махровое 50х90 набор, турецкое",H3BwL8B2N9031zzLoCbO,5,2026-09-04 06:45:51,,,,серый,0,0,,,,2026-09-21T14:15:25+03:00
wildberries,306216941,532816478,KARNA,"Полотенце для лица и рук махровое 50х90 набор, турецкое",wMr7Y2TU44BODvYfkvJJ,5,2026-09-04 06:15:12,,,,фиолетовый,,0,,,,2026-09-21T14:15:25+03:00
wildberries,306216941,532816478,KARNA,"Полотенце для лица и рук махровое 50х90 набор, турецкое",FkokWcaaVyIV5CbNnDr0,5,2026-09-04 05:27:18,"Покупала на подарок, зять доволен. Полотенце после стирок не деформировалось, ворс пышный",,,"Синий, индиго · 70х140 см",0,0,,,,2026-09-21T14:15:25+03:00
wildberries,306216941,532816478,KARNA,"Полотенце для лица и рук махровое 50х90 набор, турецкое",WjS8tciMyVJsx1iiFTg6,5,2026-09-03 19:33:17,,,,серый,,0,,,,2026-09-21T14:15:25+03:00
wildberries,306216941,532816478,KARNA,"Полотенце для лица и рук махровое 50х90 набор, турецкое",knuefef7voAoR7oZw7s0,5,2026-09-03 19:13:48,Полотенце нежного сливочного цвета. Очень приятное на ощупь. Швы прошиты качественно. Спасибо. Я довольна.,,,Кремовый · 70х140 см,0,0,,,,2026-09-21T14:15:25+03:00
wildberries,306216941,532816478,KARNA,"Полотенце для лица и рук махровое 50х90 набор, турецкое",4wkfDp0XeEaWmbYB6sQL,5,2026-09-03 18:21:55,,,,синий,,0,,,,2026-09-21T14:15:25+03:00
wildberries,306216941,532816478,KARNA,"Полотенце для лица и рук махровое 50х90 набор, турецкое",CEHZLu8GiNnwvyQs56dR,5,2026-09-03 17:15:27,,,,"Лавандовый, сиреневый · 50х90 см",0,0,,,,2026-09-21T14:15:25+03:00
wildberries,306216941,532816478,KARNA,"Полотенце для лица и рук махровое 50х90 набор, турецкое",QwHb549mbUs9Gtd7Deaq,5,2026-09-03 16:52:39,"Хорошие полотенца, поэтому и быстро разбирают",,,"Хаки, зеленый · 50х90 см",0,0,,,,2026-09-21T14:15:25+03:00
wildberries,306216941,532816478,KARNA,"Полотенце для лица и рук махровое 50х90 набор, турецкое",5QtoBLHVjW3HJAqG5ez6,5,2026-09-03 16:50:49,,,,зеленый,,0,,,,2026-09-21T14:15:25+03:00
wildberries,306216941,532816478,KARNA,"Полотенце для лица и рук махровое 50х90 набор, турецкое",YqmsJE4KBIY3uvKzTr2q,5,2026-09-03 15:12:33,,,,серый,,0,,,,2026-09-21T14:15:25+03:00
wildberries,306216941,532816478,KARNA,"Полотенце для лица и рук махровое 50х90 набор, турецкое",iZH3PiH8ZIT8axsIN8Wu,5,2026-09-03 14:02:22,,,,фиолетовый,,0,,,,2026-09-21T14:15:25+03:00
wildberries,306216941,532816478,KARNA,"Полотенце для лица и рук махровое 50х90 набор, турецкое",C881FBRX8hWX2S01XN1s,5,2026-09-03 12:55:39,очень хорошее полотенце,,,"Светло-сиреневый, бледно-лиловый · 50х90 см",0,0,,,,2026-09-21T14:15:25+03:00
wildberries,306216941,532816478,KARNA,"Полотенце для лица и рук махровое 50х90 набор, турецкое",jgKGcoApwaczTZwgxg0a,5,2026-09-03 11:37:04,,,,синий,,0,,,,2026-09-21T14:15:25+03:00
wildberries,306216941,532816478,KARNA,"Полотенце для лица и рук махровое 50х90 набор, турецкое",4Da441kwyKtuU9wWSnU7,5,2026-09-03 10:33:55,Качество на высоте,,,зеленый,,0,,,,2026-09-21T14:15:25+03:00
wildberries,306216941,532816478,KARNA,"Полотенце для лица и рук махровое 50х90 набор, турецкое",ZMfaVR29GOEtwS9yJovM,5,2026-09-03 10:27:29,"Очень любим полотенца этой фирмы. На долго сохраняют мягкость, отлично впитывают и быстро сохнут 👍 Так же рекомендую набор их кухонных полотенец.",,,"Хаки, травяной зеленый · 70х140 см",0,0,,,,2026-09-21T14:15:25+03:00
wildberries,306216941,532816478,KARNA,"Полотенце для лица и рук махровое 50х90 набор, турецкое",ZEoSDQFneO5XAJ4YhEAu,5,2026-09-03 07:07:19,,,,коричневый,0,0,,,,2026-09-21T14:15:25+03:00
wildberries,306216941,532816478,KARNA,"Полотенце для лица и рук махровое 50х90 набор, турецкое",oN2RONz8ctS36oaXpdTm,5,2026-09-03 06:43:36,"Хорошее полотенце , только где-то через 4-5 стирок перестали вылазить лишние ворсинки",,,фиолетовый,,0,,,,2026-09-21T14:15:25+03:00
wildberries,306216941,532816478,KARNA,"Полотенце для лица и рук махровое 50х90 набор, турецкое",D9oklhLQoD64eZs7CYe5,5,2026-09-03 04:40:21,,,,"Темно-серый, серый графит · 50х90 см",0,0,,,,2026-09-21T14:15:25+03:00
wildberries,306216941,532816478,KARNA,"Полотенце для лица и рук махровое 50х90 набор, турецкое",ispXVecjAErPqqv8vZty,5,2026-09-03 04:18:46,"Отличное полотенце, качество на высоте !",,,синий,,0,,,,2026-09-21T14:15:25+03:00
wildberries,306216941,532816478,KARNA,"Полотенце для лица и рук махровое 50х90 набор, турецкое",tdap7Mc1mwVQKztIqVOz,5,2026-09-02 22:14:41,,,,фиолетовый,,0,,,,2026-09-21T14:15:25+03:00
wildberries,306216941,532816478,KARNA,"Полотенце для лица и рук махровое 50х90 набор, турецкое",KNnXPOAIAdDg3RlfV56O,5,2026-09-02 20:48:04,"Полотенце отличное , по качеству и по размеру !",,,бежевый,,0,,,,2026-09-21T14:15:25+03:00
wildberries,306216941,532816478,KARNA,"Полотенце для лица и рук махровое 50х90 набор, турецкое",VDQSZniYXTuxb1RXi5pg,1,2026-09-02 18:58:46,Синтетика,,,"Хаки, травяной зеленый · 70х140 см",0,0,,,,2026-09-21T14:15:25+03:00
wildberries,306216941,532816478,KARNA,"Полотенце для лица и рук махровое 50х90 набор, турецкое",8yZ5o5GmjxjuGHpy2vbe,3,2026-09-02 15:04:27,"Посмотрим как поведет себя после стирки и использования, цена завышена","Красиво оформлено, в коробку","Не понравился цвет - очень блеклый, плотность - тонкая",серый,0,1,,,,2026-09-21T14:15:25+03:00
wildberries,306216941,532816478,KARNA,"Полотенце для лица и рук махровое 50х90 набор, турецкое",AZP3r4HZVLYAu6HtcnaL,5,2026-09-02 14:14:17,Спасибо большое 😊 Шикарный комплект👍🫶,,,серый,,0,,,,2026-09-21T14:15:25+03:00
wildberries,306216941,532816478,KARNA,"Полотенце для лица и рук махровое 50х90 набор, турецкое",za1SwWpn0PLI2ccgBYZi,5,2026-09-02 14:13:22,Здравствуйте 🤝 Спасибо большое 😊 комплект хорошего качества 👍 В достойной упаковке 🎁,,,коричневый,,0,,,,2026-09-21T14:15:25+03:00
wildberries,306216941,532816478,KARNA,"Полотенце для лица и рук махровое 50х90 набор, турецкое",jgFNSbmf2NtBhmNWraza,5,2026-09-02 13:50:43,,,,"Темно-серый, серый графит · 50х90 см",0,0,,,,2026-09-21T14:15:25+03:00
wildberries,306216941,532816478,KARNA,"Полотенце для лица и рук махровое 50х90 набор, турецкое",uxwQSLpifSVDNFy3Ktt6,5,2026-09-02 13:28:41,,,,Серый · 50х90 см,0,0,,,,2026-09-21T14:15:25+03:00
wildberries,306216941,532816478,KARNA,"Полотенце для лица и рук махровое 50х90 набор, турецкое",1sCBzbRl4aSNgduWkvBY,5,2026-09-02 12:52:26,Суперское. Очень мягкое.,,,коричневый,,0,,,,2026-09-21T14:15:25+03:00
wildberries,306216941,532816478,KARNA,"Полотенце для лица и рук махровое 50х90 набор, турецкое",mhLmx6YXfHvJuuQorUZ7,5,2026-09-02 12:11:29,,,,"Светло-серый, серый · 70х140 см",0,0,,,,2026-09-21T14:15:25+03:00
wildberries,306216941,532816478,KARNA,"Полотенце для лица и рук махровое 50х90 набор, турецкое",gMSLQ9jNELt1pRygPhJI,5,2026-09-02 10:46:50,,"Супер полотенца! Очень пушистые, очень качественные!",,голубой,0,0,,,,2026-09-21T14:15:25+03:00
wildberries,306216941,532816478,KARNA,"Полотенце для лица и рук махровое 50х90 набор, турецкое",NntmcIhWKXLD1qurjj0O,5,2026-09-02 09:56:11,Прошу прощения пришла доставка вот и получился косяк 😔,,,"Хаки, травяной зеленый · 70х140 см",0,0,,,,2026-09-21T14:15:25+03:00
wildberries,306216941,532816478,KARNA,"Полотенце для лица и рук махровое 50х90 набор, турецкое",lI9UGVQlR1p3BQP37bfn,1,2026-09-02 08:53:53,Отличные полотенца мягкие объёмные взяла 3 разных цвета прям очень рекомендую спасибо продавцу и производителю 👍,,,"Хаки, травяной зеленый · 70х140 см",0,0,,,,2026-09-21T14:15:25+03:00
wildberries,306216941,532816478,KARNA,"Полотенце для лица и рук махровое 50х90 набор, турецкое",Nq98nTBXNFFes3NNKrWS,5,2026-09-02 09:52:06,Хорошие полотенца. Взяла еще по адекватной цене.,,,Капучино · 50х90 см,0,0,,,,2026-09-21T14:15:25+03:00
wildberries,306216941,532816478,KARNA,"Полотенце для лица и рук махровое 50х90 набор, турецкое",jtPIS1qVl2aB9WAW2dsA,4,2026-09-02 08:35:58,Хорошие полотенца.....мягкие,,,"Светло-сиреневый, бледно-лиловый · 50х90 см",0,0,,,,2026-09-21T14:15:25+03:00
wildberries,306216941,532816478,KARNA,"Полотенце для лица и рук махровое 50х90 набор, турецкое",1GmEp3GFtpEEWB3nKH6c,5,2026-09-02 07:20:39,,,,фиолетовый,,0,,,,2026-09-21T14:15:25+03:00
wildberries,306216941,532816478,KARNA,"Полотенце для лица и рук махровое 50х90 набор, турецкое",xYK8dAikVjFXRTtU4Bh7,5,2026-09-02 07:20:28,,,,серый,,0,,,,2026-09-21T14:15:25+03:00
wildberries,306216941,532816478,KARNA,"Полотенце для лица и рук махровое 50х90 набор, турецкое",RVuVKCazdCTOQqtmq1H7,5,2026-09-02 07:20:15,,,,зеленый,,0,,,,2026-09-21T14:15:25+03:00
wildberries,306216941,532816478,KARNA,"Полотенце для лица и рук махровое 50х90 набор, турецкое",hAyQCMjqwGBSX5aKSMEK,5,2026-09-02 07:20:03,,,,серый,,0,,,,2026-09-21T14:15:25+03:00
wildberries,306216941,532816478,KARNA,"Полотенце для лица и рук махровое 50х90 набор, турецкое",k0sMRNwEd6hT8Rcodnvl,5,2026-09-02 04:05:34,,"Отличное качество. Нужно пару раз постирать. Плотные, набивные. Красивые цвета",,фиолетовый,,0,,,,2026-09-21T14:15:25+03:00
wildberries,306216941,532816478,KARNA,"Полотенце для лица и рук махровое 50х90 набор, турецкое",tpM1LdZxxgQUoZWfTykF,5,2026-09-02 03:42:30,"Покупала на подарок, но уверена в качестве на 100%, т.к. привозила такие из Турции, служат больше 10 лет, все хорошо. Эта фирма зарекомендовала себя на рынке давно. Упаковка презентабельная, не стыдно подарить.",,,"Хаки, охотничий зеленый · 70х140 см, 50х90 см",0,0,,,,2026-09-21T14:15:25+03:00
wildberries,306216941,532816478,KARNA,"Полотенце для лица и рук махровое 50х90 набор, турецкое",RRkrOdzvpqP9PMtP1qes,5,2026-09-01 20:38:49,,,,Кремовый · 70х140 см,0,0,,,,2026-09-21T14:15:25+03:00
wildberries,306216941,532816478,KARNA,"Полотенце для лица и рук махровое 50х90 набор, турецкое",zvzAmHcePOqnrB2u98KF,5,2026-09-01 17:52:55,,,,"Хаки, травяной зеленый · 70х140 см",0,0,,,,2026-09-21T14:15:25+03:00
wildberries,306216941,532816478,KARNA,"Полотенце для лица и рук махровое 50х90 набор, турецкое",Vi1ehrWcDCC875ooULFa,5,2026-09-01 17:06:53,,,,"Лавандовый, фиолетовый · 70х140 см, 50х90 см",0,0,,,,2026-09-21T14:15:25+03:00
wildberries,306216941,532816478,KARNA,"Полотенце для лица и рук махровое 50х90 набор, турецкое",PuB7UWoTsQOkRPATUn4i,5,2026-09-01 16:42:39,,,,"Темно-серый, антрацитово-серый · 70х140 см, 50х90 см",0,0,,,,2026-09-21T14:15:25+03:00
wildberries,306216941,532816478,KARNA,"Полотенце для лица и рук махровое 50х90 набор, турецкое",G4jeYODJYt3J2V9wAiw2,5,2026-09-01 13:30:12,👍🏻👍🏻👍🏻👍🏻,,,серый,,0,,,,2026-09-21T14:15:25+03:00
wildberries,306216941,532816478,KARNA,"Полотенце для лица и рук махровое 50х90 набор, турецкое",ZgaeVZGoYSzxw9Oj1mfC,5,2026-08-31 20:40:41,,"Мягкое, приятное полотенце. Спасибо!",,фиолетовый,0,0,,,,2026-09-21T14:15:25+03:00
wildberries,306216941,532816478,KARNA,"Полотенце для лица и рук махровое 50х90 набор, турецкое",24PmQtaQ16zOW9ZicBw6,5,2026-08-31 19:18:51,,,,Синий · 50х90 см,0,0,,,,2026-09-21T14:15:25+03:00
wildberries,306216941,532816478,KARNA,"Полотенце для лица и рук махровое 50х90 набор, турецкое",gU3AYrFe3WdQL5xNDp94,5,2026-08-31 19:02:33,,,,"Белый, золотистый · 70х140 см",0,0,,,,2026-09-21T14:15:25+03:00
wildberries,306216941,532816478,KARNA,"Полотенце для лица и рук махровое 50х90 набор, турецкое",rD0uFKlL3GOR3B8Iuli8,5,2026-08-31 18:51:23,,,,фиолетовый,0,0,,,,2026-09-21T14:15:25+03:00
wildberries,306216941,532816478,KARNA,"Полотенце для лица и рук махровое 50х90 набор, турецкое",06qw9wcZfofCQttZ3jU9,5,2026-08-31 16:28:19,"Полотенце очень хорошее, качественное . Спасибо!",,,бежевый,,0,,,,2026-09-21T14:15:25+03:00
wildberries,306216941,532816478,KARNA,"Полотенце для лица и рук махровое 50х90 набор, турецкое",5cQ65qiGJVz1X9aRqBBL,5,2026-08-31 11:19:30,"Огромное спасибо,за качество.",,,Кремовый · 70х140 см,0,0,,,,2026-09-21T14:15:25+03:00
wildberries,306216941,532816478,KARNA,"Полотенце для лица и рук махровое 50х90 набор, турецкое",lvRdvqbmzxorNfwzvIg7,5,2026-08-31 06:39:19,Это самые лучшие полотенца! Рекомендую!,,,фиолетовый,,0,,,,2026-09-21T14:15:25+03:00
wildberries,306216941,532816478,KARNA,"Полотенце для лица и рук махровое 50х90 набор, турецкое",Ktq4iPyJcEffEZlkLCuy,5,2026-08-31 06:25:23,"Классное, мягкое. Достойная упаковка. Приятно.",,,"Лавандовый, фиолетовый · 70х140 см, 50х90 см",0,0,,,,2026-09-21T14:15:25+03:00
wildberries,306216941,532816478,KARNA,"Полотенце для лица и рук махровое 50х90 набор, турецкое",bfY0qvY5LuooxtxCxAbI,5,2026-08-30 22:05:33,Чудесное мягкое хлопковое полотенце! Рекомендую к покупке!,,,Лавандовый · 70х140 см,0,0,,,,2026-09-21T14:15:25+03:00
wildberries,306216941,532816478,KARNA,"Полотенце для лица и рук махровое 50х90 набор, турецкое",zt1KXY5Gd9My3dfxVtAe,5,2026-08-30 16:41:30,Качество на 💯. Рекомендую.,,,"Лавандовый, сиреневый · 50х90 см",0,0,,,,2026-09-21T14:15:25+03:00
wildberries,306216941,532816478,KARNA,"Полотенце для лица и рук махровое 50х90 набор, турецкое",eHiP0E5JuTId1NW4n2tm,5,2026-08-30 15:12:34,,"Заказывала два цвета, выбрала чуть светлее, поэтому отказ. А так полотенце хорошее.",,"Темно-серый, серый графит · 50х90 см",0,0,,,,2026-09-21T14:15:25+03:00
wildberries,306216941,532816478,KARNA,"Полотенце для лица и рук махровое 50х90 набор, турецкое",7d9Mc7H3JNPParMBzOnG,5,2026-08-30 15:10:14,,,,Серый · 50х90 см,0,0,,,,2026-09-21T14:15:25+03:00
wildberries,306216941,532816478,KARNA,"Полотенце для лица и рук махровое 50х90 набор, турецкое",1cS4nd962vB3eVZZ1rhx,5,2026-08-30 13:53:14,"Отличные полотенца, хорошо впитывают. Рекомендую",,,Синий · 50х90 см,0,0,,,,2026-09-21T14:15:25+03:00
wildberries,306216941,532816478,KARNA,"Полотенце для лица и рук махровое 50х90 набор, турецкое",Dpocl9rPgDKg1WVkfTRh,2,2026-08-30 11:24:12,Не обнаружила обещанного хорошего впитывания.,,,Лавандовый · 70х140 см,0,0,,,,2026-09-21T14:15:25+03:00
wildberries,306216941,532816478,KARNA,"Полотенце для лица и рук махровое 50х90 набор, турецкое",4vfpCi8iwuOSJJI5wZp2,5,2026-08-30 10:05:46,,,,Лавандовый · 70х140 см,0,0,,,,2026-09-21T14:15:25+03:00
wildberries,306216941,532816478,KARNA,"Полотенце для лица и рук махровое 50х90 набор, турецкое",IHy4uRBZ3SSQY1j6LF96,5,2026-08-30 09:30:22,Хорошие плотные полотенца,,,Синий · 50х90 см,0,0,,,,2026-09-21T14:15:25+03:00
wildberries,306216941,532816478,KARNA,"Полотенце для лица и рук махровое 50х90 набор, турецкое",YET81wMIW8Sl5rvUYUeR,5,2026-08-30 09:00:47,,,,Лавандовый · 70х140 см,0,0,,,,2026-09-21T14:15:25+03:00
wildberries,306216941,532816478,KARNA,"Полотенце для лица и рук махровое 50х90 набор, турецкое",ebtOHZ1utCRZL0BZfjxx,5,2026-08-30 06:33:37,"Полотенце мягкое, плотное. Не линяет.",,,"Синий, индиго · 70х140 см",0,0,,,,2026-09-21T14:15:25+03:00
wildberries,306216941,532816478,KARNA,"Полотенце для лица и рук махровое 50х90 набор, турецкое",Qqaa5KkbyYjXLGq8qjly,5,2026-08-30 05:57:57,,,,"Кремовый, кремово-белый · 50х90 см",0,0,,,,2026-09-21T14:15:25+03:00
wildberries,306216941,532816478,KARNA,"Полотенце для лица и рук махровое 50х90 набор, турецкое",SY2gB3tjHuBlHVXKFoBn,5,2026-08-30 04:16:25,"Очень довольна полотенцами, буду впредь заказывать только полотенца этой фирмы😍🙌",,,"Темно-серый, серый графит · 50х90 см",0,0,,,,2026-09-21T14:15:25+03:00
wildberries,306216941,532816478,KARNA,"Полотенце для лица и рук махровое 50х90 набор, турецкое",doJFkDYpV6R1omaEZhtP,5,2026-08-30 03:29:32,,,,"Лавандовый, сиреневый · 50х90 см",0,0,,,,2026-09-21T14:15:25+03:00
wildberries,306216941,532816478,KARNA,"Полотенце для лица и рук махровое 50х90 набор, турецкое",gqumh9Kf88oDwWvKRBB6,5,2026-08-30 03:12:35,"Как всегда у этой фирмы отличное качество, ворс длинный ,впитывает хорошо",,,Светло-сиреневый · 70х140 см,0,0,,,,2026-09-21T14:15:25+03:00
wildberries,306216941,532816478,KARNA,"Полотенце для лица и рук махровое 50х90 набор, турецкое",bXQMIOkP9o2EMIyKlaFI,5,2026-08-30 03:10:47,Как всегда отличное качество и впитывает отлично.Ворс длинный,,,Кремовый · 70х140 см,0,0,,,,2026-09-21T14:15:25+03:00
wildberries,306216941,532816478,KARNA,"Полотенце для лица и рук махровое 50х90 набор, турецкое",lCwrEcgZ2Rxp8txPraHE,5,2026-08-30 01:06:45,,,,"Синий, индиго · 70х140 см",0,0,,,,2026-09-21T14:15:25+03:00
wildberries,306216941,532816478,KARNA,"Полотенце для лица и рук махровое 50х90 набор, турецкое",H2aePLMbBJ8TuBJa8hwI,5,2026-08-29 20:15:02,Очень хорошее качество товара,,,"Темно-серый, серый графит · 50х90 см",0,0,,,,2026-09-21T14:15:25+03:00
wildberries,306216941,532816478,KARNA,"Полотенце для лица и рук махровое 50х90 набор, турецкое",7BaVbkWeBWGTGPd2eVX4,4,2026-08-29 15:23:57,Полотенце хорошее плотное но впитывает влагу не очень хорошо,,,Лавандовый · 70х140 см,0,0,,,,2026-09-21T14:15:25+03:00
wildberries,306216941,532816478,KARNA,"Полотенце для лица и рук махровое 50х90 набор, турецкое",urShK5LVYCWh53nCau8l,5,2026-08-29 12:47:06,,,,Синий · 50х90 см,0,0,,,,2026-09-21T14:15:25+03:00
wildberries,306216941,532816478,KARNA,"Полотенце для лица и рук махровое 50х90 набор, турецкое",PSLfQEGHEftAiKUB34A4,5,2026-08-29 10:06:43,Очень качественные полотенца!,,,серый,,0,,,,2026-09-21T14:15:25+03:00
wildberries,306216941,532816478,KARNA,"Полотенце для лица и рук махровое 50х90 набор, турецкое",lkBFJGyoEWCQrJpW3DAA,5,2026-08-29 08:46:03,,,,"Белый, белый иней · 50х90 см",0,0,,,,2026-09-21T14:15:25+03:00
wildberries,306216941,532816478,KARNA,"Полотенце для лица и рук махровое 50х90 набор, турецкое",578VCSSbwi19I9w8yfUe,5,2026-08-29 08:41:59,Очень мягкое,,,бежевый,,0,,,,2026-09-21T14:15:25+03:00
wildberries,306216941,532816478,KARNA,"Полотенце для лица и рук махровое 50х90 набор, турецкое",MJvvngLVoBymxJYpffkM,4,2026-08-29 06:04:54,,,,Лавандовый · 70х140 см,0,0,,,,2026-09-21T14:15:25+03:00
wildberries,306216941,532816478,KARNA,"Полотенце для лица и рук махровое 50х90 набор, турецкое",tjQ00GRotAW7AdPpBizB,5,2026-08-29 06:01:17,,,,Темно-серый · 70х140 см,0,0,,,,2026-09-21T14:15:25+03:00
wildberries,306216941,532816478,KARNA,"Полотенце для лица и рук махровое 50х90 набор, турецкое",mrSKzdSZEDxAlKei9mbx,5,2026-08-29 04:45:26,Качество хорошее.,,,"Темно-серый, антрацитово-серый · 70х140 см, 50х90 см",0,0,,,,2026-09-21T14:15:25+03:00
wildberries,306216941,532816478,KARNA,"Полотенце для лица и рук махровое 50х90 набор, турецкое",GpypKWDz2LHRTGANTeqt,1,2026-08-28 19:38:20,,,"перемотано 1 полотенце скотчем,а где второе? видно, что достали. Естественно возврат - заявлено продавцом в комплекте 2 полотенца",серый,0,0,,,,2026-09-21T14:15:25+03:00
wildberries,306216941,532816478,KARNA,"Полотенце для лица и рук махровое 50х90 набор, турецкое",o8RstJBuNSqLPQRu2QN5,5,2026-08-28 18:06:46,,,,Светло-сиреневый · 70х140 см,0,0,,,,2026-09-21T14:15:25+03:00
wildberries,306216941,532816478,KARNA,"Полотенце для лица и рук махровое 50х90 набор, турецкое",KbqSRgyF05sGKFVeRlwb,5,2026-08-28 17:38:52,Великолепные полотенца 👍 очень мягкие и очень качественные 👍,,,"Темно-серый, серый графит · 50х90 см",0,0,,,,2026-09-21T14:15:25+03:00
wildberries,306216941,532816478,KARNA,"Полотенце для лица и рук махровое 50х90 набор, турецкое",QylUjRdAAcJuBOYcjITw,5,2026-08-28 17:24:18,,Покупаю третий набор🥰,,"Лавандовый, фиолетовый · 70х140 см, 50х90 см",0,0,,,,2026-09-21T14:15:25+03:00
wildberries,306216941,532816478,KARNA,"Полотенце для лица и рук махровое 50х90 набор, турецкое",Q89x64ZFsD9fjiNkwtWU,5,2026-08-28 17:22:59,,,,"Хаки, травяной зеленый · 70х140 см",0,0,,,,2026-09-21T14:15:25+03:00
wildberries,306216941,532816478,KARNA,"Полотенце для лица и рук махровое 50х90 набор, турецкое",TW7HHa4Xeakff4jczd5t,5,2026-08-28 17:22:54,,,,"Хаки, зеленый · 50х90 см",0,0,,,,2026-09-21T14:15:25+03:00
wildberries,306216941,532816478,KARNA,"Полотенце для лица и рук махровое 50х90 набор, турецкое",PuDTbYoPnqcBgYAlzCVY,5,2026-08-28 16:46:34,Отличное и красивое,,,Лавандовый · 70х140 см,0,0,,,,2026-09-21T14:15:25+03:00
wildberries,306216941,532816478,KARNA,"Полотенце для лица и рук махровое 50х90 набор, турецкое",Fg0RoFVgteegLSsuJBqo,5,2026-08-28 14:23:47,Качество супер. Приятно на ощупь. Мягкое и пушистое.,,,"Кремовый, кремово-белый · 50х90 см",0,0,,,,2026-09-21T14:15:25+03:00
wildberries,306216941,532816478,KARNA,"Полотенце для лица и рук махровое 50х90 набор, турецкое",3EkPCASQPJtB4KqqUw7O,5,2026-08-28 13:29:03,Отличное качество,,,зеленый,,0,,,,2026-09-21T14:15:25+03:00
wildberries,306216941,532816478,KARNA,"Полотенце для лица и рук махровое 50х90 набор, турецкое",MrN0gazo9h9yBO9Utp0b,5,2026-08-28 12:07:05,,,,коричневый,0,0,,,,2026-09-21T14:15:25+03:00
wildberries,306216941,532816478,KARNA,"Полотенце для лица и рук махровое 50х90 набор, турецкое",LdA7eeO6iBBaYjOb6SVK,3,2026-08-28 11:49:05,,,,Синий · 50х90 см,0,1,,,,2026-09-21T14:15:25+03:00
wildberries,306216941,532816478,KARNA,"Полотенце для лица и рук махровое 50х90 набор, турецкое",RO4hRErXR5avyglJLRxc,5,2026-08-28 10:16:17,"Мои самые любимые, мягкие, красивые. Упакованы на подарок",,,"Кофейный, кофейный десерт · 70х140 см, 50х90 см",0,0,,,,2026-09-21T14:15:25+03:00
wildberries,306216941,532816478,KARNA,"Полотенце для лица и рук махровое 50х90 набор, турецкое",iAtJBqKcWrWxPsPb0wdz,5,2026-08-28 09:35:20,"Это воздушное облако!мягонькое,пушистенькое,однозначно всем рекомендую!",,,"Белый, белый иней · 50х90 см",0,0,,,,2026-09-21T14:15:25+03:00
wildberries,306216941,532816478,KARNA,"Полотенце для лица и рук махровое 50х90 набор, турецкое",dmAvZ2BaQhIgQJcwaJDh,5,2026-08-28 08:55:07,Классное полотенце.,,,"Лососевый, шампань · 50х90 см",0,0,,,,2026-09-21T14:15:25+03:00
wildberries,306216941,532816478,KARNA,"Полотенце для лица и рук махровое 50х90 набор, турецкое",Bhhwg46Tfm2go28FcblP,5,2026-08-28 07:19:35,,"Очень хорошие и мягкие, беру не в первый раз. Рекомендую.!!!",,синий,0,0,,,,2026-09-21T14:15:25+03:00
wildberries,306216941,532816478,KARNA,"Полотенце для лица и рук махровое 50х90 набор, турецкое",6tHZchd6JheoEaIrYELB,5,2026-08-28 06:27:46,"Шикарный товар, отлично на подарок",,,"Кофейный, кофейный десерт · 70х140 см, 50х90 см",0,0,,,,2026-09-21T14:15:25+03:00
wildberries,306216941,532816478,KARNA,"Полотенце для лица и рук махровое 50х90 набор, турецкое",27KLlQvTjdOWBgERFXAh,5,2026-08-28 05:38:51,Отлично 👍,,,"Лососевый, шампань · 50х90 см",0,0,,,,2026-09-21T14:15:25+03:00
wildberries,306216941,532816478,KARNA,"Полотенце для лица и рук махровое 50х90 набор, турецкое",CvwCEN2otphp86yR7HZe,4,2026-08-28 05:20:51,,,"Прислали  другой оттенок , гораздо бледнее , чем на фото.",фиолетовый,0,1,,,,2026-09-21T14:15:25+03:00
wildberries,306216941,532816478,KARNA,"Полотенце для лица и рук махровое 50х90 набор, турецкое",mH4vMlvfCUrKraSarvVk,5,2026-08-28 04:36:11,Отличное полотенце!Спасибо.,,,"Хаки, травяной зеленый · 70х140 см",0,0,,,,2026-09-21T14:15:25+03:00
wildberries,306216941,532816478,KARNA,"Полотенце для лица и рук махровое 50х90 набор, турецкое",DdMuh1wV9rsHZ6HZxw1i,5,2026-08-28 04:35:42,Полотенце супер❤️,,,"Хаки, травяной зеленый · 70х140 см",0,0,,,,2026-09-21T14:15:25+03:00
wildberries,306216941,532816478,KARNA,"Полотенце для лица и рук махровое 50х90 набор, турецкое",8eX1CuOXWBczCEd87IAI,5,2026-08-28 03:56:27,Качество отличное,,,Синий · 50х90 см,0,0,,,,2026-09-21T14:15:25+03:00
wildberries,306216941,532816478,KARNA,"Полотенце для лица и рук махровое 50х90 набор, турецкое",jg1xUTsToJl9Sbma6ZGJ,5,2026-08-27 18:48:36,,,,"Белый, белый иней · 50х90 см",0,0,,,,2026-09-21T14:15:25+03:00
wildberries,306216941,532816478,KARNA,"Полотенце для лица и рук махровое 50х90 набор, турецкое",eaD1dVveQiUIbVGVN82v,5,2026-08-27 17:36:27,,,,коричневый,0,0,,,,2026-09-21T14:15:25+03:00
wildberries,306216941,532816478,KARNA,"Полотенце для лица и рук махровое 50х90 набор, турецкое",kPtQEs3mkx1VMkRnCC1r,5,2026-08-27 13:31:02,Полотенца просто супер!!! Мягкие и впитывают воду отлично.,,,"Лавандовый, фиолетовый · 70х140 см, 50х90 см",0,0,,,,2026-09-21T14:15:25+03:00
wildberries,306216941,532816478,KARNA,"Полотенце для лица и рук махровое 50х90 набор, турецкое",9nGwKy84Jms4oLeSE68s,5,2026-08-27 13:28:33,Полотенца этой фирмы очень нравятся),,,серый,,0,,,,2026-09-21T14:15:25+03:00
wildberries,306216941,532816478,KARNA,"Полотенце для лица и рук махровое 50х90 набор, турецкое",qZUMXVNFr8NP9Fqrlqkw,5,2026-08-27 11:38:09,Полотенце классное.Пришло без затяжек.Спасибо.,,,Темно-серый · 70х140 см,0,0,,,,2026-09-21T14:15:25+03:00
wildberries,306216941,532816478,KARNA,"Полотенце для лица и рук махровое 50х90 набор, турецкое",RQtqv0e4BN97dKs7NByM,5,2026-08-27 11:37:59,Полотенце классное.Пришло без затяжек.Спасибо.,,,Темно-серый · 70х140 см,0,0,,,,2026-09-21T14:15:25+03:00
wildberries,306216941,532816478,KARNA,"Полотенце для лица и рук махровое 50х90 набор, турецкое",g9tpEwkEaSo2yhuRXFF9,5,2026-08-27 11:37:51,Полотенце классное.Пришло без затяжек.Спасибо.,,,Темно-серый · 70х140 см,0,0,,,,2026-09-21T14:15:25+03:00
wildberries,306216941,532816478,KARNA,"Полотенце для лица и рук махровое 50х90 набор, турецкое",5WAx1aQhBgypFla2rt2z,5,2026-08-27 08:47:11,"Качественные полотенца. Буду заказывать ещё, другого цвета.",,,"Лавандовый, сиреневый · 50х90 см",0,0,,,,2026-09-21T14:15:25+03:00
wildberries,306216941,532816478,KARNA,"Полотенце для лица и рук махровое 50х90 набор, турецкое",aZ5YwaZgKaUkl2PLS9Pg,5,2026-08-27 08:05:00,Очень хорошие! Рекомендую.,,,"Светло-сиреневый, бледно-лиловый · 50х90 см",0,0,,,,2026-09-21T14:15:25+03:00
wildberries,306216941,532816478,KARNA,"Полотенце для лица и рук махровое 50х90 набор, турецкое",WKK1X4LVH7boLYfYmemL,5,2026-08-27 06:35:33,"Отличные полотенца, мягкие стоят этих денег",,,бежевый,,0,,,,2026-09-21T14:15:25+03:00
wildberries,306216941,532816478,KARNA,"Полотенце для лица и рук махровое 50х90 набор, турецкое",U0jG3yyEqoWAj0a01aaQ,5,2026-08-27 06:21:25,"Шикарные полотенца, еще куплю !!!",,,коричневый,,0,,,,2026-09-21T14:15:25+03:00
wildberries,306216941,532816478,KARNA,"Полотенце для лица и рук махровое 50х90 набор, турецкое",sQgO32thXm27wvdm41bo,5,2026-08-27 05:49:40,"Мягкое, хорошо впитывает. Качество отличное. Рекомендую.",,,голубой,,0,,,,2026-09-21T14:15:25+03:00
wildberries,306216941,532816478,KARNA,"Полотенце для лица и рук махровое 50х90 набор, турецкое",jfzwJrgam9qtoNHaGE64,5,2026-08-27 05:47:47,Полотенца прекрасные. Рекомендую.,,,бежевый,,0,,,,2026-09-21T14:15:25+03:00
wildberries,306216941,532816478,KARNA,"Полотенце для лица и рук махровое 50х90 набор, турецкое",FMY5ntjRpdeFuZxYQaNq,5,2026-08-27 05:47:19,Отличное полотенце. Рекомендую.,,,бежевый,,0,,,,2026-09-21T14:15:25+03:00
wildberries,306216941,532816478,KARNA,"Полотенце для лица и рук махровое 50х90 набор, турецкое",exjTtmgViPk10wU8Gak0,5,2026-08-27 05:46:54,Отличное полотенце. Рекомендую.,,,синий,,0,,,,2026-09-21T14:15:25+03:00
wildberries,306216941,532816478,KARNA,"Полотенце для лица и рук махровое 50х90 набор, турецкое",yrRISx8cKihDQu7pITSq,5,2026-08-27 04:23:01,"Отличные полотенца, мягкие, пушистые, приятные для кожи.",,,"Лавандовый, сиреневый · 50х90 см",0,0,,,,2026-09-21T14:15:25+03:00
wildberries,306216941,532816478,KARNA,"Полотенце для лица и рук махровое 50х90 набор, турецкое",0UcGPgMqCOeUDluIIHJG,5,2026-08-26 19:48:48,"Заказываю уже не в первый раз, брала и полотенца и коврики, качество отменное, приятно дотрагивается для лица и тела",,,"Белый, белый иней · 50х90 см",0,0,,,,2026-09-21T14:15:25+03:00
wildberries,306216941,532816478,KARNA,"Полотенце для лица и рук махровое 50х90 набор, турецкое",RfQIozBs8jrsKGzieVg8,5,2026-08-26 14:59:24,,,,серый,,0,,,,2026-09-21T14:15:25+03:00
wildberries,306216941,532816478,KARNA,"Полотенце для лица и рук махровое 50х90 набор, турецкое",HS5f9zvDSPlJ37xhacf0,5,2026-08-26 12:25:35,,,,коричневый,,0,,,,2026-09-21T14:15:25+03:00
wildberries,306216941,532816478,KARNA,"Полотенце для лица и рук махровое 50х90 набор, турецкое",2MPO2CajtH8XhMda6Oz1,5,2026-08-26 10:42:59,"Супер 👍 полотенца, закажу еще",,,бежевый,,0,,,,2026-09-21T14:15:25+03:00
wildberries,306216941,532816478,KARNA,"Полотенце для лица и рук махровое 50х90 набор, турецкое",pplqwKhH0i0upPX5s5jL,5,2026-08-26 07:53:55,"Очень хорошие полотенца, беру такой набор 3 раз. Очень довольна 😊",,,фиолетовый,,0,,,,2026-09-21T14:15:25+03:00
wildberries,306216941,532816478,KARNA,"Полотенце для лица и рук махровое 50х90 набор, турецкое",lzh6OQw6n2arjFiUPRUH,5,2026-08-26 07:08:28,Отличное качество!!!,,,Лавандовый · 70х140 см,0,0,,,,2026-09-21T14:15:25+03:00
wildberries,579914472,165764069,Yorkent,Полотенце банное махровое набор для ванной 6 шт,GiDlLUjCRyMlPxhFTFSY,4,2026-09-21 07:33:58,,,,"Сливовый, фиолетовый · 30х50 см, 70х130 см",0,0,,,,2026-09-21T14:15:25+03:00
wildberries,579914472,165764069,Yorkent,Полотенце банное махровое набор для ванной 6 шт,qDeL5fVxZ48fFolsEA0f,1,2026-09-21 05:38:50,"Полотенца плохого качества ,один плюс ,есть петельки,плохо впитывают и прсвечиваються",,,"Темная слива, лиловый · 30х60 см, 50х80 см, 70х130 см",0,0,,,,2026-09-21T14:15:25+03:00
wildberries,579914472,165764069,Yorkent,Полотенце банное махровое набор для ванной 6 шт,RCyNKoBUdq4haa9ig51L,5,2026-09-21 04:18:23,,,,"Розовый, синий · 30х50 см, 70х130 см",0,0,,,,2026-09-21T14:15:25+03:00
wildberries,579914472,165764069,Yorkent,Полотенце банное махровое набор для ванной 6 шт,aawxS1qd5A18zV7skw2a,5,2026-09-20 19:18:01,Тоненькие,,,"Серый, светло-серый · 30х50 см, 70х130 см",0,0,,,,2026-09-21T14:15:25+03:00
wildberries,579914472,165764069,Yorkent,Полотенце банное махровое набор для ванной 6 шт,5NeQKkb8l22ubHZKTg4f,5,2026-09-20 18:13:09,Качество хорошее 👍,,,"Серо-голубой, лавандовый · 30х50 см, 70х130 см",0,0,,,,2026-09-21T14:15:25+03:00
wildberries,579914472,165764069,Yorkent,Полотенце банное махровое набор для ванной 6 шт,nYSBTBcY1hMq03UNaQwW,5,2026-09-20 14:03:41,"Хорошие полотенца, тоненькие",,,"Сливовый, фиолетовый · 30х50 см, 70х130 см",0,0,,,,2026-09-21T14:15:25+03:00
wildberries,579914472,165764069,Yorkent,Полотенце банное махровое набор для ванной 6 шт,iPQd8xMOFh6fXSV6qQqb,5,2026-09-20 12:38:54,"Очень понравился набор, особо обрадовало наличие петелек 🩷 Цвета просто космос 🚀",,,розовый,,0,,,,2026-09-21T14:15:25+03:00
wildberries,579914472,165764069,Yorkent,Полотенце банное махровое набор для ванной 6 шт,LjnBjiECnkqr38wJIQ48,5,2026-09-20 11:21:15,"Красиво упаковано Тоненькие, но хорошие Не линяют",,,"Розовый, синий · 30х50 см, 70х130 см",0,0,,,,2026-09-21T14:15:25+03:00
wildberries,579914472,165764069,Yorkent,Полотенце банное махровое набор для ванной 6 шт,7pL4c6cr8tOHrjO4nnJj,3,2026-09-20 10:48:09,Качество не очень,,,"Серый, светло-серый · 30х50 см, 70х130 см",0,0,,,,2026-09-21T14:15:25+03:00
wildberries,579914472,165764069,Yorkent,Полотенце банное махровое набор для ванной 6 шт,hEKgAwpgEYQzIBEeD22R,4,2026-09-20 09:01:37,"Ожидала, что будут плотнее, ну забрала, цена замечательная, спасибо, рекомендую продавца",,,"Коричневый, бежевый, золотистый · 30х50 см, 70х130 см",0,0,,,,2026-09-21T14:15:25+03:00
wildberries,579914472,165764069,Yorkent,Полотенце банное махровое набор для ванной 6 шт,uBJPhaPAk7KqBnj2aavW,5,2026-09-20 08:20:43,Отличные  полотенца👍👍👍👍,,,"Сливовый, фиолетовый · 30х50 см, 70х130 см",0,0,,,,2026-09-21T14:15:25+03:00
wildberries,579914472,165764069,Yorkent,Полотенце банное махровое набор для ванной 6 шт,pfMoTwGKnh8Gkt78CvsH,5,2026-09-20 05:24:53,,,,"Коричневый, бежевый, золотистый · 30х50 см, 70х130 см",0,0,,,,2026-09-21T14:15:25+03:00
wildberries,579914472,165764069,Yorkent,Полотенце банное махровое набор для ванной 6 шт,xeJtyssrAqoYknz878QJ,4,2026-09-20 04:58:54,,,,"Сливовый, фиолетовый · 30х50 см, 70х130 см",0,0,,,,2026-09-21T14:15:25+03:00
wildberries,579914472,165764069,Yorkent,Полотенце банное махровое набор для ванной 6 шт,5v5tR7Wrmp2Zw67QataP,5,2026-09-20 02:06:43,,,,фиолетовый,,0,,,,2026-09-21T14:15:25+03:00
wildberries,579914472,165764069,Yorkent,Полотенце банное махровое набор для ванной 6 шт,hGQyqUij9Ep3uzCNzgC2,5,2026-09-19 23:32:02,,,,"Серо-голубой, лавандовый · 30х50 см, 70х130 см",0,0,,,,2026-09-21T14:15:25+03:00
wildberries,579914472,165764069,Yorkent,Полотенце банное махровое набор для ванной 6 шт,PDVUkTr8XtPXQetBkRY8,5,2026-09-19 22:31:49,,,,"Розовый, синий · 30х50 см, 70х130 см",0,0,,,,2026-09-21T14:15:25+03:00
wildberries,579914472,165764069,Yorkent,Полотенце банное махровое набор для ванной 6 шт,pmMox2tq8mvhvgELnBns,4,2026-09-19 18:06:57,"Яркий цвет,не линяют при стирке. Для меня средняя плотность. Рекомендую, спасибо продавцу",,,"Коричневый, бежевый, золотистый · 30х50 см, 70х130 см",0,0,,,,2026-09-21T14:15:25+03:00
wildberries,579914472,165764069,Yorkent,Полотенце банное махровое набор для ванной 6 шт,cDVZb07NEDIHtLuoxy0p,2,2026-09-19 17:38:01,Слишком тонкие,,,"Серый, светло-серый · 30х50 см, 70х130 см",0,0,,,,2026-09-21T14:15:25+03:00
wildberries,579914472,165764069,Yorkent,Полотенце банное махровое набор для ванной 6 шт,s2bC6kjM5x6AbqDJtRcb,5,2026-09-19 17:26:34,,,,"Розовый, синий · 30х50 см, 70х130 см",0,0,,,,2026-09-21T14:15:25+03:00
wildberries,579914472,165764069,Yorkent,Полотенце банное махровое набор для ванной 6 шт,LzR7G5AvJWmWvT2KIVkB,5,2026-09-19 17:12:09,,,,"Серо-голубой, лавандовый · 30х50 см, 70х130 см",0,0,,,,2026-09-21T14:15:25+03:00
wildberries,579914472,165764069,Yorkent,Полотенце банное махровое набор для ванной 6 шт,sW9VHKgJDLXQhYwnTHh3,5,2026-09-19 16:02:58,,"Полотенце мягкое, хорошо впитывает влагу, удобные петельки, красивое. Покупайте будете довольны.",,"Серо-голубой, лавандовый · 30х50 см, 70х130 см",0,0,,,,2026-09-21T14:15:25+03:00
wildberries,579914472,165764069,Yorkent,Полотенце банное махровое набор для ванной 6 шт,mMnJs1mUBJu0gk52G89o,5,2026-09-19 15:34:39,"Красивый комплект полотенец из хлопка. Края аккуратно обработаны, после стирки, как указано в рекомендациях хорошо впитывают и быстро сохнут, также приятно что есть удобные петельки.",,,фиолетовый,,1,,,,2026-09-21T14:15:25+03:00
wildberries,579914472,165764069,Yorkent,Полотенце банное махровое набор для ванной 6 шт,0gyGquKAQAURSza9ALxH,5,2026-09-19 15:32:45,"Полотенца мягкие, не плотные, хорошо впитывают воду, не линяют. Качество хорошее, нитки не торчат.",,,фиолетовый,,2,,,,2026-09-21T14:15:25+03:00
wildberries,579914472,165764069,Yorkent,Полотенце банное махровое набор для ванной 6 шт,ZOyUiOpQudI3HouOFrE6,5,2026-09-19 14:31:28,Набор полотенцов хороший 👍 555555,,,"Сливовый, фиолетовый · 30х50 см, 70х130 см",0,0,,,,2026-09-21T14:15:25+03:00
wildberries,579914472,165764069,Yorkent,Полотенце банное махровое набор для ванной 6 шт,ACYhgoVCYJSdkMIArmTO,5,2026-09-19 14:20:33,Спасибо огромное ! Все супер !,,,"Розовый, синий · 30х50 см, 70х130 см",0,0,,,,2026-09-21T14:15:25+03:00
wildberries,579914472,165764069,Yorkent,Полотенце банное махровое набор для ванной 6 шт,7imbL2GsaMDppjLR6KiF,4,2026-09-19 14:04:05,Потковотое полотенце,,,"Розовый, синий · 30х50 см, 70х130 см",0,0,,,,2026-09-21T14:15:25+03:00
wildberries,579914472,165764069,Yorkent,Полотенце банное махровое набор для ванной 6 шт,1CBsa3762fELFD2hYwhW,5,2026-09-19 13:28:12,"Отличные полотенца , воду впитывают , отличное качество, рекомендую",,,"Сливовый, фиолетовый · 30х50 см, 70х130 см",0,0,,,,2026-09-21T14:15:25+03:00
wildberries,579914472,165764069,Yorkent,Полотенце банное махровое набор для ванной 6 шт,TZ9hrWKJevHI0W2RGdlx,5,2026-09-19 13:25:09,,,,"Сливовый, фиолетовый · 30х50 см, 70х130 см",0,0,,,,2026-09-21T14:15:25+03:00
wildberries,579914472,165764069,Yorkent,Полотенце банное махровое набор для ванной 6 шт,DLgEEO5zyAojtPTnosxt,5,2026-09-19 12:33:54,,,,"Серо-голубой, лавандовый · 30х50 см, 70х130 см",0,0,,,,2026-09-21T14:15:25+03:00
wildberries,579914472,165764069,Yorkent,Полотенце банное махровое набор для ванной 6 шт,nU8MjdnqFj37KOCStMeJ,2,2026-09-19 12:08:47,"Тонкая ткань,мохра очень короткая",,,"Коричневый, бежевый, золотистый · 30х50 см, 70х130 см",0,0,,,,2026-09-21T14:15:25+03:00
wildberries,579914472,165764069,Yorkent,Полотенце банное махровое набор для ванной 6 шт,xzyE056WIzeZcnQIZBrn,5,2026-09-19 09:04:55,,,,"Серо-голубой, лавандовый · 30х50 см, 70х130 см",0,0,,,,2026-09-21T14:15:25+03:00
wildberries,579914472,165764069,Yorkent,Полотенце банное махровое набор для ванной 6 шт,6X0fEp3iDAVEwtkBHCUR,4,2026-09-19 08:49:43,"Полотенца очень тонкие, но вытирают хорошо. На каждом есть петелька, что очень удобно. Для разнообразия очень даже не плохо.",,,"Серый, светло-серый · 30х50 см, 70х130 см",0,0,,,,2026-09-21T14:15:25+03:00
wildberries,579914472,165764069,Yorkent,Полотенце банное махровое набор для ванной 6 шт,PWkCN04tMrkFUpHXUgLz,5,2026-09-19 07:54:30,,Хорошие👍,,"Серо-голубой, лавандовый · 30х50 см, 70х130 см",0,0,,,,2026-09-21T14:15:25+03:00
wildberries,579914472,165764069,Yorkent,Полотенце банное махровое набор для ванной 6 шт,lFu71EGVZR6holH9wuSc,5,2026-09-19 07:39:22,Хорошее качество,,,розовый,,0,,,,2026-09-21T14:15:25+03:00
wildberries,579914472,165764069,Yorkent,Полотенце банное махровое набор для ванной 6 шт,tHEbZkFl0CBOiiM1790z,5,2026-09-19 07:19:54,,,,"Сливовый, фиолетовый · 30х50 см, 70х130 см",0,0,,,,2026-09-21T14:15:25+03:00
wildberries,579914472,165764069,Yorkent,Полотенце банное махровое набор для ванной 6 шт,fqQBz0W1VPoOubACcuUZ,5,2026-09-19 07:03:29,Понравилось качество. Взяла на подарок. И цвета мои любимые. Рекомендую,,,"Серо-голубой, лавандовый · 30х50 см, 70х130 см",0,0,,,,2026-09-21T14:15:25+03:00
wildberries,579914472,165764069,Yorkent,Полотенце банное махровое набор для ванной 6 шт,HMVlj7msR4B5Lk3T1pNY,5,2026-09-19 07:03:11,,,,"Розовый, синий · 30х50 см, 70х130 см",0,0,,,,2026-09-21T14:15:25+03:00
wildberries,579914472,165764069,Yorkent,Полотенце банное махровое набор для ванной 6 шт,KOoxczKiN7Xvfb79zw3o,5,2026-09-19 05:53:24,"Хороший комплект, цвет насыщенный . Полотенца не плотные, тактильно приятные. После стирки впитывают влагу хорошо, сохнут тоже быстро. Маленькие отлично подходят для кухни.",,,фиолетовый,,0,,,,2026-09-21T14:15:25+03:00
wildberries,579914472,165764069,Yorkent,Полотенце банное махровое набор для ванной 6 шт,pG02KjFvjhFHWHAxYcnN,3,2026-09-19 04:36:23,Ужасные полотенца как будто уже год вытирали выглядят как тряпки,,,серый,,0,,,,2026-09-21T14:15:25+03:00
wildberries,579914472,165764069,Yorkent,Полотенце банное махровое набор для ванной 6 шт,jZFIuCQfYhwuJcRWXL7C,5,2026-09-19 02:37:14,,,,"Розовый, синий · 30х50 см, 70х130 см",0,0,,,,2026-09-21T14:15:25+03:00
wildberries,579914472,165764069,Yorkent,Полотенце банное махровое набор для ванной 6 шт,khwg69MuUAQrJt4tBeNG,5,2026-09-19 02:04:26,"Всё соответствует описанию,  рекомендую.",,,"Серый, светло-серый · 30х50 см, 70х130 см",0,0,,,,2026-09-21T14:15:25+03:00
wildberries,579914472,165764069,Yorkent,Полотенце банное махровое набор для ванной 6 шт,gBpcymTPBSszbr8zV6yy,5,2026-09-18 22:44:39,,,,фиолетовый,,0,,,,2026-09-21T14:15:25+03:00
wildberries,579914472,165764069,Yorkent,Полотенце банное махровое набор для ванной 6 шт,MKUwKCxhFF9uSwzaRktI,4,2026-09-18 21:36:06,полотенца неплохие цвет розовый в реале более бледный чем на фото Ну я думала что они более плотнее будут они тонковаты. За эту цену пойдут но долго не прослужат,,,"Розовый, синий · 30х50 см, 70х130 см",0,0,,,,2026-09-21T14:15:25+03:00
wildberries,579914472,165764069,Yorkent,Полотенце банное махровое набор для ванной 6 шт,JY80abK44XcTUyk8uH8p,5,2026-09-18 21:25:01,,,,"Сливовый, фиолетовый · 30х50 см, 70х130 см",0,0,,,,2026-09-21T14:15:25+03:00
wildberries,579914472,165764069,Yorkent,Полотенце банное махровое набор для ванной 6 шт,7yElLtd7fOSN1zkjWON0,5,2026-09-18 21:24:54,,,,"Серый, светло-серый · 30х50 см, 70х130 см",0,0,,,,2026-09-21T14:15:25+03:00
wildberries,579914472,165764069,Yorkent,Полотенце банное махровое набор для ванной 6 шт,TmSZQ0WLcd3LkWqSRhQr,5,2026-09-18 19:56:10,Хорошее качество отличная доставка,,,серый,,0,,,,2026-09-21T14:15:25+03:00
wildberries,579914472,165764069,Yorkent,Полотенце банное махровое набор для ванной 6 шт,CXplzHw4rRj1uJelzhzL,2,2026-09-18 19:42:49,Тонкие и ворсинки остаются на теле,,,розовый,,0,,,,2026-09-21T14:15:25+03:00
wildberries,579914472,165764069,Yorkent,Полотенце банное махровое набор для ванной 6 шт,0iS5QsV7RJgZXrNqvckv,5,2026-09-18 18:21:24,,,,"Розовый, синий · 30х50 см, 70х130 см",0,0,,,,2026-09-21T14:15:25+03:00
wildberries,579914472,165764069,Yorkent,Полотенце банное махровое набор для ванной 6 шт,X52e5V1uCa3BfuC9HDWm,5,2026-09-18 18:16:47,За эту цену 6 полотенец вполне себе. Но тонкие очень,,,серый,,0,,,,2026-09-21T14:15:25+03:00
wildberries,579914472,165764069,Yorkent,Полотенце банное махровое набор для ванной 6 шт,bnM2SoFWX4fzcgrDyUrK,5,2026-09-18 16:17:08,"Симпатичные полотенца, тонкие, на фото выглядят красивее чем в живую.",,,бежевый,,0,,,,2026-09-21T14:15:25+03:00
wildberries,579914472,165764069,Yorkent,Полотенце банное махровое набор для ванной 6 шт,iv7COkM4RVyorbMifVGu,5,2026-09-18 14:41:01,,Отлично,,"Коричневый, бежевый, золотистый · 30х50 см, 70х130 см",0,0,,,,2026-09-21T14:15:25+03:00
wildberries,579914472,165764069,Yorkent,Полотенце банное махровое набор для ванной 6 шт,OeEvd1SQJcqWtCPHjbqv,4,2026-09-18 14:12:36,Тонкие а так норм,,,"Розовый, синий · 30х50 см, 70х130 см",0,0,,,,2026-09-21T14:15:25+03:00
wildberries,579914472,165764069,Yorkent,Полотенце банное махровое набор для ванной 6 шт,RpBoTYfTsEWzgfBZ0uvE,3,2026-09-18 13:40:17,Полотенца тонкие,,,серый,,0,,,,2026-09-21T14:15:25+03:00
wildberries,579914472,165764069,Yorkent,Полотенце банное махровое набор для ванной 6 шт,HWZoPY1Q70dFevd4sM1g,3,2026-09-18 13:39:41,Очень тонкие,,,фиолетовый,,0,,,,2026-09-21T14:15:25+03:00
wildberries,579914472,165764069,Yorkent,Полотенце банное махровое набор для ванной 6 шт,q4AmjSa09KJXd7BzcE4w,5,2026-09-18 13:26:41,"Очень понравились, мягкие , приятные рекомендую",,,"Серо-голубой, лавандовый · 30х50 см, 70х130 см",0,0,,,,2026-09-21T14:15:25+03:00
wildberries,579914472,165764069,Yorkent,Полотенце банное махровое набор для ванной 6 шт,dvY7FHHvchvK7pRpuwX3,3,2026-09-18 13:10:29,"Хорошо, проверю на впитываемость, но сантиметры?",,,"Серо-голубой, лавандовый · 30х50 см, 70х130 см",0,0,,,,2026-09-21T14:15:25+03:00
wildberries,579914472,165764069,Yorkent,Полотенце банное махровое набор для ванной 6 шт,8pgZ6dpclqgAWq2YQa7z,2,2026-09-18 11:24:38,"Очень тонкие, да ещё на 5см. Обманывают, все размеры, не рекомендую.",,,"Серо-голубой, лавандовый · 30х50 см, 70х130 см",0,0,,,,2026-09-21T14:15:25+03:00
wildberries,579914472,165764069,Yorkent,Полотенце банное махровое набор для ванной 6 шт,ewcVAtNNntlsXj69Jwhs,5,2026-09-18 12:56:58,"Отличные полотенца, брала на подарок, надеюсь что понравятся!! Спасибо продавцу!! 👍",,,"Сливовый, фиолетовый · 30х50 см, 70х130 см",0,0,,,,2026-09-21T14:15:25+03:00
wildberries,579914472,165764069,Yorkent,Полотенце банное махровое набор для ванной 6 шт,PLlg0e2plLXjq4N3CSWN,3,2026-09-18 12:52:19,,,Очень тонкие,"Розовый, синий · 30х50 см, 70х130 см",0,0,,,,2026-09-21T14:15:25+03:00
wildberries,579914472,165764069,Yorkent,Полотенце банное махровое набор для ванной 6 шт,ieX3jy65Kq9HS2xL8xsY,5,2026-09-18 09:44:28,Качество отличное!,,,"Розовый, синий · 30х50 см, 70х130 см",0,0,,,,2026-09-21T14:15:25+03:00
wildberries,579914472,165764069,Yorkent,Полотенце банное махровое набор для ванной 6 шт,r85V6e3q7tLYXIveVPgA,5,2026-09-18 09:12:54,💯💯💯💯💯🔥🔥🔥🔥🔥спасибо за отличный товар,,,"Розовый, синий · 30х50 см, 70х130 см",0,0,,,,2026-09-21T14:15:25+03:00
wildberries,579914472,165764069,Yorkent,Полотенце банное махровое набор для ванной 6 шт,3DCRtI8pFc0isVShuufJ,5,2026-09-18 07:32:58,,,,"Розовый, синий · 30х50 см, 70х130 см",0,0,,,,2026-09-21T14:15:25+03:00
wildberries,579914472,165764069,Yorkent,Полотенце банное махровое набор для ванной 6 шт,AQg0iMCD3bPE1dddPu33,5,2026-09-18 06:49:16,,,,"Сливовый, фиолетовый · 30х50 см, 70х130 см",0,0,,,,2026-09-21T14:15:25+03:00
wildberries,579914472,165764069,Yorkent,Полотенце банное махровое набор для ванной 6 шт,0Dd31RnZH1PymSmSLmpT,5,2026-09-18 06:26:09,"Дорого, тоники",,,фиолетовый,,0,,,,2026-09-21T14:15:25+03:00
wildberries,579914472,165764069,Yorkent,Полотенце банное махровое набор для ванной 6 шт,k387XGaL9ELaEqrrgq8y,5,2026-09-18 04:34:01,"К покупке товара рекомендую,шли очень очень долго,но отказаться не стала поддержала продавца в сложившейся ситуации, спасибо большое продавцу за качество товара",,,"Сливовый, фиолетовый · 30х50 см, 70х130 см",0,1,,,,2026-09-21T14:15:25+03:00
wildberries,579914472,165764069,Yorkent,Полотенце банное махровое набор для ванной 6 шт,dt3yR6Emt6gP7aAeWMa1,5,2026-09-18 03:56:40,"Полотенца средней толщины, мне это нравится. Легко впитывает воду и высыхает быстро, удобно в поездке.",,,"Розовый, синий · 30х50 см, 70х130 см",0,0,,,,2026-09-21T14:15:25+03:00
wildberries,579914472,165764069,Yorkent,Полотенце банное махровое набор для ванной 6 шт,AKuyK8oeIR3K68G0TaRU,5,2026-09-17 18:43:34,"хороший комплект, рекомендую к покупке",,,фиолетовый,0,0,,,,2026-09-21T14:15:25+03:00
wildberries,579914472,165764069,Yorkent,Полотенце банное махровое набор для ванной 6 шт,VztD0SW163y1uTXRErl5,5,2026-09-17 17:37:21,,,,"Сливовый, фиолетовый · 30х50 см, 70х130 см",0,0,,,,2026-09-21T14:15:25+03:00
wildberries,579914472,165764069,Yorkent,Полотенце банное махровое набор для ванной 6 шт,RNRA23M7s3gNBjJ2DP00,5,2026-09-17 16:29:08,,,,"Серо-голубой, лавандовый · 30х50 см, 70х130 см",0,0,,,,2026-09-21T14:15:25+03:00
wildberries,579914472,165764069,Yorkent,Полотенце банное махровое набор для ванной 6 шт,Uji3lmpGWeFIo9rIrBWF,5,2026-09-17 16:16:40,,,,"Коричневый, бежевый, золотистый · 30х50 см, 70х130 см",0,0,,,,2026-09-21T14:15:25+03:00
wildberries,579914472,165764069,Yorkent,Полотенце банное махровое набор для ванной 6 шт,l3UceOJpecKBsoMYuX0g,3,2026-09-17 16:14:48,Очень тонкие,,,"Серо-голубой, лавандовый · 30х50 см, 70х130 см",0,0,,,,2026-09-21T14:15:25+03:00
wildberries,579914472,165764069,Yorkent,Полотенце банное махровое набор для ванной 6 шт,y0g51adwj5RHsM4AtmjB,5,2026-09-17 16:08:39,Мягкие очень хорошие полотенца. Беру третий раз,,,фиолетовый,,0,,,,2026-09-21T14:15:25+03:00
wildberries,579914472,165764069,Yorkent,Полотенце банное махровое набор для ванной 6 шт,11QC6HCaXUjCp5ms2jNs,5,2026-09-17 14:49:56,Пока не использовала.,,,"Сливовый, фиолетовый · 30х50 см, 70х130 см",0,0,,,,2026-09-21T14:15:25+03:00
wildberries,579914472,165764069,Yorkent,Полотенце банное махровое набор для ванной 6 шт,8aojZ9U2ooAyhFyLkmXu,5,2026-09-17 14:30:56,,,,"Серо-голубой, лавандовый · 30х50 см, 70х130 см",0,0,,,,2026-09-21T14:15:25+03:00
wildberries,579914472,165764069,Yorkent,Полотенце банное махровое набор для ванной 6 шт,InVCQYoZqqVSlS3Bgzng,5,2026-09-17 14:26:55,Спасибо 5+,,,"Розовый, синий · 30х50 см, 70х130 см",0,0,,,,2026-09-21T14:15:25+03:00
wildberries,579914472,165764069,Yorkent,Полотенце банное махровое набор для ванной 6 шт,WqbYEDCTU5fZhH1YejAd,5,2026-09-17 13:50:37,,,,"Розовый, синий · 30х50 см, 70х130 см",0,0,,,,2026-09-21T14:15:25+03:00
wildberries,579914472,165764069,Yorkent,Полотенце банное махровое набор для ванной 6 шт,wlOdBzAcT82Mi7KXWFP4,5,2026-09-17 12:57:47,,,,"Серо-голубой, лавандовый · 30х50 см, 70х130 см",0,0,,,,2026-09-21T14:15:25+03:00
wildberries,579914472,165764069,Yorkent,Полотенце банное махровое набор для ванной 6 шт,PuDXAFI4m0mPX0nPaoZt,3,2026-09-17 12:43:02,"Цвет смотрится бледнее,чем на фото.И тонковата.",,,"Серо-голубой, лавандовый · 30х50 см, 70х130 см",0,0,,,,2026-09-21T14:15:25+03:00
wildberries,579914472,165764069,Yorkent,Полотенце банное махровое набор для ванной 6 шт,dn7WzQAIXu1fKXQYR2Jf,5,2026-09-17 12:03:06,,,,"Сливовый, фиолетовый · 30х50 см, 70х130 см",0,0,,,,2026-09-21T14:15:25+03:00
wildberries,579914472,165764069,Yorkent,Полотенце банное махровое набор для ванной 6 шт,ToJJIBOu2GlwpTSSLVo8,4,2026-09-17 11:45:35,Полотенце очень тонкие. 4 звезды.,,,"Сливовый, фиолетовый · 30х50 см, 70х130 см",0,0,,,,2026-09-21T14:15:25+03:00
wildberries,579914472,165764069,Yorkent,Полотенце банное махровое набор для ванной 6 шт,QvPrr7Hn6m1ugjoKEAbR,5,2026-09-17 09:03:39,"Очень удобно и то, что есть петля для крепления. Рекомендую к покупке",,,"Серо-голубой, лавандовый · 30х50 см, 70х130 см",0,0,,,,2026-09-21T14:15:25+03:00
wildberries,579914472,165764069,Yorkent,Полотенце банное махровое набор для ванной 6 шт,We273mkAL3DcMsPt53iv,5,2026-09-17 07:39:41,,,,"Серо-голубой, лавандовый · 30х50 см, 70х130 см",0,0,,,,2026-09-21T14:15:25+03:00
wildberries,579914472,165764069,Yorkent,Полотенце банное махровое набор для ванной 6 шт,tg4IbwkfkAhi3QDKXucA,5,2026-09-17 07:40:10,,,,"Сливовый, фиолетовый · 30х50 см, 70х130 см",0,0,,,,2026-09-21T14:15:25+03:00
wildberries,579914472,165764069,Yorkent,Полотенце банное махровое набор для ванной 6 шт,KoWDzLGjr8gx6EuBkgZa,5,2026-09-17 07:21:26,"Полотенца хорошего качества 👌 Мягкие, в меру плотные, приятная мелочь ☺ пришит держатель👍 за что вешать 🤗 Рекомендуем к покупке💯 😉",,,"Розовый, синий · 30х50 см, 70х130 см",0,0,,,,2026-09-21T14:15:25+03:00
wildberries,579914472,165764069,Yorkent,Полотенце банное махровое набор для ванной 6 шт,ny9UYy8eoZTQXucf05zx,3,2026-09-17 07:18:12,"красивые красивые цвета яркие насыщенные, но по впитыванию мне не подошли оставлю для руг гостей 🤗",,,"Сливовый, фиолетовый · 30х50 см, 70х130 см",0,0,,,,2026-09-21T14:15:25+03:00
wildberries,579914472,165764069,Yorkent,Полотенце банное махровое набор для ванной 6 шт,5vu8xAKyKYtXLJrPSZeo,5,2026-09-17 05:21:37,,,,"Сливовый, фиолетовый · 30х50 см, 70х130 см",0,0,,,,2026-09-21T14:15:25+03:00
wildberries,579914472,165764069,Yorkent,Полотенце банное махровое набор для ванной 6 шт,uCAjeOpXMFpFTl91PDLe,5,2026-09-17 04:25:18,"Полотенца тоненькие. С задачей своей справляются, пользоваться приятно",,,"Серо-голубой, лавандовый · 30х50 см, 70х130 см",0,0,,,,2026-09-21T14:15:25+03:00
wildberries,579914472,165764069,Yorkent,Полотенце банное махровое набор для ванной 6 шт,OOiV2sg8ZlAazgYq37Qy,5,2026-09-17 03:35:16,,,,"Серо-голубой, лавандовый · 30х50 см, 70х130 см",0,0,,,,2026-09-21T14:15:25+03:00
wildberries,579914472,165764069,Yorkent,Полотенце банное махровое набор для ванной 6 шт,HLlYk7IAGVjPWjwE0JWn,4,2026-09-16 18:04:24,"Полотенца с виду не плохие. Все аккуратно, фото соответствует. Но лично для меня как-то недостаточно пушистые, хотелось бы что-то пообъемнее. Если это не принципиально, то смело можно брать. - и доставка хорошая, и видно что натуральный хлопок, приятные.",,,"Коричневый, бежевый, золотистый · 30х50 см, 70х130 см",0,0,,,,2026-09-21T14:15:25+03:00
wildberries,579914472,165764069,Yorkent,Полотенце банное махровое набор для ванной 6 шт,dJO5BMP9t3nXnKiyZqAo,4,2026-09-16 18:04:08,"Полотенца с виду не плохие. Все аккуратно, фото соответствует. Но лично для меня как-то недостаточно пушистые, хотелось бы что-то пообъемнее. Если это не принципиально, то смело можно брать. - и доставка хорошая, и видно что натуральный хлопок, приятные.",,,"Серый, светло-серый · 30х50 см, 70х130 см",0,1,,,,2026-09-21T14:15:25+03:00
wildberries,579914472,165764069,Yorkent,Полотенце банное махровое набор для ванной 6 шт,eMWQinSPLjntiEXzhAUc,5,2026-09-16 16:51:22,,Отличные качественные,,"Серый, светло-серый · 30х50 см, 70х130 см",0,0,,,,2026-09-21T14:15:25+03:00
wildberries,579914472,165764069,Yorkent,Полотенце банное махровое набор для ванной 6 шт,4MrlZ2FscOQR46dwcIF4,5,2026-09-16 16:44:24,,,,"Розовый, синий · 30х50 см, 70х130 см",0,1,,,,2026-09-21T14:15:25+03:00
wildberries,579914472,165764069,Yorkent,Полотенце банное махровое набор для ванной 6 шт,1KPgBKzG91qPSo4Xp06v,3,2026-09-16 16:23:47,"Тонкие, просто для рук, не банное)",,,фиолетовый,,0,,,,2026-09-21T14:15:25+03:00
wildberries,579914472,165764069,Yorkent,Полотенце банное махровое набор для ванной 6 шт,z6Bwa946aXREMRWyd6VU,3,2026-09-16 16:07:16,"Не соответствуют описанию, они не махровые, синтетика",,,"Розовый, синий · 30х50 см, 70х130 см",0,2,,,,2026-09-21T14:15:25+03:00
wildberries,579914472,165764069,Yorkent,Полотенце банное махровое набор для ванной 6 шт,nGSmcqOZkdvBjHqB58q1,4,2026-09-16 16:04:22,Толковатые,,,"Розовый, синий · 30х50 см, 70х130 см",0,1,,,,2026-09-21T14:15:25+03:00
wildberries,579914472,165764069,Yorkent,Полотенце банное махровое набор для ванной 6 шт,qasXDKEp65kRWE3lapy1,3,2026-09-16 15:16:57,"Тоненькие, не совсем мягкие",,,серый,,0,,,,2026-09-21T14:15:25+03:00
wildberries,579914472,165764069,Yorkent,Полотенце банное махровое набор для ванной 6 шт,6UORroM2tBUxEfMA8XRx,5,2026-09-16 14:42:54,Да не за что 🤗,,,"Розовый, синий · 30х50 см, 70х130 см",0,0,,,,2026-09-21T14:15:25+03:00
wildberries,579914472,165764069,Yorkent,Полотенце банное махровое набор для ванной 6 шт,L6sQvaEoQcKVV8RlThC5,5,2026-09-16 08:29:22,Спасибо за товар очень хорошие платежки 😊,,,"Розовый, синий · 30х50 см, 70х130 см",0,0,,,,2026-09-21T14:15:25+03:00
wildberries,579914472,165764069,Yorkent,Полотенце банное махровое набор для ванной 6 шт,N63H5kXd0JPXUNJni7Lw,5,2026-09-16 13:32:47,,,,фиолетовый,,0,,,,2026-09-21T14:15:25+03:00
wildberries,579914472,165764069,Yorkent,Полотенце банное махровое набор для ванной 6 шт,qOtWSNUhaXdTyL4rqrEH,5,2026-09-16 11:55:36,"Хорошие полотенца за свою цену. Не очень плотные, быстро сохнут, хорошо впитывают. Есть удобные петельки. Отлично подойдут к любому интерьеру.",,,бежевый,,1,,,,2026-09-21T14:15:25+03:00
wildberries,579914472,165764069,Yorkent,Полотенце банное махровое набор для ванной 6 шт,BcdZG9DiBthBfjxsAFyy,5,2026-09-16 09:31:10,"Полотенце хоть и тонкие, хорошо впитывают",,,"Серый, светло-серый · 30х50 см, 70х130 см",0,0,,,,2026-09-21T14:15:25+03:00
wildberries,579914472,165764069,Yorkent,Полотенце банное махровое набор для ванной 6 шт,Ie6PdWNWcMzC27RRcjrM,5,2026-09-16 09:01:06,,,,фиолетовый,,0,,,,2026-09-21T14:15:25+03:00
wildberries,579914472,165764069,Yorkent,Полотенце банное махровое набор для ванной 6 шт,ZFKr7ASMnZ3mqz0Nzz18,5,2026-09-16 08:13:30,Хорошие полотенца),,,серый,,0,,,,2026-09-21T14:15:25+03:00
wildberries,579914472,165764069,Yorkent,Полотенце банное махровое набор для ванной 6 шт,tHXQUxFU3Vh2gDB3TfAp,4,2026-09-16 06:20:02,"Ранее покупала такие же полотенца, но плотные, а эти жиденькие.",,,"Серый, светло-серый · 30х50 см, 70х130 см",0,0,,,,2026-09-21T14:15:25+03:00
wildberries,579914472,165764069,Yorkent,Полотенце банное махровое набор для ванной 6 шт,cUBv8esi624GUE8lomFT,5,2026-09-16 04:10:58,Нормальные полотенца,,,розовый,,0,,,,2026-09-21T14:15:25+03:00
wildberries,579914472,165764069,Yorkent,Полотенце банное махровое набор для ванной 6 шт,e2o0FF2uKJkaXaW3LULw,5,2026-09-15 18:11:04,Моя отличная покупка,,,"Розовый, синий · 30х50 см, 70х130 см",0,0,,,,2026-09-21T14:15:25+03:00
wildberries,579914472,165764069,Yorkent,Полотенце банное махровое набор для ванной 6 шт,4O4mYSo51FuuoxHrtJ38,5,2026-09-15 14:40:13,,,,"Розовый, синий · 30х50 см, 70х130 см",0,0,,,,2026-09-21T14:15:25+03:00
wildberries,579914472,165764069,Yorkent,Полотенце банное махровое набор для ванной 6 шт,qCuVc5CelA7KfR3SOrxt,1,2026-09-15 15:27:46,"Полотенце тонкое , качество ужасное",,,фиолетовый,,0,,,,2026-09-21T14:15:25+03:00
wildberries,579914472,165764069,Yorkent,Полотенце банное махровое набор для ванной 6 шт,35m94HzZVKsGaa6VfPNn,5,2026-09-15 14:42:14,,,,"Серо-голубой, лавандовый · 30х50 см, 70х130 см",0,0,,,,2026-09-21T14:15:25+03:00
wildberries,579914472,165764069,Yorkent,Полотенце банное махровое набор для ванной 6 шт,9ASejDeOrKHlLT3NZJOf,5,2026-09-15 13:47:52,,,,"Серо-голубой, лавандовый · 30х50 см, 70х130 см",0,0,,,,2026-09-21T14:15:25+03:00
wildberries,579914472,165764069,Yorkent,Полотенце банное махровое набор для ванной 6 шт,ebyIQ9zMPfGmUW7ZVNTY,5,2026-09-15 13:31:18,"Товар пришёл хорошо упакованный, без брака. 6 качественных полотенцев за символическую цену!!!",,,"Сливовый, фиолетовый · 30х50 см, 70х130 см",0,0,,,,2026-09-21T14:15:25+03:00
wildberries,579914472,165764069,Yorkent,Полотенце банное махровое набор для ванной 6 шт,OFwz7D7o4UuhplnI3ou0,5,2026-09-15 13:16:25,,,,"Розовый, синий · 30х50 см, 70х130 см",0,0,,,,2026-09-21T14:15:25+03:00
wildberries,579914472,165764069,Yorkent,Полотенце банное махровое набор для ванной 6 шт,8gX7n3D4Kui8OXuGw27N,5,2026-09-15 11:07:02,,За эту цену качество адекватное,,фиолетовый,,0,,,,2026-09-21T14:15:25+03:00
wildberries,579914472,165764069,Yorkent,Полотенце банное махровое набор для ванной 6 шт,U27sFezR91k8Bp4X0SbP,2,2026-09-15 10:08:26,,,,"Розовый, синий · 30х50 см, 70х130 см",0,1,,,,2026-09-21T14:15:25+03:00
wildberries,579914472,165764069,Yorkent,Полотенце банное махровое набор для ванной 6 шт,BeYxE7oXFZPjqgG55hDS,5,2026-09-15 09:53:54,,,,"Сливовый, фиолетовый · 30х50 см, 70х130 см",0,0,,,,2026-09-21T14:15:25+03:00
wildberries,579914472,165764069,Yorkent,Полотенце банное махровое набор для ванной 6 шт,WV7v8NB6Ei53WEeBpTXu,5,2026-09-15 08:48:13,,,,"Серо-голубой, лавандовый · 30х50 см, 70х130 см",0,0,,,,2026-09-21T14:15:25+03:00
wildberries,579914472,165764069,Yorkent,Полотенце банное махровое набор для ванной 6 шт,yp3HOZ0nabQta7QsUZeK,4,2026-09-15 06:53:11,Тонковаты немного бы поплотнее,,,"Сливовый, фиолетовый · 30х50 см, 70х130 см",0,0,,,,2026-09-21T14:15:25+03:00
wildberries,579914472,165764069,Yorkent,Полотенце банное махровое набор для ванной 6 шт,Fk7UrU6A9EymtFktV6Lb,5,2026-09-15 06:29:13,,,,"Темная слива, лиловый · 30х60 см, 50х80 см, 70х130 см",0,0,,,,2026-09-21T14:15:25+03:00
wildberries,579914472,165764069,Yorkent,Полотенце банное махровое набор для ванной 6 шт,tWxSAGYS9wWC2V4Wlwz8,5,2026-09-15 06:10:23,,,,"Серо-голубой, лавандовый · 30х50 см, 70х130 см",0,0,,,,2026-09-21T14:15:25+03:00
wildberries,579914472,165764069,Yorkent,Полотенце банное махровое набор для ванной 6 шт,NGpazZ78jK3eXbbLMnlt,5,2026-09-15 06:09:42,Рекомендую,,,фиолетовый,,0,,,,2026-09-21T14:15:25+03:00
wildberries,579914472,165764069,Yorkent,Полотенце банное махровое набор для ванной 6 шт,luN6A9dKlFdoqJCkEQXh,5,2026-09-15 05:05:12,"Набор полотенец понравился, такие и хотела, спасибо продавцу",,,"Серо-голубой, лавандовый · 30х50 см, 70х130 см",0,1,,,,2026-09-21T14:15:25+03:00
wildberries,579914472,165764069,Yorkent,Полотенце банное махровое набор для ванной 6 шт,xRAROLh5V6jjCPszsae2,5,2026-09-15 04:24:36,"Хорошие, мягкие полотенца. По размеру удобные. Спасибо за товар.",,,"Розовый, синий · 30х50 см, 70х130 см",0,0,,,,2026-09-21T14:15:25+03:00
wildberries,579914472,165764069,Yorkent,Полотенце банное махровое набор для ванной 6 шт,tPw297ybgixA6rUu5MXA,4,2026-09-15 04:18:55,"Тонкие, хотя была заявлена большая плотность.",,,"Сливовый, фиолетовый · 30х50 см, 70х130 см",0,0,,,,2026-09-21T14:15:25+03:00
wildberries,579914472,165764069,Yorkent,Полотенце банное махровое набор для ванной 6 шт,rjSIn9Mvjj2Q1BWKKvJP,3,2026-09-15 03:34:22,,,,"Розовый, синий · 30х50 см, 70х130 см",0,1,,,,2026-09-21T14:15:25+03:00
wildberries,579914472,165764069,Yorkent,Полотенце банное махровое набор для ванной 6 шт,EheXDRoF4vymG448E4VT,5,2026-09-15 02:58:27,,,,"Серый, светло-серый · 30х50 см, 70х130 см",0,0,,,,2026-09-21T14:15:25+03:00
wildberries,579914472,165764069,Yorkent,Полотенце банное махровое набор для ванной 6 шт,tmpbJfMZr1NXoae67gso,2,2026-09-15 02:02:06,,,,серый,,0,,,,2026-09-21T14:15:25+03:00
wildberries,579914472,165764069,Yorkent,Полотенце банное махровое набор для ванной 6 шт,Ucfs7a37k8ifq1YlfJSO,5,2026-09-14 18:39:35,,,,розовый,,0,,,,2026-09-21T14:15:25+03:00
wildberries,579914472,165764069,Yorkent,Полотенце банное махровое набор для ванной 6 шт,cuqKeiRLg2p0oMNiuvIH,5,2026-09-14 17:27:04,"Отличные полотенца! Перед использованием постирала, как указано в карточке, размер остался прежним и цвет тоже! Спасибо !!!",,,фиолетовый,,0,,,,2026-09-21T14:15:25+03:00
wildberries,579914472,165764069,Yorkent,Полотенце банное махровое набор для ванной 6 шт,Wszg3EIq8xPCWtBkBkOj,5,2026-09-14 16:43:23,,,,"Розовый, синий · 30х50 см, 70х130 см",0,0,,,,2026-09-21T14:15:25+03:00
wildberries,579914472,165764069,Yorkent,Полотенце банное махровое набор для ванной 6 шт,qBOhRPUG7VEJfS9WCGpQ,3,2026-09-14 15:43:35,,,"Очень тонкие.получала не сама,сделала бы возврат.",фиолетовый,0,0,,,,2026-09-21T14:15:25+03:00
wildberries,579914472,165764069,Yorkent,Полотенце банное махровое набор для ванной 6 шт,wNZTGrhnHzjnoNE5So8Z,5,2026-09-14 14:58:52,,,,"Розовый, синий · 30х50 см, 70х130 см",0,0,,,,2026-09-21T14:15:25+03:00
wildberries,579914472,165764069,Yorkent,Полотенце банное махровое набор для ванной 6 шт,k5ZWZZdrigtpmuQDG88v,5,2026-09-14 14:34:40,Отличный набор и качество,,,"Розовый, синий · 30х50 см, 70х130 см",0,0,,,,2026-09-21T14:15:25+03:00
wildberries,579914472,165764069,Yorkent,Полотенце банное махровое набор для ванной 6 шт,S5XsGrWcJDIqi56CC8EN,2,2026-09-14 10:28:03,,,,розовый,,2,,,,2026-09-21T14:15:25+03:00
wildberries,579914472,165764069,Yorkent,Полотенце банное махровое набор для ванной 6 шт,f4xvYGTxTqLGW2oNxRpX,5,2026-09-14 09:56:42,"Хорошо вытирает, кайф",,,"Розовый, синий · 30х50 см, 70х130 см",0,0,,,,2026-09-21T14:15:25+03:00
wildberries,579914472,165764069,Yorkent,Полотенце банное махровое набор для ванной 6 шт,1xG4QosoYwUeOfyamWVt,5,2026-09-14 09:39:08,,,,"Розовый, синий · 30х50 см, 70х130 см",0,0,,,,2026-09-21T14:15:25+03:00
wildberries,579914472,165764069,Yorkent,Полотенце банное махровое набор для ванной 6 шт,RCJc7M33FSC7sHp6g3ym,5,2026-09-14 06:16:03,Качественные красивые мягкие удобные,,,фиолетовый,0,0,,,,2026-09-21T14:15:25+03:00
wildberries,579914472,165764069,Yorkent,Полотенце банное махровое набор для ванной 6 шт,kaR8W26x5YG3Aj65ubzo,5,2026-09-14 01:17:28,"Хорошо впитывают влагу, рекомендую.",,,"Розовый, синий · 30х50 см, 70х130 см",0,0,,,,2026-09-21T14:15:25+03:00
wildberries,579914472,165764069,Yorkent,Полотенце банное махровое набор для ванной 6 шт,TV3XT7KoG80ANAWAXO1W,3,2026-09-13 16:44:21,Фиолетовый цвет оставляет волосики на теле и на лице,,,фиолетовый,,1,,,,2026-09-21T14:15:25+03:00
wildberries,579914472,165764069,Yorkent,Полотенце банное махровое набор для ванной 6 шт,njW6j43TaVZEvtsXNEfv,5,2026-09-13 16:41:27,"Полотенца классные, за такую цену вообще класс рекомендую",,,"Розовый, синий · 30х50 см, 70х130 см",0,0,,,,2026-09-21T14:15:25+03:00
wildberries,579914472,165764069,Yorkent,Полотенце банное махровое набор для ванной 6 шт,ybUcQqz7x0jq2ZwsDe4m,3,2026-09-13 16:32:18,,,,"Темная слива, лиловый · 30х60 см, 50х80 см, 70х130 см",0,0,,,,2026-09-21T14:15:25+03:00
wildberries,579914472,165764069,Yorkent,Полотенце банное махровое набор для ванной 6 шт,tK9R5L3Hkplg7IioXTe7,4,2026-09-13 15:09:07,"В целом полотенца неплохие, но тонковаты. Очень плохо впитывают, но через несколько стирок грубеют и все хорошо.",,,"Сливовый, фиолетовый · 30х50 см, 70х130 см",0,0,,,,2026-09-21T14:15:25+03:00
wildberries,579914472,165764069,Yorkent,Полотенце банное махровое набор для ванной 6 шт,znnVGjn0JoffAy6LoCTu,5,2026-09-13 14:30:50,,,,"Розовый, синий · 30х50 см, 70х130 см",0,0,,,,2026-09-21T14:15:25+03:00
wildberries,579914472,165764069,Yorkent,Полотенце банное махровое набор для ванной 6 шт,6ZHkYc1jsm32mC2M2u8U,5,2026-09-13 14:29:17,,,,"Сливовый, фиолетовый · 30х50 см, 70х130 см",0,0,,,,2026-09-21T14:15:25+03:00
wildberries,579914472,165764069,Yorkent,Полотенце банное махровое набор для ванной 6 шт,lXqMUFmiQxL8bQtqAz9n,3,2026-09-13 14:27:49,,,,серый,,0,,,,2026-09-21T14:15:25+03:00
wildberries,579914472,165764069,Yorkent,Полотенце банное махровое набор для ванной 6 шт,v0cPCCDwkNc6ufO6EKWo,3,2026-09-13 14:22:42,"Полотенца тонкие, не впечатлили, брала на подарок",,,"Розовый, синий · 30х50 см, 70х130 см",0,0,,,,2026-09-21T14:15:25+03:00
wildberries,579914472,165764069,Yorkent,Полотенце банное махровое набор для ванной 6 шт,IdWIvklYN0XWeipHvDzA,5,2026-09-13 11:14:00,,,,"Розовый, синий · 30х50 см, 70х130 см",0,0,,,,2026-09-21T14:15:25+03:00
wildberries,579914472,165764069,Yorkent,Полотенце банное махровое набор для ванной 6 шт,VyJKAGSXlNjeB8Jzl5do,5,2026-09-13 10:51:26,Хорошее качество,,,серый,,0,,,,2026-09-21T14:15:25+03:00
wildberries,579914472,165764069,Yorkent,Полотенце банное махровое набор для ванной 6 шт,oa0ZJCh3BJqELSBPkwRF,5,2026-09-13 09:03:42,,,,"Розовый, синий · 30х50 см, 70х130 см",0,0,,,,2026-09-21T14:15:25+03:00
wildberries,579914472,165764069,Yorkent,Полотенце банное махровое набор для ванной 6 шт,AjERs8XhD4qQEotvVigO,5,2026-09-13 09:01:21,,"полотенца хорошего качества,впитывают  хорошо,упакованы отлично,можно и на подарок",,розовый,0,0,,,,2026-09-21T14:15:25+03:00
wildberries,579914472,165764069,Yorkent,Полотенце банное махровое набор для ванной 6 шт,KYTteiHN01n9XRm7R2u2,5,2026-09-13 08:42:12,,,,"Серый, светло-серый · 30х50 см, 70х130 см",0,0,,,,2026-09-21T14:15:25+03:00
wildberries,579914472,165764069,Yorkent,Полотенце банное махровое набор для ванной 6 шт,oqXqvEnRw827BfZXh9rQ,1,2026-09-13 06:28:05,Нет качества,,,"Сливовый, фиолетовый · 30х50 см, 70х130 см",0,0,,,,2026-09-21T14:15:25+03:00
wildberries,579914472,165764069,Yorkent,Полотенце банное махровое набор для ванной 6 шт,7GYphSm4IpQg1fTf3j8B,1,2026-09-13 04:18:08,пришло 2 полотенца,,,"Розовый, синий · 30х50 см, 70х130 см",0,0,,,,2026-09-21T14:15:25+03:00
wildberries,579914472,165764069,Yorkent,Полотенце банное махровое набор для ванной 6 шт,Ad5wbCRXJuIprWN0UFHN,3,2026-09-12 23:33:18,Качество слишком тонкий,,,"Серо-голубой, лавандовый · 30х50 см, 70х130 см",0,0,,,,2026-09-21T14:15:25+03:00
wildberries,579914472,165764069,Yorkent,Полотенце банное махровое набор для ванной 6 шт,ssixd5SidHLVGbU0r9qn,5,2026-09-12 18:23:01,,,,фиолетовый,0,0,,,,2026-09-21T14:15:25+03:00
wildberries,579914472,165764069,Yorkent,Полотенце банное махровое набор для ванной 6 шт,ELY9HYxernNtjl61isB3,3,2026-09-12 14:13:25,,,,розовый,,0,,,,2026-09-21T14:15:25+03:00
wildberries,579914472,165764069,Yorkent,Полотенце банное махровое набор для ванной 6 шт,ANhFfygYrlPkcY0jCxWm,3,2026-09-12 14:13:18,,,,фиолетовый,,0,,,,2026-09-21T14:15:25+03:00
wildberries,579914472,165764069,Yorkent,Полотенце банное махровое набор для ванной 6 шт,B6WrTSN4eEztsCd4ngc3,5,2026-09-12 13:25:01,,,,"Серый, светло-серый · 30х50 см, 70х130 см",0,0,,,,2026-09-21T14:15:25+03:00
wildberries,579914472,165764069,Yorkent,Полотенце банное махровое набор для ванной 6 шт,r1VNfumVNjgA89NLsnWH,1,2026-09-12 11:18:25,,"Тоненькие,  на фотках со всем не такие ✖",,"Коричневый, бежевый, золотистый · 30х50 см, 70х130 см",0,0,,,,2026-09-21T14:15:25+03:00
wildberries,579914472,165764069,Yorkent,Полотенце банное махровое набор для ванной 6 шт,sV2KjyjIBV9kkdPAU3Bz,5,2026-09-12 10:14:53,,,,"Серо-голубой, лавандовый · 30х50 см, 70х130 см",0,0,,,,2026-09-21T14:15:25+03:00
wildberries,579914472,165764069,Yorkent,Полотенце банное махровое набор для ванной 6 шт,PoU3lTQzcskHaccen2fD,5,2026-09-12 09:08:58,"Красивые, качественные",,,"Сливовый, фиолетовый · 30х50 см, 70х130 см",0,0,,,,2026-09-21T14:15:25+03:00
wildberries,579914472,165764069,Yorkent,Полотенце банное махровое набор для ванной 6 шт,9ABAhoVYzXwP3zFDuwkR,5,2026-09-12 08:24:15,,,,"Сливовый, фиолетовый · 30х50 см, 70х130 см",0,0,,,,2026-09-21T14:15:25+03:00
wildberries,579914472,165764069,Yorkent,Полотенце банное махровое набор для ванной 6 шт,m5suYLypVXLcBNDXb7XI,5,2026-09-12 05:44:16,Хорошие полотенца. Доставка в срок. Цвет как на картинке,,,фиолетовый,,0,,,,2026-09-21T14:15:25+03:00
wildberries,579914472,165764069,Yorkent,Полотенце банное махровое набор для ванной 6 шт,bzV1PtqgHWloY3NUwr7Y,5,2026-09-12 05:42:55,Хорошие полотенца. Упакованы в пакет. Цвет как на картинке,,,серый,,0,,,,2026-09-21T14:15:25+03:00
wildberries,579914472,165764069,Yorkent,Полотенце банное махровое набор для ванной 6 шт,53SJYW1x6sMCLi3jS0QI,5,2026-09-11 19:27:09,,,,"Сливовый, фиолетовый · 30х50 см, 70х130 см",0,0,,,,2026-09-21T14:15:25+03:00
wildberries,579914472,165764069,Yorkent,Полотенце банное махровое набор для ванной 6 шт,envjmntwQ4f9XAMvsJwe,5,2026-09-11 19:01:15,"Полотенца супер! Стильно смотрятся, быстро сохнут, хорошо впитывают. Размеры тоже идеальные. Закажу в других цветах.",,,бежевый,,2,,,,2026-09-21T14:15:25+03:00
wildberries,579914472,165764069,Yorkent,Полотенце банное махровое набор для ванной 6 шт,WoFb8gX4XwLytN1FRjp0,4,2026-09-11 14:31:43,Очень очень тонкие. Просвечиваются. Отказалась,,,фиолетовый,,0,,,,2026-09-21T14:15:25+03:00
wildberries,579914472,165764069,Yorkent,Полотенце банное махровое набор для ванной 6 шт,FemBmdoCNwvcZWnTgstZ,2,2026-09-11 13:23:11,"Тонкие, знаете иногда можно в арендуемых квартирах встретить. Для кухни пойдут - быстро сохнут, а вот для тела хотелось бы что-нибудь посерьёзнее)) Не рекомендую",,,"Розовый, синий · 30х50 см, 70х130 см",0,0,,,,2026-09-21T14:15:25+03:00
wildberries,579914472,165764069,Yorkent,Полотенце банное махровое набор для ванной 6 шт,uGYQJ0F8CBCZ05GrtGoA,5,2026-09-11 12:39:53,,,,"Сливовый, фиолетовый · 30х50 см, 70х130 см",0,0,,,,2026-09-21T14:15:25+03:00
wildberries,579914472,165764069,Yorkent,Полотенце банное махровое набор для ванной 6 шт,mwgYcHCCSbrWIHetuOXu,5,2026-09-11 11:16:59,"Полотенца х/б, качество хорошее!",,,"Розовый, синий · 30х50 см, 70х130 см",0,0,,,,2026-09-21T14:15:25+03:00
wildberries,579914472,165764069,Yorkent,Полотенце банное махровое набор для ванной 6 шт,yPBrIhoCSGAqdSiulZVO,5,2026-09-11 10:34:12,,,,"Розовый, синий · 30х50 см, 70х130 см",0,0,,,,2026-09-21T14:15:25+03:00
wildberries,579914472,165764069,Yorkent,Полотенце банное махровое набор для ванной 6 шт,pG5v1VeCYbZ9NDTfA1Uf,5,2026-09-11 09:06:57,,,,"Серо-голубой, лавандовый · 30х50 см, 70х130 см",0,0,,,,2026-09-21T14:15:25+03:00
wildberries,579914472,165764069,Yorkent,Полотенце банное махровое набор для ванной 6 шт,D3hQ8FrCYDjmTpi3azo2,2,2026-09-11 08:17:25,Очень тонкие,,,"Серо-голубой, лавандовый · 30х50 см, 70х130 см",0,0,,,,2026-09-21T14:15:25+03:00
wildberries,579914472,165764069,Yorkent,Полотенце банное махровое набор для ванной 6 шт,4XcxcI42hpEpKyL44oyk,5,2026-09-11 08:06:23,"Симпатичные, тонкие, не линяют, вытирают хорошо",,,"Сливовый, фиолетовый · 30х50 см, 70х130 см",0,0,,,,2026-09-21T14:15:25+03:00
wildberries,579914472,165764069,Yorkent,Полотенце банное махровое набор для ванной 6 шт,J2SGrJXIIK6F5F0HbjmH,5,2026-09-11 08:04:26,,,,"Розовый, синий · 30х50 см, 70х130 см",0,0,,,,2026-09-21T14:15:25+03:00
wildberries,579914472,165764069,Yorkent,Полотенце банное махровое набор для ванной 6 шт,q7vOGzUL8WhuFEZQX3XC,5,2026-09-11 06:51:30,,,,"Розовый, синий · 30х50 см, 70х130 см",0,0,,,,2026-09-21T14:15:25+03:00
wildberries,579914472,165764069,Yorkent,Полотенце банное махровое набор для ванной 6 шт,nMlt7fzvtRwoRW2m8s7V,5,2026-09-11 05:08:58,Отличные,,,серый,,0,,,,2026-09-21T14:15:25+03:00
wildberries,579914472,165764069,Yorkent,Полотенце банное махровое набор для ванной 6 шт,bqUeEDPjapNmH0gnGsVV,5,2026-09-11 01:40:25,,,,"Серо-голубой, лавандовый · 30х50 см, 70х130 см",0,0,,,,2026-09-21T14:15:25+03:00
wildberries,579914472,165764069,Yorkent,Полотенце банное махровое набор для ванной 6 шт,r6XofWGgvBtB0Nfhf4L3,5,2026-09-11 01:32:37,,,,"Розовый, синий · 30х50 см, 70х130 см",0,0,,,,2026-09-21T14:15:25+03:00
wildberries,579914472,165764069,Yorkent,Полотенце банное махровое набор для ванной 6 шт,2rSgzqLnyKep2EaKOoGM,5,2026-09-11 00:15:34,,,,"Сливовый, фиолетовый · 30х50 см, 70х130 см",0,0,,,,2026-09-21T14:15:25+03:00
wildberries,579914472,165764069,Yorkent,Полотенце банное махровое набор для ванной 6 шт,i89WBJ2sZ8ZzjaPLXXKU,3,2026-09-10 20:05:32,Совсем не впитывают влагу,,,"Сливовый, фиолетовый · 30х50 см, 70х130 см",0,0,,,,2026-09-21T14:15:25+03:00
wildberries,579914472,165764069,Yorkent,Полотенце банное махровое набор для ванной 6 шт,4inZQr4WocFjuBnz84CY,4,2026-09-10 18:36:21,На фото толстые а по факту тонкие,,,"Коричневый, бежевый, золотистый · 30х50 см, 70х130 см",0,0,,,,2026-09-21T14:15:25+03:00
wildberries,579914472,165764069,Yorkent,Полотенце банное махровое набор для ванной 6 шт,EhUwngtb1kbsAfckEUNR,5,2026-09-10 13:55:57,"Красивое, хорошее",,,"Розовый, синий · 30х50 см, 70х130 см",0,0,,,,2026-09-21T14:15:25+03:00
wildberries,579914472,165764069,Yorkent,Полотенце банное махровое набор для ванной 6 шт,d9s9ycNsVzD8UliPtgDc,5,2026-09-10 13:52:37,"Хорошее, качественные",,,"Розовый, синий · 30х50 см, 70х130 см",0,0,,,,2026-09-21T14:15:25+03:00
wildberries,579914472,165764069,Yorkent,Полотенце банное махровое набор для ванной 6 шт,LEf7G6YS1bizH87L7NUx,5,2026-09-10 12:49:54,,Супер,,"Розовый, синий · 30х50 см, 70х130 см",0,0,,,,2026-09-21T14:15:25+03:00
wildberries,579914472,165764069,Yorkent,Полотенце банное махровое набор для ванной 6 шт,RKGx7ySrYLZHztMelkeO,5,2026-09-10 08:29:04,,"Полотенца хорошие, но тонковатые, ну все равно хорошие.",,"Розовый, синий · 30х50 см, 70х130 см",0,0,,,,2026-09-21T14:15:25+03:00
wildberries,579914472,165764069,Yorkent,Полотенце банное махровое набор для ванной 6 шт,cKhXIcFfhKjesRauyWOn,5,2026-09-10 08:11:27,"Товар понравился, буду заказывать еще",,,"Сливовый, фиолетовый · 30х50 см, 70х130 см",0,0,,,,2026-09-21T14:15:25+03:00
wildberries,579914472,165764069,Yorkent,Полотенце банное махровое набор для ванной 6 шт,EqqMUVEunUnhoopGa3Yv,3,2026-09-10 04:11:21,"Я обычно на звёзды не скупая, но здесь ставлю твердую 3. Очень уж полотенца жиденькие! Цена качеству видимо равна.",,,"Серо-голубой, лавандовый · 30х50 см, 70х130 см",0,0,,,,2026-09-21T14:15:25+03:00
wildberries,579914472,165764069,Yorkent,Полотенце банное махровое набор для ванной 6 шт,v0BIGBkIu9Gs7rt3gFOS,5,2026-09-09 21:29:59,"Отличный набор как по качеству, так и по цене. Мягкие, хорошо впитывают влагу. Беру третий раз, думаю не последний",,,"Розовый, синий · 30х50 см, 70х130 см",0,0,,,,2026-09-21T14:15:25+03:00
wildberries,579914472,165764069,Yorkent,Полотенце банное махровое набор для ванной 6 шт,Faqes2UMERiZ4FHydp2m,3,2026-09-09 20:06:02,,,,"Серо-голубой, лавандовый · 30х50 см, 70х130 см",0,0,,,,2026-09-21T14:15:25+03:00
wildberries,579914472,165764069,Yorkent,Полотенце банное махровое набор для ванной 6 шт,2UIXodYMmp5NHqVbekhF,5,2026-09-09 19:40:02,"Набор понравился, заказала второй",,,серый,,0,,,,2026-09-21T14:15:25+03:00
wildberries,579914472,165764069,Yorkent,Полотенце банное махровое набор для ванной 6 шт,fUdXDoY5OvZm7pt8wSaq,5,2026-09-09 14:58:13,,,,"Сливовый, фиолетовый · 30х50 см, 70х130 см",0,0,,,,2026-09-21T14:15:25+03:00
wildberries,579914472,165764069,Yorkent,Полотенце банное махровое набор для ванной 6 шт,wY4IJZhEkR3vDKVA4xMp,5,2026-09-09 13:06:38,,,,фиолетовый,,0,,,,2026-09-21T14:15:25+03:00
wildberries,579914472,165764069,Yorkent,Полотенце банное махровое набор для ванной 6 шт,xMnjccWnq6ed4EzbjAZ2,5,2026-09-09 13:02:17,"Все очень хорошее . Материал , цвета все супер рекомендую",,,"Розовый, синий · 30х50 см, 70х130 см",0,0,,,,2026-09-21T14:15:25+03:00
wildberries,579914472,165764069,Yorkent,Полотенце банное махровое набор для ванной 6 шт,iBrgQfFWRQoU45T7188M,5,2026-09-09 12:46:28,,,,"Розовый, синий · 30х50 см, 70х130 см",0,0,,,,2026-09-21T14:15:25+03:00
wildberries,579914472,165764069,Yorkent,Полотенце банное махровое набор для ванной 6 шт,CeaR7NTnrtAtfGjozAJs,5,2026-09-09 12:13:11,,,,"Серый, светло-серый · 30х50 см, 70х130 см",0,0,,,,2026-09-21T14:15:25+03:00
wildberries,579914472,165764069,Yorkent,Полотенце банное махровое набор для ванной 6 шт,vx3MtS5Vf33s7GBT68Ma,5,2026-09-09 10:32:55,,,,"Розовый, синий · 30х50 см, 70х130 см",0,0,,,,2026-09-21T14:15:25+03:00
wildberries,579914472,165764069,Yorkent,Полотенце банное махровое набор для ванной 6 шт,T678bIeuWCYaKXAunufo,5,2026-09-09 07:42:37,,,,"Сливовый, фиолетовый · 30х50 см, 70х130 см",0,0,,,,2026-09-21T14:15:25+03:00
wildberries,579914472,165764069,Yorkent,Полотенце банное махровое набор для ванной 6 шт,z28tieYnK3A4jL2xqnqa,5,2026-09-09 07:42:30,,,,фиолетовый,,0,,,,2026-09-21T14:15:25+03:00
wildberries,579914472,165764069,Yorkent,Полотенце банное махровое набор для ванной 6 шт,xyJ1akAN77dxD4Ly730Q,5,2026-09-09 02:09:32,,,,"Розовый, синий · 30х50 см, 70х130 см",0,0,,,,2026-09-21T14:15:25+03:00
wildberries,579914472,165764069,Yorkent,Полотенце банное махровое набор для ванной 6 шт,QQyPTqX89VJO4F0J8m4F,5,2026-09-09 01:29:43,,,,"Серо-голубой, лавандовый · 30х50 см, 70х130 см",0,0,,,,2026-09-21T14:15:25+03:00
wildberries,579914472,165764069,Yorkent,Полотенце банное махровое набор для ванной 6 шт,VI4xNkeT6mRO6mr1HmhE,5,2026-09-08 22:15:45,"Хорошие полотенца , мягкие . Я не ожидала за такую цену такое хорошее качество . Заказала еще в другом цвете",,,фиолетовый,,0,,,,2026-09-21T14:15:25+03:00
wildberries,579914472,165764069,Yorkent,Полотенце банное махровое набор для ванной 6 шт,LQ4SfbNhnABVzGfbKgES,5,2026-09-08 15:30:29,,"Хорошие, тоненькие полотенца , я такие и хотела.Был запах краски, но после стирки сразу исчез",,"Розовый, синий · 30х50 см, 70х130 см",0,0,,,,2026-09-21T14:15:25+03:00
wildberries,579914472,165764069,Yorkent,Полотенце банное махровое набор для ванной 6 шт,UVlc2VJQKfSKMKsmOfo8,5,2026-09-08 13:10:25,Пришло всё вовремя  и всё красиво. Спасибо продавцу большое.,,,"Сливовый, фиолетовый · 30х50 см, 70х130 см",0,0,,,,2026-09-21T14:15:25+03:00
wildberries,579914472,165764069,Yorkent,Полотенце банное махровое набор для ванной 6 шт,nb0aCrYMlKs0Uyhp3aLt,5,2026-09-08 10:42:40,,,,"Сливовый, фиолетовый · 30х50 см, 70х130 см",0,0,,,,2026-09-21T14:15:25+03:00
wildberries,579914472,165764069,Yorkent,Полотенце банное махровое набор для ванной 6 шт,UWcI3oImDV3ZJQr1tGyp,5,2026-09-08 12:55:45,"Мягкие, красивые!",,,"Сливовый, фиолетовый · 30х50 см, 70х130 см",0,0,,,,2026-09-21T14:15:25+03:00
wildberries,579914472,165764069,Yorkent,Полотенце банное махровое набор для ванной 6 шт,iR4OVtjmJycIMx1KlfiY,5,2026-09-08 12:07:51,,,,"Сливовый, фиолетовый · 30х50 см, 70х130 см",0,0,,,,2026-09-21T14:15:25+03:00
wildberries,579914472,165764069,Yorkent,Полотенце банное махровое набор для ванной 6 шт,JN8biwOTLC5Mp8vbeb3B,5,2026-09-08 10:53:03,"Цвет классный, но очень тонкие.",,,"Сливовый, фиолетовый · 30х50 см, 70х130 см",0,0,,,,2026-09-21T14:15:25+03:00
wildberries,579914472,165764069,Yorkent,Полотенце банное махровое набор для ванной 6 шт,WQFBsFfZEeOtox2vP7C9,5,2026-09-08 07:53:01,,,,"Серый, светло-серый · 30х50 см, 70х130 см",0,0,,,,2026-09-21T14:15:25+03:00
wildberries,579914472,165764069,Yorkent,Полотенце банное махровое набор для ванной 6 шт,sxKoXl8ZFSSkk1naWXND,5,2026-09-07 16:13:51,"Полотенца оченьпонравились,мягкие,не толстые как мне нравится,сохнет быстро,еще закажу,хорошие,спасибо всем🙏❤️👍",,,"Розовый, синий · 30х50 см, 70х130 см",0,0,,,,2026-09-21T14:15:25+03:00
wildberries,579914472,165764069,Yorkent,Полотенце банное махровое набор для ванной 6 шт,m7IzJRN4y7CQbzKnh0gL,5,2026-09-07 15:36:10,Полотенца хорошие но тонкие,,,"Розовый, синий · 30х50 см, 70х130 см",0,0,,,,2026-09-21T14:15:25+03:00
wildberries,579914472,165764069,Yorkent,Полотенце банное махровое набор для ванной 6 шт,1Vg1Cg5hmuKvEs0xgSZX,5,2026-09-07 13:07:27,,,,"Розовый, синий · 30х50 см, 70х130 см",0,0,,,,2026-09-21T14:15:25+03:00
wildberries,579914472,165764069,Yorkent,Полотенце банное махровое набор для ванной 6 шт,S33lHPEHKYCsnNbkaheQ,5,2026-09-07 13:02:01,"Полотенца хорошие,мне поменяли цвет после стирки,мне толстые, прям как мне было нужно",,,"Сливовый, фиолетовый · 30х50 см, 70х130 см",0,0,,,,2026-09-21T14:15:25+03:00
wildberries,579914472,165764069,Yorkent,Полотенце банное махровое набор для ванной 6 шт,md4bBjJE2IiuVhZlIKrW,5,2026-09-07 12:22:40,"Отличные полотенца. Хлопок, не толстые, такие как я люблю.",,,"Серый, светло-серый · 30х50 см, 70х130 см",0,0,,,,2026-09-21T14:15:25+03:00
wildberries,579914472,165764069,Yorkent,Полотенце банное махровое набор для ванной 6 шт,VcrZ7TqOHULprqo9PRxX,3,2026-09-07 11:50:34,Очень тонкие. Как будут впитывать воду посмотрим,,,серый,,0,,,,2026-09-21T14:15:25+03:00
wildberries,579914472,165764069,Yorkent,Полотенце банное махровое набор для ванной 6 шт,5m4YGwARj9sYFgPfKMx5,5,2026-09-07 11:04:27,"Полотенца конечно качественно сделаны, но уж очень тонкие. Я думала, что будут поплотнее. Но звёзд не снимаю, т.к. это не вина продавца, а мои ожидания.",,,"Серо-голубой, лавандовый · 30х50 см, 70х130 см",0,0,,,,2026-09-21T14:15:25+03:00
wildberries,579914472,165764069,Yorkent,Полотенце банное махровое набор для ванной 6 шт,V5MnySXwPX4YRkT70kEK,5,2026-09-07 07:39:02,,,,"Серо-голубой, лавандовый · 30х50 см, 70х130 см",0,0,,,,2026-09-21T14:15:25+03:00
wildberries,579914472,165764069,Yorkent,Полотенце банное махровое набор для ванной 6 шт,vGrCFkDcYnoGzUNPvIUP,5,2026-09-07 07:25:09,Благодарю каждого кто причастен к созданию прекрасных полотенецев и благодаря кому они оказались у меня.,,,"Розовый, синий · 30х50 см, 70х130 см",0,0,,,,2026-09-21T14:15:25+03:00
wildberries,579914472,165764069,Yorkent,Полотенце банное махровое набор для ванной 6 шт,ESF6dNMOif98ao36i4mR,5,2026-09-07 06:49:02,Тонковатые,,,"Розовый, синий · 30х50 см, 70х130 см",0,0,,,,2026-09-21T14:15:25+03:00
wildberries,579914472,165764069,Yorkent,Полотенце банное махровое набор для ванной 6 шт,JA5vWVJ1vtrKeUWz6GRP,4,2026-09-07 06:10:57,Понравился комплект очень хороший,,,розовый,,0,,,,2026-09-21T14:15:25+03:00
wildberries,579914472,165764069,Yorkent,Полотенце банное махровое набор для ванной 6 шт,8EGNbcg4EM9BWirMi8Nv,4,2026-09-07 06:08:29,Полотенчики тоненькие. Сделаны аккуратно,,,розовый,,0,,,,2026-09-21T14:15:25+03:00
wildberries,579914472,165764069,Yorkent,Полотенце банное махровое набор для ванной 6 шт,UcYgEcpqvNEfTSiCuDiM,5,2026-09-06 23:07:43,Прекрасные наборы!,,,"Розовый, синий · 30х50 см, 70х130 см",0,0,,,,2026-09-21T14:15:25+03:00
wildberries,579914472,165764069,Yorkent,Полотенце банное махровое набор для ванной 6 шт,U7xpAYd2OSpM56uBmEMR,5,2026-09-06 21:21:31,"Мягкие, лёгкие,отличные, рекомендую, покупкой довольны спасибо продавцу",,,"Розовый, синий · 30х50 см, 70х130 см",0,0,,,,2026-09-21T14:15:25+03:00
wildberries,579914472,165764069,Yorkent,Полотенце банное махровое набор для ванной 6 шт,ybLeApgZ0YDO7KMOat4H,4,2026-09-06 20:04:08,,"Приятная расцветка , не линяют ,  но очень тонкие .",,"Розовый, синий · 30х50 см, 70х130 см",0,0,,,,2026-09-21T14:15:25+03:00
wildberries,579914472,165764069,Yorkent,Полотенце банное махровое набор для ванной 6 шт,43UxcpsUaTpDDuTHydbC,5,2026-09-06 17:48:07,,,,"Серо-голубой, лавандовый · 30х50 см, 70х130 см",0,0,,,,2026-09-21T14:15:25+03:00
wildberries,579914472,165764069,Yorkent,Полотенце банное махровое набор для ванной 6 шт,VLDFBqB4DoXTBEedzlsR,5,2026-09-06 17:45:58,,,,"Серый, светло-серый · 30х50 см, 70х130 см",0,0,,,,2026-09-21T14:15:25+03:00
wildberries,579914472,165764069,Yorkent,Полотенце банное махровое набор для ванной 6 шт,AN24ERxNzB5nTO8Wt5dc,5,2026-09-06 15:52:28,"Ужасные полотенца! Оставляют ворс на теле, даже после стирки.",,,фиолетовый,,0,,,,2026-09-21T14:15:25+03:00
wildberries,579914472,165764069,Yorkent,Полотенце банное махровое набор для ванной 6 шт,7nI15CKuv02Xa4ERVmie,3,2026-09-06 13:39:10,Полотенца тонкие и ворсинки лезут даже после стирки,,,"Сливовый, фиолетовый · 30х50 см, 70х130 см",0,0,,,,2026-09-21T14:15:25+03:00
wildberries,579914472,165764069,Yorkent,Полотенце банное махровое набор для ванной 6 шт,v7qJlSu8LdnT1Il9F119,3,2026-09-06 10:48:48,,,,"Сливовый, фиолетовый · 30х50 см, 70х130 см",0,0,,,,2026-09-21T14:15:25+03:00
wildberries,579914472,165764069,Yorkent,Полотенце банное махровое набор для ванной 6 шт,ZBxHw6wpGUFELcxe1j9C,4,2026-09-06 12:35:52,Нормально,,,"Розовый, синий · 30х50 см, 70х130 см",0,0,,,,2026-09-21T14:15:25+03:00
wildberries,579914472,165764069,Yorkent,Полотенце банное махровое набор для ванной 6 шт,btb3mezSx479EZlwHKqz,5,2026-09-06 12:18:19,,,,"Сливовый, фиолетовый · 30х50 см, 70х130 см",0,0,,,,2026-09-21T14:15:25+03:00
wildberries,579914472,165764069,Yorkent,Полотенце банное махровое набор для ванной 6 шт,kY6buAO6w6qD5ymFQn9f,1,2026-09-06 11:03:40,Очень тонкие,,,"Сливовый, фиолетовый · 30х50 см, 70х130 см",0,0,,,,2026-09-21T14:15:25+03:00
wildberries,579914472,165764069,Yorkent,Полотенце банное махровое набор для ванной 6 шт,5vvvho3OHSuDkVohjcbD,5,2026-09-06 10:47:34,"Отличные полотенца! Ещё и петельки есть, спасибо большое!",,,"Серо-голубой, лавандовый · 30х50 см, 70х130 см",0,0,,,,2026-09-21T14:15:25+03:00
wildberries,579914472,165764069,Yorkent,Полотенце банное махровое набор для ванной 6 шт,tk0CUcARUul4PfPuHmyV,5,2026-09-06 10:11:05,,Хорошие,,"Серый, светло-серый · 30х50 см, 70х130 см",0,0,,,,2026-09-21T14:15:25+03:00
wildberries,579914472,165764069,Yorkent,Полотенце банное махровое набор для ванной 6 шт,vK4k6Sw5twZ8oGqfPgfD,5,2026-09-06 09:08:23,"Очень понравились тоненькие и впитывают хорошо. Рекомендую продавца  ,  спасибо.",,,"Серый, светло-серый · 30х50 см, 70х130 см",0,0,,,,2026-09-21T14:15:25+03:00
wildberries,579914472,165764069,Yorkent,Полотенце банное махровое набор для ванной 6 шт,guTyLpRNjfl23VMq5eDr,5,2026-09-06 08:24:23,,,,"Розовый, синий · 30х50 см, 70х130 см",0,0,,,,2026-09-21T14:15:25+03:00
wildberries,579914472,165764069,Yorkent,Полотенце банное махровое набор для ванной 6 шт,gfFDmx1l6WGGhNQ8FKaN,3,2026-09-06 08:14:06,,,,"Розовый, синий · 30х50 см, 70х130 см",0,0,,,,2026-09-21T14:15:25+03:00
wildberries,579914472,165764069,Yorkent,Полотенце банное махровое набор для ванной 6 шт,RBdTCCEEr8J31BCnSEUr,3,2026-09-06 07:31:04,,,,"Сливовый, фиолетовый · 30х50 см, 70х130 см",0,0,,,,2026-09-21T14:15:25+03:00
wildberries,579914472,165764069,Yorkent,Полотенце банное махровое набор для ванной 6 шт,3uCIQ46LRhmAl8sjkBlU,5,2026-09-06 04:55:25,,,,"Серо-голубой, лавандовый · 30х50 см, 70х130 см",0,0,,,,2026-09-21T14:15:25+03:00
wildberries,579914472,165764069,Yorkent,Полотенце банное махровое набор для ванной 6 шт,GfySml6nRAZYcRPRF65N,5,2026-09-06 04:50:11,,,,"Серо-голубой, лавандовый · 30х50 см, 70х130 см",0,0,,,,2026-09-21T14:15:25+03:00
wildberries,579914472,165764069,Yorkent,Полотенце банное махровое набор для ванной 6 шт,k8raJpJybKxJdHcGLZAr,5,2026-09-06 02:08:56,Тоненькие,,,"Розовый, синий · 30х50 см, 70х130 см",0,0,,,,2026-09-21T14:15:25+03:00
wildberries,579914472,165764069,Yorkent,Полотенце банное махровое набор для ванной 6 шт,Q7ON3g16tWgQ2MjlGidX,5,2026-09-05 19:50:30,"Полотенца легкие и тонкие, впитывают нормально.",Красивый яркий цвет. Приятная цена,,фиолетовый,,0,,,,2026-09-21T14:15:25+03:00
wildberries,579914472,165764069,Yorkent,Полотенце банное махровое набор для ванной 6 шт,oc2lTspNnX9qfTXU0o1t,5,2026-09-05 15:42:25,,"Немного тонковата полотенца, а в остальном все хорошо.",,"Розовый, синий · 30х50 см, 70х130 см",0,0,,,,2026-09-21T14:15:25+03:00
wildberries,579914472,165764069,Yorkent,Полотенце банное махровое набор для ванной 6 шт,sYoHu7PIseV3K8cQzJuA,2,2026-09-05 15:26:36,,,,"Серо-голубой, лавандовый · 30х50 см, 70х130 см",0,0,,,,2026-09-21T14:15:25+03:00
wildberries,579914472,165764069,Yorkent,Полотенце банное махровое набор для ванной 6 шт,HfgoVjIucLTrofUiNwds,5,2026-09-05 14:01:44,,,,"Серо-голубой, лавандовый · 30х50 см, 70х130 см",0,0,,,,2026-09-21T14:15:25+03:00
wildberries,579914472,165764069,Yorkent,Полотенце банное махровое набор для ванной 6 шт,ruMAnXRZYtr6NQ2AY0b2,5,2026-09-05 14:00:57,,,,розовый,0,0,,,,2026-09-21T14:15:25+03:00
wildberries,579914472,165764069,Yorkent,Полотенце банное махровое набор для ванной 6 шт,Gj0kphgCjRD6y6mrqoCD,1,2026-09-05 11:08:22,Тонюсенькие,,,"Серо-голубой, лавандовый · 30х50 см, 70х130 см",0,0,,,,2026-09-21T14:15:25+03:00
wildberries,579914472,165764069,Yorkent,Полотенце банное махровое набор для ванной 6 шт,BD88TSS66yUhf4qa7mih,5,2026-09-05 10:58:23,,,,"Розовый, синий · 30х50 см, 70х130 см",0,0,,,,2026-09-21T14:15:25+03:00
wildberries,579914472,165764069,Yorkent,Полотенце банное махровое набор для ванной 6 шт,CkSgvFKDJ1PqMBBdqiVV,5,2026-09-05 10:38:14,"Полотенца тонкие, но и цена у них, соответственно",,,"Серо-голубой, лавандовый · 30х50 см, 70х130 см",0,0,,,,2026-09-21T14:15:25+03:00
wildberries,579914472,165764069,Yorkent,Полотенце банное махровое набор для ванной 6 шт,SGhU35YC8LM7bjsBhz9X,5,2026-09-05 10:35:08,,,,"Розовый, синий · 30х50 см, 70х130 см",0,0,,,,2026-09-21T14:15:25+03:00
wildberries,579914472,165764069,Yorkent,Полотенце банное махровое набор для ванной 6 шт,X9z9SWvtmGmf2ZvlDslR,5,2026-09-05 09:35:05,,,,"Сливовый, фиолетовый · 30х50 см, 70х130 см",0,0,,,,2026-09-21T14:15:25+03:00
wildberries,579914472,165764069,Yorkent,Полотенце банное махровое набор для ванной 6 шт,58uyUH7LAM5m5JU0yUD3,3,2026-09-05 08:58:39,"В целом не плохо, но тонкие",,,"Розовый, синий · 30х50 см, 70х130 см",0,0,,,,2026-09-21T14:15:25+03:00
wildberries,579914472,165764069,Yorkent,Полотенце банное махровое набор для ванной 6 шт,4pcJdfBng2uZEo6MmJHP,5,2026-09-05 06:54:25,Все отлично спасибо большое,,,"Серо-голубой, лавандовый · 30х50 см, 70х130 см",0,0,,,,2026-09-21T14:15:25+03:00
wildberries,579914472,165764069,Yorkent,Полотенце банное махровое набор для ванной 6 шт,s4EGcQlou2CgrUMGhkVA,5,2026-09-05 04:49:42,Хорошие полотенчики,,,"Серый, светло-серый · 30х50 см, 70х130 см",0,0,,,,2026-09-21T14:15:25+03:00
wildberries,579914472,165764069,Yorkent,Полотенце банное махровое набор для ванной 6 шт,HxO2VHtvXLJfhgV8RRC0,1,2026-09-05 04:27:47,Синтетика.,,,"Сливовый, фиолетовый · 30х50 см, 70х130 см",0,0,,,,2026-09-21T14:15:25+03:00
wildberries,579914472,165764069,Yorkent,Полотенце банное махровое набор для ванной 6 шт,Kd3IVxC5B2IYRwMkkEP7,5,2026-09-05 03:39:38,"Приятно удивлена! Качество товара не хуже турецкого, материал качественный, пошив аккуратный, вот даже придраться не к чему ☺️ А самое главное , что этот качественный товар  шьют рядом по соседству, не нужно переплачивать, когда доставка Турецкая. Спасибо продавцу и удачи вам)",,,"Серо-голубой, лавандовый · 30х50 см, 70х130 см",0,0,,,,2026-09-21T14:15:25+03:00
wildberries,579914472,165764069,Yorkent,Полотенце банное махровое набор для ванной 6 шт,lPdd0twjc1c22hRLNgLT,5,2026-09-05 02:24:15,Понравился,,,"Розовый, синий · 30х50 см, 70х130 см",0,0,,,,2026-09-21T14:15:25+03:00
wildberries,579914472,165764069,Yorkent,Полотенце банное махровое набор для ванной 6 шт,JXbST2yeFmV3kw9wfonE,5,2026-09-04 19:18:34,"Чудесный набор. Полотенца мягкие  тонкие, хорошо впитывает.",,,"Сливовый, фиолетовый · 30х50 см, 70х130 см",0,1,,,,2026-09-21T14:15:25+03:00
wildberries,579914472,165764069,Yorkent,Полотенце банное махровое набор для ванной 6 шт,moQn4bGuzUFiL7t3uH8e,5,2026-09-04 18:58:47,"Тонковаты, но впитывают хорошо",,,"Серо-голубой, лавандовый · 30х50 см, 70х130 см",0,0,,,,2026-09-21T14:15:25+03:00
wildberries,579914472,165764069,Yorkent,Полотенце банное махровое набор для ванной 6 шт,8JplBtEwiC3m4HzFxPyc,3,2026-09-04 17:29:50,,,,голубой,,0,,,,2026-09-21T14:15:25+03:00
wildberries,579914472,165764069,Yorkent,Полотенце банное махровое набор для ванной 6 шт,JM4nHyrOpHXGh3SV2bj7,5,2026-09-04 15:39:16,,,,"Розовый, синий · 30х50 см, 70х130 см",0,0,,,,2026-09-21T14:15:25+03:00
wildberries,579914472,165764069,Yorkent,Полотенце банное махровое набор для ванной 6 шт,RNuRuRhmqKYqPbGUK0BP,5,2026-09-04 15:35:42,,👍👍👍👍,,"Розовый, синий · 30х50 см, 70х130 см",0,0,,,,2026-09-21T14:15:25+03:00
wildberries,579914472,165764069,Yorkent,Полотенце банное махровое набор для ванной 6 шт,lp9RQobMMR9nOKoOzanu,5,2026-09-04 15:34:24,Супер!,,,"Розовый, синий · 30х50 см, 70х130 см",0,0,,,,2026-09-21T14:15:25+03:00
wildberries,579914472,165764069,Yorkent,Полотенце банное махровое набор для ванной 6 шт,AiSA3oZcpCJMzdsd6xm1,5,2026-09-04 15:32:42,Хорошие полотенца. 👍 Отличная цена. 🌸 Дочь довольна. 👌,,,"Темная слива, лиловый · 30х60 см, 50х80 см, 70х130 см",0,0,,,,2026-09-21T14:15:25+03:00
wildberries,579914472,165764069,Yorkent,Полотенце банное махровое набор для ванной 6 шт,F4H3ifgS12fL6uHqW3SU,5,2026-09-04 14:52:49,,,,"Серо-голубой, лавандовый · 30х50 см, 70х130 см",0,0,,,,2026-09-21T14:15:25+03:00
wildberries,579914472,165764069,Yorkent,Полотенце банное махровое набор для ванной 6 шт,XncC1PqR0VphVvJzAY4B,5,2026-09-04 13:39:22,,,,"Розовый, синий · 30х50 см, 70х130 см",0,0,,,,2026-09-21T14:15:25+03:00
wildberries,579914472,165764069,Yorkent,Полотенце банное махровое набор для ванной 6 шт,OPYOtnu1GQS6wECZOI4C,5,2026-09-04 12:34:46,,,,"Розовый, синий · 30х50 см, 70х130 см",0,0,,,,2026-09-21T14:15:25+03:00
wildberries,579914472,165764069,Yorkent,Полотенце банное махровое набор для ванной 6 шт,fHjyIyOia6TltHtyrSAA,5,2026-09-04 10:43:55,,,,"Серо-голубой, лавандовый · 30х50 см, 70х130 см",0,0,,,,2026-09-21T14:15:25+03:00
wildberries,579914472,165764069,Yorkent,Полотенце банное махровое набор для ванной 6 шт,Y5gMI5JNdn0PTdZvRnzm,5,2026-09-04 10:29:23,"Хорошие, но тонковаты, немного плохо впитывают воду",,,голубой,,0,,,,2026-09-21T14:15:25+03:00
wildberries,579914472,165764069,Yorkent,Полотенце банное махровое набор для ванной 6 шт,WijSD43aj5uULAGLd7SD,1,2026-09-04 10:04:46,"Меньше по размеру чем указано. Очень тонкие, так и не поняла ща что цена, пойдёт на тряпочки.",,,"Серый, светло-серый · 30х50 см, 70х130 см",0,0,,,,2026-09-21T14:15:25+03:00
wildberries,579914472,165764069,Yorkent,Полотенце банное махровое набор для ванной 6 шт,r6eah17w2qirEHYl09Gu,5,2026-09-04 09:22:06,,,,"Сливовый, фиолетовый · 30х50 см, 70х130 см",0,0,,,,2026-09-21T14:15:25+03:00
wildberries,579914472,165764069,Yorkent,Полотенце банное махровое набор для ванной 6 шт,JlJmOrNp4XWPWZQEI7jF,5,2026-09-04 09:01:38,,,,"Розовый, синий · 30х50 см, 70х130 см",0,0,,,,2026-09-21T14:15:25+03:00
wildberries,579914472,165764069,Yorkent,Полотенце банное махровое набор для ванной 6 шт,faXk9vgZoxMSFj1CiHDM,5,2026-09-04 08:46:36,,,,"Серо-голубой, лавандовый · 30х50 см, 70х130 см",0,0,,,,2026-09-21T14:15:25+03:00
wildberries,579914472,165764069,Yorkent,Полотенце банное махровое набор для ванной 6 шт,1Mqaa2LjvqsS0RhlZAtS,3,2026-09-04 04:11:00,"Очень тонкие, вешать на умывальник только",,,"Сливовый, фиолетовый · 30х50 см, 70х130 см",0,0,,,,2026-09-21T14:15:25+03:00
wildberries,579914472,165764069,Yorkent,Полотенце банное махровое набор для ванной 6 шт,s6cTfvU0PIqDWy6hpMcv,5,2026-09-03 18:56:14,Хорошее качество. Благодарю.,,,"Розовый, синий · 30х50 см, 70х130 см",0,0,,,,2026-09-21T14:15:25+03:00
wildberries,579914472,165764069,Yorkent,Полотенце банное махровое набор для ванной 6 шт,1zCHSRUdstctjcV2R132,5,2026-09-03 18:50:57,Красивый цвет. Жидковаты. Впитывают хорошо,,,"Сливовый, фиолетовый · 30х50 см, 70х130 см",0,0,,,,2026-09-21T14:15:25+03:00
wildberries,579914472,165764069,Yorkent,Полотенце банное махровое набор для ванной 6 шт,CiYZGTs64gMgXoFSsTle,5,2026-09-03 18:33:46,Хорошие полотенца. Спасибо.,,,"Серый, светло-серый · 30х50 см, 70х130 см",0,0,,,,2026-09-21T14:15:25+03:00
wildberries,579914472,165764069,Yorkent,Полотенце банное махровое набор для ванной 6 шт,0cM1FafMq1PJyHTqMwND,1,2026-09-03 16:44:40,,,,"Серо-голубой, лавандовый · 30х50 см, 70х130 см",0,0,,,,2026-09-21T14:15:25+03:00
wildberries,579914472,165764069,Yorkent,Полотенце банное махровое набор для ванной 6 шт,EMqEtUdNEMa1LeeyXhOd,4,2026-09-03 16:33:30,,,,"Серо-голубой, лавандовый · 30х50 см, 70х130 см",0,0,,,,2026-09-21T14:15:25+03:00
wildberries,579914472,165764069,Yorkent,Полотенце банное махровое набор для ванной 6 шт,4RIWdrWgnDNYbgtTsd12,3,2026-09-03 15:09:58,Плохо впитывает воду,,,"Серо-голубой, лавандовый · 30х50 см, 70х130 см",0,0,,,,2026-09-21T14:15:25+03:00
wildberries,579914472,165764069,Yorkent,Полотенце банное махровое набор для ванной 6 шт,qzz6WYT9AgH5Yu129HzQ,2,2026-09-03 15:01:10,,,,"Сливовый, фиолетовый · 30х50 см, 70х130 см",0,0,,,,2026-09-21T14:15:25+03:00
wildberries,579914472,165764069,Yorkent,Полотенце банное махровое набор для ванной 6 шт,eEU24aJ7PjWyQpBaUMF0,5,2026-09-03 13:45:40,Всё отлично 👌.,,,"Серо-голубой, лавандовый · 30х50 см, 70х130 см",0,0,,,,2026-09-21T14:15:25+03:00
wildberries,579914472,165764069,Yorkent,Полотенце банное махровое набор для ванной 6 шт,gMqCdIK3H3xDn21TIMFz,5,2026-09-03 13:42:45,"Хорошие полотенца. Мягкие, яркие.",,,"Розовый, синий · 30х50 см, 70х130 см",0,0,,,,2026-09-21T14:15:25+03:00
wildberries,579914472,165764069,Yorkent,Полотенце банное махровое набор для ванной 6 шт,tSGl8LYEs72besK9D1Xs,5,2026-09-03 13:30:13,Цвет очень приятный,,,"Сливовый, фиолетовый · 30х50 см, 70х130 см",0,0,,,,2026-09-21T14:15:25+03:00
wildberries,579914472,165764069,Yorkent,Полотенце банное махровое набор для ванной 6 шт,m0Qxgtl6uFDzRjMtLBAk,3,2026-09-03 12:55:00,"Синие очень сильно полиняли при стирке, хотя соблюдала рекомендованный вами температурный режим. В итоге розовые поменяли цвет.",,,розовый,,0,,,,2026-09-21T14:15:25+03:00
wildberries,579914472,165764069,Yorkent,Полотенце банное махровое набор для ванной 6 шт,c4OaDV3jAtP01MCuOJJ7,5,2026-09-03 10:30:44,,,,"Сливовый, фиолетовый · 30х50 см, 70х130 см",0,1,,,,2026-09-21T14:15:25+03:00
wildberries,579914472,165764069,Yorkent,Полотенце банное махровое набор для ванной 6 шт,99paWriENf4zMBUAznWT,5,2026-09-03 08:39:10,"Я очень люблю эти полотенца! Легкие, тонкие, сохнут быстро и очень красивые. Купила уже второй раз. Рекомендую.",,,"Розовый, синий · 30х50 см, 70х130 см",0,0,,,,2026-09-21T14:15:25+03:00
wildberries,579914472,165764069,Yorkent,Полотенце банное махровое набор для ванной 6 шт,IME8QD91Qw78fwst3ebm,5,2026-09-03 08:23:58,,,,"Розовый, синий · 30х50 см, 70х130 см",0,0,,,,2026-09-21T14:15:25+03:00
wildberries,579914472,165764069,Yorkent,Полотенце банное махровое набор для ванной 6 шт,NJ6dtJPRP9jIoZYO5oV5,5,2026-09-03 07:35:17,,,,"Сливовый, фиолетовый · 30х50 см, 70х130 см",0,0,,,,2026-09-21T14:15:25+03:00
wildberries,579914472,165764069,Yorkent,Полотенце банное махровое набор для ванной 6 шт,DzJsn6pbyNtVSQG6Mqov,4,2026-09-03 07:10:29,,,,"Сливовый, фиолетовый · 30х50 см, 70х130 см",0,0,,,,2026-09-21T14:15:25+03:00
wildberries,579914472,165764069,Yorkent,Полотенце банное махровое набор для ванной 6 шт,QEU4KVRW9A00ZrzeJbQu,5,2026-09-03 07:00:38,"Пришло всё цело. Тонкие, но зато с вешалками. Супер👍",,,"Розовый, синий · 30х50 см, 70х130 см",0,0,,,,2026-09-21T14:15:25+03:00
wildberries,579914472,165764069,Yorkent,Полотенце банное махровое набор для ванной 6 шт,v1qMF8RiPMARny11WwSA,2,2026-09-03 05:16:13,,"Мягкое, цвет как в описании.","От него на теле остаются ворсинки. Такое впечатление, что товар изготовили несколько лет назад, и он просто расползается от старости. Жаль.","Сливовый, фиолетовый · 30х50 см, 70х130 см",0,0,,,,2026-09-21T14:15:25+03:00
wildberries,579914472,165764069,Yorkent,Полотенце банное махровое набор для ванной 6 шт,JIOi8kXF4T0IxOFxcah2,4,2026-09-03 04:41:12,"Тонковат материал,посмотрим как будет впитывать влагу",,,"Серо-голубой, лавандовый · 30х50 см, 70х130 см",0,0,,,,2026-09-21T14:15:25+03:00
wildberries,579914472,165764069,Yorkent,Полотенце банное махровое набор для ванной 6 шт,xTVc6IHlBgfdFQWErvQ6,5,2026-09-02 19:52:34,Взяла себе и мужу качество хорошая,,,серый,,0,,,,2026-09-21T14:15:25+03:00
wildberries,579914472,165764069,Yorkent,Полотенце банное махровое набор для ванной 6 шт,gKrxMLXlbjnpYjoLvqyU,5,2026-09-02 18:39:49,"Тонкие, но впитывают",,,голубой,,0,,,,2026-09-21T14:15:25+03:00
wildberries,579914472,165764069,Yorkent,Полотенце банное махровое набор для ванной 6 шт,ROVhNbz8xXAlERzokjB8,1,2026-09-02 18:20:08,,,,"Сливовый, фиолетовый · 30х50 см, 70х130 см",0,0,,,,2026-09-21T14:15:25+03:00
wildberries,579914472,165764069,Yorkent,Полотенце банное махровое набор для ванной 6 шт,9Ckqmhe1YDY8NcGeNRvD,5,2026-09-02 17:08:04,"Благодарю всю вашу команду Yokent! Полотенца отличные, такие и хотелось, не толстые, красивые, мягкие, очень понравились! Спасибо !",,,голубой,,0,,,,2026-09-21T14:15:25+03:00
wildberries,579914472,165764069,Yorkent,Полотенце банное махровое набор для ванной 6 шт,r1AWog4DNWO8Jp0qITdD,5,2026-09-02 16:03:33,,,,голубой,,0,,,,2026-09-21T14:15:25+03:00
wildberries,579914472,165764069,Yorkent,Полотенце банное махровое набор для ванной 6 шт,ErShiV9lipgAY0L3nTn9,5,2026-09-02 17:02:58,"Хорошие полотенца, очень довольна покупкой.",,,"Сливовый, фиолетовый · 30х50 см, 70х130 см",0,0,,,,2026-09-21T14:15:25+03:00
wildberries,579914472,165764069,Yorkent,Полотенце банное махровое набор для ванной 6 шт,sAyHY8iFn2J3CTX9zsak,5,2026-09-02 16:40:34,"Хорошие, красивые полотенца. Я их свахе подарила",,,"Темная слива, лиловый · 30х60 см, 50х80 см, 70х130 см",0,0,,,,2026-09-21T14:15:25+03:00
wildberries,579914472,165764069,Yorkent,Полотенце банное махровое набор для ванной 6 шт,QZ2Z6HRuXZEizTtp9Kea,5,2026-09-02 14:17:34,Все отлично!!!,,,"Розовый, синий · 30х50 см, 70х130 см",0,0,,,,2026-09-21T14:15:25+03:00
wildberries,163352692,1634552164,Баракат-текс,Полотенце кухонное вафельное набор 4 шт 35х70 см,lmgyAUETCC89xInOXQog,5,2026-09-21 09:22:52,"Полотенца просто супер! Для кухни- это лучше, что может быть. Благодарю. И рекомендую хозяйкам.",,,бежевый,,0,,,,2026-09-21T14:15:25+03:00
wildberries,163352692,1634552164,Баракат-текс,Полотенце кухонное вафельное набор 4 шт 35х70 см,0hm6Q9wgY6svjBFuKsp4,5,2026-09-21 08:25:35,,,,Бордовый · 32х60 см,0,0,,,,2026-09-21T14:15:25+03:00
wildberries,163352692,1634552164,Баракат-текс,Полотенце кухонное вафельное набор 4 шт 35х70 см,UfFTPuKh9fri1fMyG7kT,5,2026-09-21 07:16:49,,,,Кофейный · 32х60 см,0,0,,,,2026-09-21T14:15:25+03:00
wildberries,163352692,1634552164,Баракат-текс,Полотенце кухонное вафельное набор 4 шт 35х70 см,56WMD4xJR70R2HfIK38E,5,2026-09-21 07:16:43,,,,Бордовый · 32х60 см,0,0,,,,2026-09-21T14:15:25+03:00
wildberries,163352692,1634552164,Баракат-текс,Полотенце кухонное вафельное набор 4 шт 35х70 см,8WuB2C1gG7YLBY8WCMSU,5,2026-09-21 06:49:31,Полотенчики очень хорошие 👍,,,Бордовый · 32х60 см,0,0,,,,2026-09-21T14:15:25+03:00
wildberries,163352692,1634552164,Баракат-текс,Полотенце кухонное вафельное набор 4 шт 35х70 см,kLmWBTNwyfMMIDVAoWfW,5,2026-09-21 06:35:41,"Очень понравились, второй раз заказала!",,,Бордовый · 32х60 см,0,0,,,,2026-09-21T14:15:25+03:00
wildberries,163352692,1634552164,Баракат-текс,Полотенце кухонное вафельное набор 4 шт 35х70 см,2tBv2HkwTAPqLSSyqDWD,5,2026-09-21 06:14:30,Очень понравились.,,,Кофейный · 32х60 см,0,0,,,,2026-09-21T14:15:25+03:00
wildberries,163352692,1634552164,Баракат-текс,Полотенце кухонное вафельное набор 4 шт 35х70 см,pWcxGAOyBjOOwwYU394z,5,2026-09-21 03:00:50,"Хорошие- и плотные, и мягкие кухонные полотенца. Цвет темноват, темнее чем на фото, звезду снимать не стала потому что уж очень качественные. Спасибо.",,,серый,,0,,,,2026-09-21T14:15:25+03:00
wildberries,163352692,1634552164,Баракат-текс,Полотенце кухонное вафельное набор 4 шт 35х70 см,oMplo6WoRDpNkaTnxBLU,5,2026-09-21 02:21:13,,,,"Бежевый, мокко · 35х70 см",0,0,,,,2026-09-21T14:15:25+03:00
wildberries,163352692,1634552164,Баракат-текс,Полотенце кухонное вафельное набор 4 шт 35х70 см,Jinb1MfDC6sJWn6DKZ2x,4,2026-09-20 23:36:27,"Полотенца хорошо впитывают, звезду сняла за размер, показалось ни туда ни сюда, лучше бы немного (см на 4-5 пошире), а длину убрать (например 40×60), были бы удобнее.",,,Серый · 35х70 см,0,0,,,,2026-09-21T14:15:25+03:00
wildberries,163352692,1634552164,Баракат-текс,Полотенце кухонное вафельное набор 4 шт 35х70 см,A0hg0NezKRmeIF43BkqO,5,2026-09-20 21:41:54,,,,"Бежевый, мокко · 35х70 см",0,0,,,,2026-09-21T14:15:25+03:00
wildberries,163352692,1634552164,Баракат-текс,Полотенце кухонное вафельное набор 4 шт 35х70 см,axtcgL54RtnInq0Div3n,5,2026-09-20 21:33:51,"Очень хорошие полотенца, качественный пошив, мягкая ткань",,,Бежевый · 35х70 см,0,0,,,,2026-09-21T14:15:25+03:00
wildberries,163352692,1634552164,Баракат-текс,Полотенце кухонное вафельное набор 4 шт 35х70 см,X5gMxXLCuVgXyckpaanw,5,2026-09-20 20:31:40,"Отличные полотенца. Качество на высшем уровне. (Хлопок, отсутствие синтетики) Хорошо впитывают, не оставляют разводов, быстро сохнут. Незаменимые помощники на кухне.",,,зеленый,,0,,,,2026-09-21T14:15:25+03:00
wildberries,163352692,1634552164,Баракат-текс,Полотенце кухонное вафельное набор 4 шт 35х70 см,psWQEuU5CB0KN9NXUDdG,5,2026-09-20 19:24:46,"Отличные полотенца Хорошо впитывают , хорошо стираются Рекомендую",,,Бежевый · 35х70 см,0,0,,,,2026-09-21T14:15:25+03:00
wildberries,163352692,1634552164,Баракат-текс,Полотенце кухонное вафельное набор 4 шт 35х70 см,8PqUrOJoZVkFDkDke6Li,5,2026-09-20 18:52:48,,"Мягкие, яркие полотенца. Очень хорошо впитывают влагу. Спасибо.",,Синий · 35х70 см,0,0,,,,2026-09-21T14:15:25+03:00
wildberries,163352692,1634552164,Баракат-текс,Полотенце кухонное вафельное набор 4 шт 35х70 см,8YS6SE1wWK3LJgITHxfq,5,2026-09-20 18:09:49,,,,серый,0,0,,,,2026-09-21T14:15:25+03:00
wildberries,163352692,1634552164,Баракат-текс,Полотенце кухонное вафельное набор 4 шт 35х70 см,LKr9EdX8kukB8etwqStY,5,2026-09-20 17:59:11,"Отличное качество, все супер",,,Кофейный · 32х60 см,0,0,,,,2026-09-21T14:15:25+03:00
wildberries,163352692,1634552164,Баракат-текс,Полотенце кухонное вафельное набор 4 шт 35х70 см,gsZMst1ihQ6Lf18kH29v,5,2026-09-20 16:47:33,Мягкие 👍🏻,,,коричневый,,0,,,,2026-09-21T14:15:25+03:00
wildberries,163352692,1634552164,Баракат-текс,Полотенце кухонное вафельное набор 4 шт 35х70 см,9JykHIgPP6ew0tQDIfr3,5,2026-09-20 16:06:48,,,,синий,,0,,,,2026-09-21T14:15:25+03:00
wildberries,163352692,1634552164,Баракат-текс,Полотенце кухонное вафельное набор 4 шт 35х70 см,02Sq7LvEmGeVVt6GiMlb,5,2026-09-20 12:19:48,,,,зеленый,0,0,,,,2026-09-21T14:15:25+03:00
wildberries,163352692,1634552164,Баракат-текс,Полотенце кухонное вафельное набор 4 шт 35х70 см,cmIkfVykWSyKMhDkchfh,4,2026-09-20 11:57:58,,,,бежевый,,0,,,,2026-09-21T14:15:25+03:00
wildberries,163352692,1634552164,Баракат-текс,Полотенце кухонное вафельное набор 4 шт 35х70 см,t57iTKcEWyvKGVtkbxnm,5,2026-09-20 09:53:58,,,,серый,,0,,,,2026-09-21T14:15:25+03:00
wildberries,163352692,1634552164,Баракат-текс,Полотенце кухонное вафельное набор 4 шт 35х70 см,muzDWsHQD47dUiNUNgyT,5,2026-09-20 09:49:55,"Набор понравился. Полотенца мягкие, хорошо впитывают влагу. Рекомендую.",,,Кофейный · 32х60 см,0,0,,,,2026-09-21T14:15:25+03:00
wildberries,163352692,1634552164,Баракат-текс,Полотенце кухонное вафельное набор 4 шт 35х70 см,Cv7ybvj2xM9pxokcg78e,5,2026-09-20 09:38:50,,,,Бордовый · 32х60 см,0,0,,,,2026-09-21T14:15:25+03:00
wildberries,163352692,1634552164,Баракат-текс,Полотенце кухонное вафельное набор 4 шт 35х70 см,tINO2x7YoOFlHHJNz1Ny,5,2026-09-20 09:10:07,"Мне очень понравились, стильные, не тонкие, мягкие, рекомендую",,,Кофейный · 32х60 см,0,0,,,,2026-09-21T14:15:25+03:00
wildberries,163352692,1634552164,Баракат-текс,Полотенце кухонное вафельное набор 4 шт 35х70 см,TqHosLvkmnVKvvtL0Yuc,4,2026-09-20 08:28:49,"материал хороший, размер узковато",,,синий,,0,,,,2026-09-21T14:15:25+03:00
wildberries,163352692,1634552164,Баракат-текс,Полотенце кухонное вафельное набор 4 шт 35х70 см,PmOJYYwyknp9TIB5IVED,5,2026-09-20 08:03:51,,,,Кофейный · 32х60 см,0,0,,,,2026-09-21T14:15:25+03:00
wildberries,163352692,1634552164,Баракат-текс,Полотенце кухонное вафельное набор 4 шт 35х70 см,qvPnFajc56okN0AJSJaI,5,2026-09-20 07:52:20,"Очень нравяться. Мягкие, хорошо впитывают",,,Кофейный · 32х60 см,0,0,,,,2026-09-21T14:15:25+03:00
wildberries,163352692,1634552164,Баракат-текс,Полотенце кухонное вафельное набор 4 шт 35х70 см,sFizoChSYjJcZitvkM5c,5,2026-09-20 05:15:48,,,,Серый · 35х70 см,0,0,,,,2026-09-21T14:15:25+03:00
wildberries,163352692,1634552164,Баракат-текс,Полотенце кухонное вафельное набор 4 шт 35х70 см,7hNRrDL2xrers21fOl4y,5,2026-09-20 05:03:05,"Мягкие, аккуратные, удобные Качественные Спасибо, рекомендую",,,Кофейный · 32х60 см,0,0,,,,2026-09-21T14:15:25+03:00
wildberries,163352692,1634552164,Баракат-текс,Полотенце кухонное вафельное набор 4 шт 35х70 см,534f1CANMk7HDDa09QPz,5,2026-09-20 04:51:55,"Очень хорошие полотенца, плотные",,,коричневый,,0,,,,2026-09-21T14:15:25+03:00
wildberries,163352692,1634552164,Баракат-текс,Полотенце кухонное вафельное набор 4 шт 35х70 см,ur7E4DJmjSsjGXKuqDzc,5,2026-09-20 04:44:34,,,,синий,,0,,,,2026-09-21T14:15:25+03:00
wildberries,163352692,1634552164,Баракат-текс,Полотенце кухонное вафельное набор 4 шт 35х70 см,PFbUazuAbW9rjurXfg68,5,2026-09-20 03:36:33,,,,"Бежевый, мокко · 35х70 см",0,0,,,,2026-09-21T14:15:25+03:00
wildberries,163352692,1634552164,Баракат-текс,Полотенце кухонное вафельное набор 4 шт 35х70 см,ayIQhSPIqTnA7l0HscOB,5,2026-09-19 18:23:22,"Очень качественные, приятные полотенца, хочу заказать ещё!",,,Кофейный · 32х60 см,0,0,,,,2026-09-21T14:15:25+03:00
wildberries,163352692,1634552164,Баракат-текс,Полотенце кухонное вафельное набор 4 шт 35х70 см,RA2vUNq3cjuJCI9G7bDd,4,2026-09-19 17:29:04,,,,коричневый,0,0,,,,2026-09-21T14:15:25+03:00
wildberries,163352692,1634552164,Баракат-текс,Полотенце кухонное вафельное набор 4 шт 35х70 см,1TyGje0t21NdNBbhUHk0,5,2026-09-19 16:29:06,Приятные мягкие полотенца,,,Бордовый · 32х60 см,0,0,,,,2026-09-21T14:15:25+03:00
wildberries,163352692,1634552164,Баракат-текс,Полотенце кухонное вафельное набор 4 шт 35х70 см,6x0NTtSKcnXolNamIhuC,5,2026-09-19 15:43:31,Полотенца красивые и хорошо влагу впитывают,,,Синий · 32х60 см,0,0,,,,2026-09-21T14:15:25+03:00
wildberries,163352692,1634552164,Баракат-текс,Полотенце кухонное вафельное набор 4 шт 35х70 см,8pBVL2P0qtUJXe3XuUgB,5,2026-09-19 14:33:54,,,,Ментол · 35х70 см,0,0,,,,2026-09-21T14:15:25+03:00
wildberries,163352692,1634552164,Баракат-текс,Полотенце кухонное вафельное набор 4 шт 35х70 см,cQ0OSgqBJTnfNnrjQ6Pa,5,2026-09-19 13:50:54,Полотенца - огонь! Хорошо впитывают влагу. Приятные на ощупь. Хороший размер.,,,"Мокко, светлое какао · 35х70 см",0,0,,,,2026-09-21T14:15:25+03:00
wildberries,163352692,1634552164,Баракат-текс,Полотенце кухонное вафельное набор 4 шт 35х70 см,wmRIw7raCulYPSGa1nvI,5,2026-09-19 13:39:37,Симпатичные,,,синий,,0,,,,2026-09-21T14:15:25+03:00
wildberries,163352692,1634552164,Баракат-текс,Полотенце кухонное вафельное набор 4 шт 35х70 см,EpXu7ClFn9KP83ygLExk,5,2026-09-19 13:33:54,Хорошие полотенца хорошо впитывают воду,,,Синий · 32х60 см,0,0,,,,2026-09-21T14:15:25+03:00
wildberries,163352692,1634552164,Баракат-текс,Полотенце кухонное вафельное набор 4 шт 35х70 см,prmKFcJ97HopwVBfVIwY,5,2026-09-19 10:38:02,,,,Кофейный · 32х60 см,0,0,,,,2026-09-21T14:15:25+03:00
wildberries,163352692,1634552164,Баракат-текс,Полотенце кухонное вафельное набор 4 шт 35х70 см,ltV6fyEwIoZNATXxUZ75,5,2026-09-19 09:34:53,"Полотенца хорошие, но шли очень долго, хотела в подарок.",,,Кофейный · 32х60 см,0,0,,,,2026-09-21T14:15:25+03:00
wildberries,163352692,1634552164,Баракат-текс,Полотенце кухонное вафельное набор 4 шт 35х70 см,tfgeEYghcz3Q8qYG2vUr,5,2026-09-19 08:02:30,"На удивление, очень хорошие полотенца, впитывают хорошо.",,,серый,,0,,,,2026-09-21T14:15:25+03:00
wildberries,163352692,1634552164,Баракат-текс,Полотенце кухонное вафельное набор 4 шт 35х70 см,hIHUr42Se1J5Up2mrbUg,5,2026-09-19 04:57:03,Полотенце классные. Сестра довольна,,,Ментол · 35х70 см,0,0,,,,2026-09-21T14:15:25+03:00
wildberries,163352692,1634552164,Баракат-текс,Полотенце кухонное вафельное набор 4 шт 35х70 см,EjYbZ8V253wdvoW94OL7,5,2026-09-19 04:41:06,Красивые и мягкие спасибо,,,коричневый,,0,,,,2026-09-21T14:15:25+03:00
wildberries,163352692,1634552164,Баракат-текс,Полотенце кухонное вафельное набор 4 шт 35х70 см,dlfE27TPvhc5cxnISwLJ,5,2026-09-19 02:52:12,Классные полотенца. Спасибо продавцу и производителю,,,бежевый,,0,,,,2026-09-21T14:15:25+03:00
wildberries,163352692,1634552164,Баракат-текс,Полотенце кухонное вафельное набор 4 шт 35х70 см,vkNWgP3AMfs6Yd7VSwXP,5,2026-09-19 01:00:15,,,,Голубой · 32х60 см,0,0,,,,2026-09-21T14:15:25+03:00
wildberries,163352692,1634552164,Баракат-текс,Полотенце кухонное вафельное набор 4 шт 35х70 см,68V2nppkiQu3BbvR4HnQ,5,2026-09-18 19:00:31,,,,красный,0,0,,,,2026-09-21T14:15:25+03:00
wildberries,163352692,1634552164,Баракат-текс,Полотенце кухонное вафельное набор 4 шт 35х70 см,qyUC1jdFeX2lDM2W231q,5,2026-09-18 18:31:45,Все отлично впитывают,,,Кофейный · 32х60 см,0,0,,,,2026-09-21T14:15:25+03:00
wildberries,163352692,1634552164,Баракат-текс,Полотенце кухонное вафельное набор 4 шт 35х70 см,8FA8alMmGFzCaNx2l3yI,5,2026-09-18 16:58:12,,,,красный,,0,,,,2026-09-21T14:15:25+03:00
wildberries,163352692,1634552164,Баракат-текс,Полотенце кухонное вафельное набор 4 шт 35х70 см,jPYVnanDOTaOpC8bBKbW,5,2026-09-18 16:26:12,"Отдельное спасибо за упаковку 💖👍🏽 полотенце качество, хорошо впитывают, материал и пошив качество 👍🏽 однозначно рекомендую.",,,"Бежевый, мокко · 35х70 см",0,0,,,,2026-09-21T14:15:25+03:00
wildberries,163352692,1634552164,Баракат-текс,Полотенце кухонное вафельное набор 4 шт 35х70 см,L3Npy1KVtfWJBi3LWf9C,5,2026-09-18 15:30:30,"Хорошее качество пошива, хлопок качественный. Покупкой довольна. Спасибо!",,,"Бежевый, мокко · 35х70 см",0,0,,,,2026-09-21T14:15:25+03:00
wildberries,163352692,1634552164,Баракат-текс,Полотенце кухонное вафельное набор 4 шт 35х70 см,PIYRqtDJMFGNwHDCV0ad,5,2026-09-18 14:47:15,Приятно получить в подарочной упаковке и с добрыми словами на открытке✨ полотенца соответствуют ожиданиям,,,бежевый,,0,,,,2026-09-21T14:15:25+03:00
wildberries,163352692,1634552164,Баракат-текс,Полотенце кухонное вафельное набор 4 шт 35х70 см,wVUWArETWnsctEk4IyQh,5,2026-09-18 11:54:24,,,,Кофейный · 32х60 см,0,0,,,,2026-09-21T14:15:25+03:00
wildberries,163352692,1634552164,Баракат-текс,Полотенце кухонное вафельное набор 4 шт 35х70 см,0Aj2FHVSORRFevUHY2G9,5,2026-09-18 11:12:18,,,,Бордовый · 32х60 см,0,0,,,,2026-09-21T14:15:25+03:00
wildberries,163352692,1634552164,Баракат-текс,Полотенце кухонное вафельное набор 4 шт 35х70 см,EHhGx10sUopKaMPntQzM,5,2026-09-18 10:55:51,Заказала первый раз. Мне понравилось. И стирается хорошо. И цвет держит,,,Синий · 35х70 см,0,0,,,,2026-09-21T14:15:25+03:00
wildberries,163352692,1634552164,Баракат-текс,Полотенце кухонное вафельное набор 4 шт 35х70 см,kS5vnb8qDrTaxaTR8zwm,5,2026-09-18 10:34:30,,,,Синий · 32х60 см,0,0,,,,2026-09-21T14:15:25+03:00
wildberries,163352692,1634552164,Баракат-текс,Полотенце кухонное вафельное набор 4 шт 35х70 см,nG4K4Og5j4rV0f2NLTaA,5,2026-09-18 09:31:10,Просто супер!!!,,,Красный · 32х60 см,0,0,,,,2026-09-21T14:15:25+03:00
wildberries,163352692,1634552164,Баракат-текс,Полотенце кухонное вафельное набор 4 шт 35х70 см,ex1lxCX3lViNbAqn8DV6,5,2026-09-18 09:29:20,"Отличные полотенца,беру не первый раз, рекомендую",,,Красный · 32х60 см,0,0,,,,2026-09-21T14:15:25+03:00
wildberries,163352692,1634552164,Баракат-текс,Полотенце кухонное вафельное набор 4 шт 35х70 см,OL00vJmY6UhRl7BClWc8,5,2026-09-18 09:06:33,Полотенца  хорошие,,,Бордовый · 32х60 см,0,0,,,,2026-09-21T14:15:25+03:00
wildberries,163352692,1634552164,Баракат-текс,Полотенце кухонное вафельное набор 4 шт 35х70 см,2I6NhO2PHJrJYpF8uSV2,5,2026-09-17 17:00:04,"Полотенце супер мягкое и качество, я взяла для внучки ..  СПАСИБО",,,Бордовый · 32х60 см,0,0,,,,2026-09-21T14:15:25+03:00
wildberries,163352692,1634552164,Баракат-текс,Полотенце кухонное вафельное набор 4 шт 35х70 см,WAE52p0h31bSabzbls5M,5,2026-09-18 08:05:33,"Какие они классные,  мягкие, плотные, а эта милая расцветка, ну просто любимые мои полотенца сейчас",,,Бордовый · 32х60 см,0,0,,,,2026-09-21T14:15:25+03:00
wildberries,163352692,1634552164,Баракат-текс,Полотенце кухонное вафельное набор 4 шт 35х70 см,CmaEtK1OeIpij4fiuQto,5,2026-09-18 08:01:20,Отличные полотенца,,,Бордовый · 32х60 см,0,0,,,,2026-09-21T14:15:25+03:00
wildberries,163352692,1634552164,Баракат-текс,Полотенце кухонное вафельное набор 4 шт 35х70 см,iBCo8DKnFXWLtG468tsW,5,2026-09-18 07:35:56,Мягкая и приятная ткань.,,,Кофейный · 32х60 см,0,0,,,,2026-09-21T14:15:25+03:00
wildberries,163352692,1634552164,Баракат-текс,Полотенце кухонное вафельное набор 4 шт 35х70 см,k0BKiQvmhP4fHIpmSb1M,5,2026-09-18 05:25:48,,,,коричневый,,0,,,,2026-09-21T14:15:25+03:00
wildberries,163352692,1634552164,Баракат-текс,Полотенце кухонное вафельное набор 4 шт 35х70 см,87TQJ7Ud9BMahqQWp9AZ,5,2026-09-18 03:47:43,,,,серый,0,0,,,,2026-09-21T14:15:25+03:00
wildberries,163352692,1634552164,Баракат-текс,Полотенце кухонное вафельное набор 4 шт 35х70 см,XuOvvjX4DK0fF3JfpbDd,5,2026-09-18 01:28:09,"Качественная махра полотенца и расцветка приятная, с петелькой, что удобно. Рекомендую ❤️",,,Бордовый · 32х60 см,0,0,,,,2026-09-21T14:15:25+03:00
wildberries,163352692,1634552164,Баракат-текс,Полотенце кухонное вафельное набор 4 шт 35х70 см,pIeePTvgrLfUFF6Td9LJ,5,2026-09-17 21:37:05,"Полотенца мягкие, пушистые, очень нравятся. У меня теперь их три комплекта.",,,Синий · 32х60 см,0,0,,,,2026-09-21T14:15:25+03:00
wildberries,163352692,1634552164,Баракат-текс,Полотенце кухонное вафельное набор 4 шт 35х70 см,LtGv2dOVvNilL6UVSTO0,5,2026-09-17 20:33:21,Здравствуйте! Замечательные полотенчики👍😊 Спасибо!,,,Красный · 32х60 см,0,0,,,,2026-09-21T14:15:25+03:00
wildberries,163352692,1634552164,Баракат-текс,Полотенце кухонное вафельное набор 4 шт 35х70 см,WdesqmoFanpMcxIhLxzB,5,2026-09-17 19:36:39,,,,Кофейный · 32х60 см,0,0,,,,2026-09-21T14:15:25+03:00
wildberries,163352692,1634552164,Баракат-текс,Полотенце кухонное вафельное набор 4 шт 35х70 см,YcWLMW8NSbwJ5YlJg1so,5,2026-09-17 19:19:43,Очень мягкое правда . Хорошо впитывает . Может слегка большевато. Мне понравилось и цвет хороший,,,серый,,0,,,,2026-09-21T14:15:25+03:00
wildberries,163352692,1634552164,Баракат-текс,Полотенце кухонное вафельное набор 4 шт 35х70 см,xCOevMdeuFMHsFbLNsOf,5,2026-09-17 17:30:14,,,,Бежевый · 35х70 см,0,0,,,,2026-09-21T14:15:25+03:00
wildberries,163352692,1634552164,Баракат-текс,Полотенце кухонное вафельное набор 4 шт 35х70 см,7XpCsisYg4IJWSD4DXa2,5,2026-09-17 13:49:35,,,,синий,,0,,,,2026-09-21T14:15:25+03:00
wildberries,163352692,1634552164,Баракат-текс,Полотенце кухонное вафельное набор 4 шт 35х70 см,owBcywPOmwaUqGehfJtj,5,2026-09-17 13:49:35,,,,коричневый,,0,,,,2026-09-21T14:15:25+03:00
wildberries,163352692,1634552164,Баракат-текс,Полотенце кухонное вафельное набор 4 шт 35х70 см,6SKxmFe4UjWLMORvgq0s,5,2026-09-17 12:42:17,"Отличные полотенца, хорошо впитываю влагу. Заказываю второй раз.",,,Серый · 35х70 см,0,0,,,,2026-09-21T14:15:25+03:00
wildberries,163352692,1634552164,Баракат-текс,Полотенце кухонное вафельное набор 4 шт 35х70 см,EhXOplP6mytP4IOYqi2c,5,2026-09-17 10:27:46,,,,Красный · 32х60 см,0,0,,,,2026-09-21T14:15:25+03:00
wildberries,163352692,1634552164,Баракат-текс,Полотенце кухонное вафельное набор 4 шт 35х70 см,WiMAEDqFvxqGfJ624Wy0,5,2026-09-17 09:58:14,,,,"Бежевый, мокко · 35х70 см",0,0,,,,2026-09-21T14:15:25+03:00
wildberries,163352692,1634552164,Баракат-текс,Полотенце кухонное вафельное набор 4 шт 35х70 см,dlCxIPcmVfgGfNrhbKdF,5,2026-09-17 09:38:21,"Полотенца очень качественные, мягкие, всё как я предпочитаю",,,Кофейный · 32х60 см,0,0,,,,2026-09-21T14:15:25+03:00
wildberries,163352692,1634552164,Баракат-текс,Полотенце кухонное вафельное набор 4 шт 35х70 см,iCzttWhTQuTfkzOySbyh,5,2026-09-17 09:28:48,,,,Ментол · 35х70 см,0,0,,,,2026-09-21T14:15:25+03:00
wildberries,163352692,1634552164,Баракат-текс,Полотенце кухонное вафельное набор 4 шт 35х70 см,3q94ANyWmgnKr0yN2Lrm,5,2026-09-17 08:53:16,Супер 🔥,,,Голубой · 35х70 см,0,0,,,,2026-09-21T14:15:25+03:00
wildberries,163352692,1634552164,Баракат-текс,Полотенце кухонное вафельное набор 4 шт 35х70 см,imswz3A4YohaLzGVu938,5,2026-09-17 08:51:51,Супер 🔥,,,Синий · 35х70 см,0,0,,,,2026-09-21T14:15:25+03:00
wildberries,163352692,1634552164,Баракат-текс,Полотенце кухонное вафельное набор 4 шт 35х70 см,zBw7pEhZD61ymn6tqTty,5,2026-09-17 08:51:41,Супер 🔥,,,Синий · 35х70 см,0,0,,,,2026-09-21T14:15:25+03:00
wildberries,163352692,1634552164,Баракат-текс,Полотенце кухонное вафельное набор 4 шт 35х70 см,VcsbS2rURa1Kowi3kRJO,5,2026-09-17 08:51:13,Супер🔥,,,Синий · 35х70 см,0,0,,,,2026-09-21T14:15:25+03:00
wildberries,163352692,1634552164,Баракат-текс,Полотенце кухонное вафельное набор 4 шт 35х70 см,MMQa4D91UlgFgPyyvR6S,5,2026-09-17 08:48:52,Прям вау🔥,,,Розовый · 35х70 см,0,0,,,,2026-09-21T14:15:25+03:00
wildberries,163352692,1634552164,Баракат-текс,Полотенце кухонное вафельное набор 4 шт 35х70 см,XIDFGfGiQ1YDpqAxWFg7,5,2026-09-17 08:13:53,,Понравились. Спасибо,,коричневый,0,0,,,,2026-09-21T14:15:25+03:00
wildberries,163352692,1634552164,Баракат-текс,Полотенце кухонное вафельное набор 4 шт 35х70 см,drQB6CGA750VlnyBKjcJ,5,2026-09-17 08:13:21,,Понравились. Спасибо,,коричневый,0,0,,,,2026-09-21T14:15:25+03:00
wildberries,163352692,1634552164,Баракат-текс,Полотенце кухонное вафельное набор 4 шт 35х70 см,3plNLhsISiSZj8C97DQx,5,2026-09-17 07:35:50,"Хорошее качество,мягкие.",,,синий,,0,,,,2026-09-21T14:15:25+03:00
wildberries,163352692,1634552164,Баракат-текс,Полотенце кухонное вафельное набор 4 шт 35х70 см,2x32EDaYEcKSabeoZFDZ,5,2026-09-17 07:15:23,,,,серый,,0,,,,2026-09-21T14:15:25+03:00
wildberries,163352692,1634552164,Баракат-текс,Полотенце кухонное вафельное набор 4 шт 35х70 см,sc0PAE8EfrlZ37jcPUb3,5,2026-09-17 06:59:20,Спасибо большое🤗,,,Кофейный · 32х60 см,0,0,,,,2026-09-21T14:15:25+03:00
wildberries,163352692,1634552164,Баракат-текс,Полотенце кухонное вафельное набор 4 шт 35х70 см,P4iP1ySujUcuiZSqOY83,5,2026-09-17 06:35:26,Очень симпатичные полотенца,,,Бордовый · 32х60 см,0,0,,,,2026-09-21T14:15:25+03:00
wildberries,163352692,1634552164,Баракат-текс,Полотенце кухонное вафельное набор 4 шт 35х70 см,3fjWVpecaTBeAbViaw6b,5,2026-09-17 05:46:54,"Красивые и качественные , понравились",,,синий,,0,,,,2026-09-21T14:15:25+03:00
wildberries,163352692,1634552164,Баракат-текс,Полотенце кухонное вафельное набор 4 шт 35х70 см,2RQygxLf2qpjLAsXpqbA,5,2026-09-17 05:11:18,"Заказала второй комплект, к покупке рекомендую.","Мягкие, хорошо впитывают воду, современный дизайн.",,Кофейный · 32х60 см,0,0,,,,2026-09-21T14:15:25+03:00
wildberries,163352692,1634552164,Баракат-текс,Полотенце кухонное вафельное набор 4 шт 35х70 см,urP7ypvu7qGOE7O9RQLv,1,2026-09-16 17:44:30,,,,синий,,0,,,,2026-09-21T14:15:25+03:00
wildberries,163352692,1634552164,Баракат-текс,Полотенце кухонное вафельное набор 4 шт 35х70 см,gnZiL9aRw1nKUcC32p1c,5,2026-09-16 15:39:22,"Полотенца очень понравились, мягкие размер",,,Бордовый · 32х60 см,0,0,,,,2026-09-21T14:15:25+03:00
wildberries,163352692,1634552164,Баракат-текс,Полотенце кухонное вафельное набор 4 шт 35х70 см,l70ky3M4Gicf7rC3eCes,5,2026-09-16 15:08:35,"Отличное качество, мне такой набор подарили, за полгода цвет не изменился не деформировпны👍 . Теперь купила уже сама себе этот набор. Уж больно они понравились.",,,"Бежевый, мокко · 35х70 см",0,0,,,,2026-09-21T14:15:25+03:00
wildberries,163352692,1634552164,Баракат-текс,Полотенце кухонное вафельное набор 4 шт 35х70 см,x45nkJSbdDeG1O5mQDQc,5,2026-09-16 14:16:01,Мягкие. Размер хороший для кухни 👍,,,Бордовый · 32х60 см,0,0,,,,2026-09-21T14:15:25+03:00
wildberries,163352692,1634552164,Баракат-текс,Полотенце кухонное вафельное набор 4 шт 35х70 см,ShOmACdTEjDAn7csl7G8,5,2026-09-16 13:39:18,"Полотенчики для кухни, с петельками. Всë как в описании. Мягкие, с ворсом. Наощупь приятные. Выглядят просто, не яркие. Качество  хорошее.",,,Кофейный · 32х60 см,0,0,,,,2026-09-21T14:15:25+03:00
wildberries,163352692,1634552164,Баракат-текс,Полотенце кухонное вафельное набор 4 шт 35х70 см,tRPsEkqKNDTo9adjUVRZ,5,2026-09-16 12:22:40,,,,Кофейный · 32х60 см,0,0,,,,2026-09-21T14:15:25+03:00
wildberries,163352692,1634552164,Баракат-текс,Полотенце кухонное вафельное набор 4 шт 35х70 см,KkVGtK74lNnLlRZjh1D1,5,2026-09-16 12:00:54,,,,Кофейный · 32х60 см,0,0,,,,2026-09-21T14:15:25+03:00
wildberries,163352692,1634552164,Баракат-текс,Полотенце кухонное вафельное набор 4 шт 35х70 см,OHyceQq9G39cyHNG7T6U,5,2026-09-16 11:38:44,"полотенца класс! мягкие приятные. на ощупь.Хлопок Узбекистан.Буду заказывать.Спасибо продавцу пришли на день позже, но это критично! Спасибо!",,,Кофейный · 32х60 см,0,0,,,,2026-09-21T14:15:25+03:00
wildberries,163352692,1634552164,Баракат-текс,Полотенце кухонное вафельное набор 4 шт 35х70 см,9zhJicgX5GPrtdu0GwNB,5,2026-09-16 10:17:53,Полотенца хорошие ! Очень хорошие!,,,Синий · 32х60 см,0,0,,,,2026-09-21T14:15:25+03:00
wildberries,163352692,1634552164,Баракат-текс,Полотенце кухонное вафельное набор 4 шт 35х70 см,t89VPaRsfBMg3Sp2Ny4j,5,2026-09-16 08:06:42,,,,Красный · 32х60 см,0,0,,,,2026-09-21T14:15:25+03:00
wildberries,163352692,1634552164,Баракат-текс,Полотенце кухонное вафельное набор 4 шт 35х70 см,OclDpG13Ns7tIYbkemcW,5,2026-09-16 05:35:10,,,,серый,0,0,,,,2026-09-21T14:15:25+03:00
wildberries,163352692,1634552164,Баракат-текс,Полотенце кухонное вафельное набор 4 шт 35х70 см,whl0ahGnsnqLR2IWlQE3,5,2026-09-15 19:33:18,,,,"Мокко, светлое какао · 35х70 см",0,0,,,,2026-09-21T14:15:25+03:00
wildberries,163352692,1634552164,Баракат-текс,Полотенце кухонное вафельное набор 4 шт 35х70 см,nw8qD0YccG26j33GwTBu,5,2026-09-15 18:17:51,"Легко стираются, форму после стирки не теряют, не линяют",,,серый,,0,,,,2026-09-21T14:15:25+03:00
wildberries,163352692,1634552164,Баракат-текс,Полотенце кухонное вафельное набор 4 шт 35х70 см,716OW1sATdNjK0oJYP3J,5,2026-09-15 17:50:37,"Товар неплохой, но мне не понравилось как было упаковано .",,,Белый · 35х70 см,0,0,,,,2026-09-21T14:15:25+03:00
wildberries,163352692,1634552164,Баракат-текс,Полотенце кухонное вафельное набор 4 шт 35х70 см,iwCLyoHPASUbfyYdXw8j,5,2026-09-15 16:32:20,Стирка на качество полотенца не повлияла.,,,Бордовый · 32х60 см,0,0,,,,2026-09-21T14:15:25+03:00
wildberries,163352692,1634552164,Баракат-текс,Полотенце кухонное вафельное набор 4 шт 35х70 см,44SQKBTC3dvmn8fqx0lL,5,2026-09-05 12:22:04,,,,Бордовый · 32х60 см,0,0,,,,2026-09-21T14:15:25+03:00
wildberries,163352692,1634552164,Баракат-текс,Полотенце кухонное вафельное набор 4 шт 35х70 см,UrGsKTAKgqXYLoRsSgrH,5,2026-09-15 14:37:00,Понравились. Хорошо впитывают и быстро сохнут . Ровные и приятные.,,,"Бежевый, мокко · 35х70 см",0,0,,,,2026-09-21T14:15:25+03:00
wildberries,163352692,1634552164,Баракат-текс,Полотенце кухонное вафельное набор 4 шт 35х70 см,SLIPwkMEqvJAQaskLJk6,5,2026-09-15 13:47:26,,,,Бордовый · 32х60 см,0,0,,,,2026-09-21T14:15:25+03:00
wildberries,163352692,1634552164,Баракат-текс,Полотенце кухонное вафельное набор 4 шт 35х70 см,I2e5pDqoKm69MVrrWQEN,5,2026-09-15 13:47:13,,,,"Розовый, серый · 35х70 см",0,0,,,,2026-09-21T14:15:25+03:00
wildberries,163352692,1634552164,Баракат-текс,Полотенце кухонное вафельное набор 4 шт 35х70 см,WpjxvGtrLCr9MD5I2AQ9,5,2026-09-15 13:01:59,"Не обратила внимание что узкие. Сами красивые, плотные. Надеюсь что не сядут сильно",,,Кофейный · 32х60 см,0,0,,,,2026-09-21T14:15:25+03:00
wildberries,163352692,1634552164,Баракат-текс,Полотенце кухонное вафельное набор 4 шт 35х70 см,GqtxZjTThFTTdsIWI2Ug,5,2026-09-15 12:37:37,Очень хорошие кухонные полотенца. Спасибо!,,,"Бежевый, мокко · 35х70 см",0,0,,,,2026-09-21T14:15:25+03:00
wildberries,163352692,1634552164,Баракат-текс,Полотенце кухонное вафельное набор 4 шт 35х70 см,H09gO6pwHEA5VVQazC0F,5,2026-09-15 12:33:48,"Решила обновить кухонные полотенца. В наборе 5 ш ук, удобный размер. Очень подошли под интерьер моей кухни",,,Серый · 35х70 см,0,0,,,,2026-09-21T14:15:25+03:00
wildberries,163352692,1634552164,Баракат-текс,Полотенце кухонное вафельное набор 4 шт 35х70 см,853yNRmCkZygfPKnFana,5,2026-09-15 12:07:50,Вытирают хорошо.,,,Кофейный · 32х60 см,0,0,,,,2026-09-21T14:15:25+03:00
wildberries,163352692,1634552164,Баракат-текс,Полотенце кухонное вафельное набор 4 шт 35х70 см,8Jg4HVMNH3Q0guSerlME,5,2026-09-15 11:13:34,"Полотенца доставили вовремя, упакованы в пакет. Неплохие, впитывают воду хорошо, быстро сохнут. Спасибо.",,,бежевый,,0,,,,2026-09-21T14:15:25+03:00
wildberries,163352692,1634552164,Баракат-текс,Полотенце кухонное вафельное набор 4 шт 35х70 см,vNU6bPdMM7MuMpbksSmO,5,2026-09-15 10:29:45,,,,Кофейный · 32х60 см,0,0,,,,2026-09-21T14:15:25+03:00
wildberries,163352692,1634552164,Баракат-текс,Полотенце кухонное вафельное набор 4 шт 35х70 см,7JbmBDkgHoIMTZOaoTn8,5,2026-09-15 09:18:04,,,,Кофейный · 32х60 см,0,0,,,,2026-09-21T14:15:25+03:00
wildberries,163352692,1634552164,Баракат-текс,Полотенце кухонное вафельное набор 4 шт 35х70 см,aX2MXVoedymYTlK3d7Gd,5,2026-09-15 08:17:11,Спасибо производителю и продавцу.,Шикарные. Отлично впитывают. Как на фото.,---,бежевый,0,0,,,,2026-09-21T14:15:25+03:00
wildberries,163352692,1634552164,Баракат-текс,Полотенце кухонное вафельное набор 4 шт 35х70 см,A2RZ4Zlg3JXJDYmneErF,5,2026-09-15 07:01:06,,,,синий,0,0,,,,2026-09-21T14:15:25+03:00
wildberries,163352692,1634552164,Баракат-текс,Полотенце кухонное вафельное набор 4 шт 35х70 см,SZLbCsav22SeiFSm2HId,5,2026-09-15 06:08:51,,,,Красный · 32х60 см,0,0,,,,2026-09-21T14:15:25+03:00
wildberries,163352692,1634552164,Баракат-текс,Полотенце кухонное вафельное набор 4 шт 35х70 см,wiBasRWR9FD08mMwycfI,5,2026-09-15 03:29:27,"Отличные полотенчики.  Размер, расцветка, качество.",,,Кофейный · 32х60 см,0,0,,,,2026-09-21T14:15:25+03:00
wildberries,163352692,1634552164,Баракат-текс,Полотенце кухонное вафельное набор 4 шт 35х70 см,gdppAVnBwAGwlttu6eIX,5,2026-09-14 23:00:45,Немного деформируется после стирки и сушки Хорошо впитывает воду,,,бежевый,,0,,,,2026-09-21T14:15:25+03:00
wildberries,163352692,1634552164,Баракат-текс,Полотенце кухонное вафельное набор 4 шт 35х70 см,vXXjKDaWKmgwindcZcyu,5,2026-09-14 19:50:58,"Оптимальный размер, приятные на ощупь, хорошо впитывают, универсальный цвет! Единственно без петелек, но заказала зажимы к полотенцам, получилось даже красиво))",Чудесные полотенца!,,бежевый,0,0,,,,2026-09-21T14:15:25+03:00
wildberries,163352692,1634552164,Баракат-текс,Полотенце кухонное вафельное набор 4 шт 35х70 см,83Qj0TleV90lrOwEUFDi,5,2026-09-14 18:19:13,Хорошие полотенца,,,"Бежевый, мокко · 35х70 см",0,0,,,,2026-09-21T14:15:25+03:00
wildberries,163352692,1634552164,Баракат-текс,Полотенце кухонное вафельное набор 4 шт 35х70 см,AUHSM2S7ELTTwyCU0iNp,5,2026-09-14 14:19:45,,,,Кофейный · 32х60 см,0,0,,,,2026-09-21T14:15:25+03:00
wildberries,163352692,1634552164,Баракат-текс,Полотенце кухонное вафельное набор 4 шт 35х70 см,IuTMj3skAfT3uZv1oct8,5,2026-09-14 10:38:18,,,,"Бежевый, мокко · 35х70 см",0,0,,,,2026-09-21T14:15:25+03:00
wildberries,163352692,1634552164,Баракат-текс,Полотенце кухонное вафельное набор 4 шт 35х70 см,WGkSwviOxjgNTXE0q6ef,5,2026-09-14 09:38:53,Спасибо  большое  всем!!!! Беру  уже не первый раз!!! Очень довольна!!!!! Хорошие полотенчики и размер и качество и цена  !!!!,,,Синий · 35х70 см,0,0,,,,2026-09-21T14:15:25+03:00
wildberries,163352692,1634552164,Баракат-текс,Полотенце кухонное вафельное набор 4 шт 35х70 см,pFW7C9mNxMaaF9nTrNhS,5,2026-09-14 07:32:36,,,,"Мокко, светлое какао · 35х70 см",0,0,,,,2026-09-21T14:15:25+03:00
wildberries,163352692,1634552164,Баракат-текс,Полотенце кухонное вафельное набор 4 шт 35х70 см,vIt3NFFdfqz8XrQ73FdV,5,2026-09-14 06:21:22,"Мягкие, красивые, удобная петелька, нравятся!",,,Кофейный · 32х60 см,0,0,,,,2026-09-21T14:15:25+03:00
wildberries,163352692,1634552164,Баракат-текс,Полотенце кухонное вафельное набор 4 шт 35х70 см,ptpi2Svkg6eQxtzqUpfC,5,2026-09-14 05:51:44,Очень классные мягкие махровые 👍,,,синий,,0,,,,2026-09-21T14:15:25+03:00
wildberries,163352692,1634552164,Баракат-текс,Полотенце кухонное вафельное набор 4 шт 35х70 см,ptyoiIQZcXi1iisv902u,5,2026-09-14 00:28:51,,"хорошо впитывают, для кухни самое то",,коричневый,0,0,,,,2026-09-21T14:15:25+03:00
wildberries,163352692,1634552164,Баракат-текс,Полотенце кухонное вафельное набор 4 шт 35х70 см,d5k8ZJeplPcs8z8LlvGB,3,2026-09-13 20:00:31,Носить на каждый день врятли получится ....очень мягкое,,,Белый · 35х70 см,0,1,,,,2026-09-21T14:15:25+03:00
wildberries,163352692,1634552164,Баракат-текс,Полотенце кухонное вафельное набор 4 шт 35х70 см,W5sf4EiZt5Qcy9V7RLcG,5,2026-09-13 19:52:35,"Замечательные полотенце,  мягкие, хорошо вытирают и очень красиво смотрятся",,,Бордовый · 32х60 см,0,0,,,,2026-09-21T14:15:25+03:00
wildberries,163352692,1634552164,Баракат-текс,Полотенце кухонное вафельное набор 4 шт 35х70 см,yo7nhJ6hZon35FWzhyYi,5,2026-09-13 18:42:48,"Беру второй раз,плотные качество на высоте!!!",,,Бордовый · 32х60 см,0,0,,,,2026-09-21T14:15:25+03:00
wildberries,163352692,1634552164,Баракат-текс,Полотенце кухонное вафельное набор 4 шт 35х70 см,G8K9DyGAlzkrs0Fg5ChT,5,2026-09-13 18:41:48,"Советую, очень качественные !!!",,,Кофейный · 32х60 см,0,0,,,,2026-09-21T14:15:25+03:00
wildberries,163352692,1634552164,Баракат-текс,Полотенце кухонное вафельное набор 4 шт 35х70 см,7lK3021cd8xmejlJmeyS,5,2026-09-13 14:55:18,,,,Бордовый · 32х60 см,0,0,,,,2026-09-21T14:15:25+03:00
wildberries,163352692,1634552164,Баракат-текс,Полотенце кухонное вафельное набор 4 шт 35х70 см,guDnOdYn82byM48BuKh6,5,2026-09-13 10:33:14,,"Красивые и ровные, очень понравились",,бежевый,,0,,,,2026-09-21T14:15:25+03:00
wildberries,163352692,1634552164,Баракат-текс,Полотенце кухонное вафельное набор 4 шт 35х70 см,O13DyHvvi6MKb1gBibTb,4,2026-09-13 10:09:35,"Пришли мятые, торчали из открытого пакета и похоже, что ими пользовались. Голубые полотенца пришли аккуратно сложены, но пакет открыт с другой стороны. Для подарка нужна дополнительная упаковка",,,Кофейный · 32х60 см,0,0,,,,2026-09-21T14:15:25+03:00
wildberries,163352692,1634552164,Баракат-текс,Полотенце кухонное вафельное набор 4 шт 35х70 см,DH8fqm9KcP9lYPQDTO10,5,2026-09-13 10:07:12,"Качество на высоте. Голубые доставлены аккуратно, но пакет не закрыт с одной стороны, коричневые с чашкой кофе были в употреблении и скомканы",,,Синий · 32х60 см,0,0,,,,2026-09-21T14:15:25+03:00
wildberries,163352692,1634552164,Баракат-текс,Полотенце кухонное вафельное набор 4 шт 35х70 см,DnOwpkSl9SNYYiz116fK,5,2026-09-13 09:18:58,,,,Кофейный · 32х60 см,0,0,,,,2026-09-21T14:15:25+03:00
wildberries,163352692,1634552164,Баракат-текс,Полотенце кухонное вафельное набор 4 шт 35х70 см,2scVGYoJOZyFVohXvlS6,5,2026-09-13 08:53:52,,,,Бордовый · 32х60 см,0,0,,,,2026-09-21T14:15:25+03:00
wildberries,163352692,1634552164,Баракат-текс,Полотенце кухонное вафельное набор 4 шт 35х70 см,rJrk58BFHulYzyZQDWR5,5,2026-09-13 08:47:36,,,,"Мокко, светлое какао · 35х70 см",0,0,,,,2026-09-21T14:15:25+03:00
wildberries,163352692,1634552164,Баракат-текс,Полотенце кухонное вафельное набор 4 шт 35х70 см,paRHNPYK1j8FklRC2OZn,5,2026-09-13 07:38:29,"Люблю эти полотенца , хорошо впитывают влагу.",,,"Бежевый, мокко · 35х70 см",0,0,,,,2026-09-21T14:15:25+03:00
wildberries,163352692,1634552164,Баракат-текс,Полотенце кухонное вафельное набор 4 шт 35х70 см,Gi1qEM86pPjZwDG0E4Wb,5,2026-09-13 05:47:23,Довольна,,,Серый · 35х70 см,0,0,,,,2026-09-21T14:15:25+03:00
wildberries,163352692,1634552164,Баракат-текс,Полотенце кухонное вафельное набор 4 шт 35х70 см,6KiNJUdxMoHG3ZoyaYMq,5,2026-09-13 05:45:53,,Спасибо  производителям и продавцу.,,серый,0,0,,,,2026-09-21T14:15:25+03:00
wildberries,163352692,1634552164,Баракат-текс,Полотенце кухонное вафельное набор 4 шт 35х70 см,9cuCjI3lqYNdT7KmVtdv,5,2026-09-13 05:42:54,,"Очень  хорошие полотенца, беру не первый раз.  Спасибо производителям и продавцу.",,коричневый,0,0,,,,2026-09-21T14:15:25+03:00
wildberries,163352692,1634552164,Баракат-текс,Полотенце кухонное вафельное набор 4 шт 35х70 см,3zOZiSckpyoWCij8xEz5,5,2026-09-13 02:38:50,,,,серый,0,0,,,,2026-09-21T14:15:25+03:00
wildberries,163352692,1634552164,Баракат-текс,Полотенце кухонное вафельное набор 4 шт 35х70 см,RtuXgWJz0TqkS2F7fBCG,5,2026-09-12 23:41:57,,,,Розовый · 35х70 см,0,0,,,,2026-09-21T14:15:25+03:00
wildberries,163352692,1634552164,Баракат-текс,Полотенце кухонное вафельное набор 4 шт 35х70 см,0Hz6UgkijL4MusVSIwJd,5,2026-09-12 20:45:34,Очень хорошие полотенца! Быстро и хорошо впитывают влагу! Спасибо производителю!,,,синий,,0,,,,2026-09-21T14:15:25+03:00
wildberries,163352692,1634552164,Баракат-текс,Полотенце кухонное вафельное набор 4 шт 35х70 см,tUg0D4Ivb69GInEFVLVr,5,2026-09-12 19:30:45,,,,розовый,0,0,,,,2026-09-21T14:15:25+03:00
wildberries,163352692,1634552164,Баракат-текс,Полотенце кухонное вафельное набор 4 шт 35х70 см,xCzmYdUw4D54K0NcxdjZ,5,2026-09-12 18:16:27,,,,Синий · 32х60 см,0,0,,,,2026-09-21T14:15:25+03:00
wildberries,163352692,1634552164,Баракат-текс,Полотенце кухонное вафельное набор 4 шт 35х70 см,ElL5LeJEZIJR5SzUriTn,5,2026-09-12 13:19:32,"Очень понравились! Главное, что хорошо впитываю, не скользят, плотные! Качественно!",,,Кофейный · 32х60 см,0,0,,,,2026-09-21T14:15:25+03:00
wildberries,163352692,1634552164,Баракат-текс,Полотенце кухонное вафельное набор 4 шт 35х70 см,SVE40puNTIxF9dnk7e7r,5,2026-09-12 11:44:08,Красивые полотенца,,,Синий · 32х60 см,0,0,,,,2026-09-21T14:15:25+03:00
wildberries,163352692,1634552164,Баракат-текс,Полотенце кухонное вафельное набор 4 шт 35х70 см,WE9yDqk7IhwXiED46b6w,5,2026-09-12 11:43:28,,,,Синий · 32х60 см,0,0,,,,2026-09-21T14:15:25+03:00
wildberries,163352692,1634552164,Баракат-текс,Полотенце кухонное вафельное набор 4 шт 35х70 см,H3dpOHTdnNhgSp28ZPrM,5,2026-09-12 11:19:14,"Удобный размер. Лицевая сторона жесткая, а внутренняя мягкая с опушкой. Спокойный цвет и рисунок. При стирке не линяет. Советую к покупке.",,,Синий · 32х60 см,0,0,,,,2026-09-21T14:15:25+03:00
wildberries,163352692,1634552164,Баракат-текс,Полотенце кухонное вафельное набор 4 шт 35х70 см,X9T09B2E59LYKW7TqTBN,5,2026-09-12 11:06:42,,,,бежевый,,0,,,,2026-09-21T14:15:25+03:00
wildberries,163352692,1634552164,Баракат-текс,Полотенце кухонное вафельное набор 4 шт 35х70 см,MDXJ4ZW9mqdUmDLbv7Ck,5,2026-09-12 08:20:08,"Очень понравились. Мягкие, хорошо впитывают. Уже второй раз заказывала.",,,Кофейный · 32х60 см,0,0,,,,2026-09-21T14:15:25+03:00
wildberries,163352692,1634552164,Баракат-текс,Полотенце кухонное вафельное набор 4 шт 35х70 см,3JXCBQ088Q05MiFpn9C3,5,2026-09-12 07:39:47,Хорошее качество. Рекомендую.,,,"Бежевый, мокко · 35х70 см",0,0,,,,2026-09-21T14:15:25+03:00
wildberries,163352692,1634552164,Баракат-текс,Полотенце кухонное вафельное набор 4 шт 35х70 см,eMM4H6gqk87j8WRwdwJZ,5,2026-09-12 06:49:28,Очень мягкие полотенца,,,синий,,0,,,,2026-09-21T14:15:25+03:00
wildberries,163352692,1634552164,Баракат-текс,Полотенце кухонное вафельное набор 4 шт 35х70 см,1oDvt8miUMOS8aM1agSg,1,2026-09-12 01:57:11,"Размеры полотенцы не соответствуют заявленным, очень уменьшены, вместо вместо 70 см-62, вместо 35-31, получается узкое и куцее.",,,Белый · 35х70 см,0,0,,,,2026-09-21T14:15:25+03:00
wildberries,163352692,1634552164,Баракат-текс,Полотенце кухонное вафельное набор 4 шт 35х70 см,9qVnPNtit3viIx7Zurzw,5,2026-09-12 00:36:54,,"Качество супер! Не тонкие! Впитывают очень хорошо! Стильненькие такие, и цена замечательная. Спасибо!",,Синий · 35х70 см,0,0,,,,2026-09-21T14:15:25+03:00
wildberries,163352692,1634552164,Баракат-текс,Полотенце кухонное вафельное набор 4 шт 35х70 см,6nnVpXI2K1FyOs7qlpbA,5,2026-09-11 21:17:17,Отличные полотенца,,,Ментол · 35х70 см,0,0,,,,2026-09-21T14:15:25+03:00
wildberries,163352692,1634552164,Баракат-текс,Полотенце кухонное вафельное набор 4 шт 35х70 см,q47nhGZPn2Z7o9gk0AWC,5,2026-09-11 19:34:33,"Мягкие, симпатичные, меня полностью устраивают",,,Кофейный · 32х60 см,0,0,,,,2026-09-21T14:15:25+03:00
wildberries,163352692,1634552164,Баракат-текс,Полотенце кухонное вафельное набор 4 шт 35х70 см,hBKfnpJdTowS1HyswrX2,5,2026-09-11 19:17:45,,,,коричневый,0,0,,,,2026-09-21T14:15:25+03:00
wildberries,163352692,1634552164,Баракат-текс,Полотенце кухонное вафельное набор 4 шт 35х70 см,CAVh6Fb7Md4RkKZKFGJ6,5,2026-09-11 18:32:06,,,,Кофейный · 32х60 см,0,0,,,,2026-09-21T14:15:25+03:00
wildberries,163352692,1634552164,Баракат-текс,Полотенце кухонное вафельное набор 4 шт 35х70 см,I9lmVwQUUBXQ60xgbpkH,5,2026-09-11 17:57:54,,"Супер качество, плотные",,Серый · 35х70 см,0,0,,,,2026-09-21T14:15:25+03:00
wildberries,163352692,1634552164,Баракат-текс,Полотенце кухонное вафельное набор 4 шт 35х70 см,herwMM87IrCplnSgyVGY,5,2026-09-11 17:52:59,"хорошо впитывают, качество отличное",,,Кофейный · 32х60 см,0,1,,,,2026-09-21T14:15:25+03:00
wildberries,163352692,1634552164,Баракат-текс,Полотенце кухонное вафельное набор 4 шт 35х70 см,zwkawE6BIglFRQde6u30,5,2026-09-11 17:10:24,👍🌺спасибо,,,коричневый,,0,,,,2026-09-21T14:15:25+03:00
wildberries,163352692,1634552164,Баракат-текс,Полотенце кухонное вафельное набор 4 шт 35х70 см,gNZ6iN29eCNpXkc86Njy,5,2026-09-11 17:02:33,👍👍👍,,,"Мокко, светлое какао · 35х70 см",0,0,,,,2026-09-21T14:15:25+03:00
wildberries,163352692,1634552164,Баракат-текс,Полотенце кухонное вафельное набор 4 шт 35х70 см,75lroLmgsM2d4AbsqZ3E,5,2026-09-11 15:47:24,"Красивые, мягкие, хорошо впитывают",,,синий,,0,,,,2026-09-21T14:15:25+03:00
wildberries,163352692,1634552164,Баракат-текс,Полотенце кухонное вафельное набор 4 шт 35х70 см,INmqIxDoX0HFupp13TKr,5,2026-09-11 14:16:30,Отличное качество!,,,Бежевый · 35х70 см,0,0,,,,2026-09-21T14:15:25+03:00
wildberries,163352692,1634552164,Баракат-текс,Полотенце кухонное вафельное набор 4 шт 35х70 см,o0VtwXNKGv9lIU8UwDtV,1,2026-09-11 12:07:41,"Качество плохое, линяют и теряют цвет",,,серый,,0,,,,2026-09-21T14:15:25+03:00
wildberries,163352692,1634552164,Баракат-текс,Полотенце кухонное вафельное набор 4 шт 35х70 см,r3gCbAXprf1goNuOf0Jm,5,2026-09-11 11:59:21,Качество хорошее,,,белый,,0,,,,2026-09-21T14:15:25+03:00
wildberries,163352692,1634552164,Баракат-текс,Полотенце кухонное вафельное набор 4 шт 35х70 см,anhT4VlvnB0HFd8fLvAk,5,2026-09-11 11:59:04,Качество хорошее,,,серый,,0,,,,2026-09-21T14:15:25+03:00
wildberries,163352692,1634552164,Баракат-текс,Полотенце кухонное вафельное набор 4 шт 35х70 см,NoXhSaEEqRPgvYXGuXVs,5,2026-09-11 11:23:21,"Полотенце понравилось забрала, рекомендую продавца",,,Серый · 35х70 см,0,0,,,,2026-09-21T14:15:25+03:00
wildberries,163352692,1634552164,Баракат-текс,Полотенце кухонное вафельное набор 4 шт 35х70 см,16AEXUZZaKTorsVYVbLC,5,2026-09-11 09:48:49,Хорошо впитывают влагу,,,Синий · 32х60 см,0,0,,,,2026-09-21T14:15:25+03:00
wildberries,163352692,1634552164,Баракат-текс,Полотенце кухонное вафельное набор 4 шт 35х70 см,AKfQb8jdnQTonMpeNJA7,5,2026-09-11 09:40:57,,"Мягкие, красивые, прошиты хорошо, отличные",,розовый,,0,,,,2026-09-21T14:15:25+03:00
wildberries,163352692,1634552164,Баракат-текс,Полотенце кухонное вафельное набор 4 шт 35х70 см,QucnWSLCjwXLF1vt7xQH,5,2026-09-11 09:19:38,Отличные кухонные полотенца 👍,,,Серый · 35х70 см,0,0,,,,2026-09-21T14:15:25+03:00
wildberries,163352692,1634552164,Баракат-текс,Полотенце кухонное вафельное набор 4 шт 35х70 см,Pli7YC5cBycjEqm7ect2,5,2026-09-11 08:51:14,,"Хорошие полотенца для кухни. симпатичные, хорошо впитывают, приятные на ощупь",,серый,0,0,,,,2026-09-21T14:15:25+03:00
wildberries,163352692,1634552164,Баракат-текс,Полотенце кухонное вафельное набор 4 шт 35х70 см,dpEbWlxCmqRr1fQAEI5h,5,2026-09-11 07:41:22,"Мягкие. Как воду будут принимать, отдельная тема.",,,"Бежевый, мокко · 35х70 см",0,0,,,,2026-09-21T14:15:25+03:00
wildberries,163352692,1634552164,Баракат-текс,Полотенце кухонное вафельное набор 4 шт 35х70 см,3V4Taku6DE1jGviBTxfY,5,2026-09-11 06:17:48,,,,бежевый,0,0,,,,2026-09-21T14:15:25+03:00
wildberries,163352692,1634552164,Баракат-текс,Полотенце кухонное вафельное набор 4 шт 35х70 см,lZO8qYBXWK9h1dBrDQUg,5,2026-09-11 06:17:48,,,,"Бежевый, мокко · 35х70 см",0,0,,,,2026-09-21T14:15:25+03:00
wildberries,163352692,1634552164,Баракат-текс,Полотенце кухонное вафельное набор 4 шт 35х70 см,DtSdZPGmI6bpyXF0Ux7D,5,2026-09-11 05:37:48,,,,красный,,0,,,,2026-09-21T14:15:25+03:00
wildberries,163352692,1634552164,Баракат-текс,Полотенце кухонное вафельное набор 4 шт 35х70 см,vFpRgSSgFTUInXuWhLpc,5,2026-09-10 22:10:20,,,,Голубой · 35х70 см,0,0,,,,2026-09-21T14:15:25+03:00
wildberries,163352692,1634552164,Баракат-текс,Полотенце кухонное вафельное набор 4 шт 35х70 см,yKmC9FTT0yCREzp0mlOQ,5,2026-09-10 21:16:41,Качество хорошее. Для меня размер маленький.,,,коричневый,,0,,,,2026-09-21T14:15:25+03:00
wildberries,163352692,1634552164,Баракат-текс,Полотенце кухонное вафельное набор 4 шт 35х70 см,vLqJ7GrGyeTlpTKHmQtY,5,2026-09-10 20:04:06,,,,Серый · 35х70 см,0,0,,,,2026-09-21T14:15:25+03:00
wildberries,163352692,1634552164,Баракат-текс,Полотенце кухонное вафельное набор 4 шт 35х70 см,8hoAENrvAEQUDyIvCXUO,5,2026-09-10 15:13:51,Когда хороший товар то это вау🤗,,,бежевый,,0,,,,2026-09-21T14:15:25+03:00
wildberries,163352692,1634552164,Баракат-текс,Полотенце кухонное вафельное набор 4 шт 35х70 см,f7uSao6qvkdkNFOI2DO0,5,2026-09-10 13:15:59,"Полотенца просто класс👐спасибо продавцу 🤗так держать,рекомендую 😉",,,бежевый,,0,,,,2026-09-21T14:15:25+03:00
wildberries,163352692,1634552164,Баракат-текс,Полотенце кухонное вафельное набор 4 шт 35х70 см,S7Vs7C4TE1YuAnYmcN3U,5,2026-09-10 12:55:02,Отличные!!!! Спасибо большое,,,Кофейный · 32х60 см,0,0,,,,2026-09-21T14:15:25+03:00
wildberries,163352692,1634552164,Баракат-текс,Полотенце кухонное вафельное набор 4 шт 35х70 см,OuN7Wy01DvgEWX81VQX1,5,2026-09-10 12:34:07,,,,Красный · 32х60 см,0,0,,,,2026-09-21T14:15:25+03:00
wildberries,163352692,1634552164,Баракат-текс,Полотенце кухонное вафельное набор 4 шт 35х70 см,dWHcxTQwsuYXzVtddHdA,5,2026-09-10 11:11:56,,,,Кофейный · 32х60 см,0,0,,,,2026-09-21T14:15:25+03:00
wildberries,163352692,1634552164,Баракат-текс,Полотенце кухонное вафельное набор 4 шт 35х70 см,Bb8TxyYvh795cZklBx0R,5,2026-09-10 10:40:44,,,,Красный · 32х60 см,0,0,,,,2026-09-21T14:15:25+03:00
wildberries,163352692,1634552164,Баракат-текс,Полотенце кухонное вафельное набор 4 шт 35х70 см,6XWFv0ESaVO9JPZCmc8d,5,2026-09-10 10:40:38,"Полотенце маленькое, тонкое, но пушистое за счёт махровых полосок. Очень симпатичное",,,Бордовый · 32х60 см,0,0,,,,2026-09-21T14:15:25+03:00
wildberries,163352692,1634552164,Баракат-текс,Полотенце кухонное вафельное набор 4 шт 35х70 см,9x06rodTrGNZA2jj0Y5V,5,2026-09-10 09:19:38,"Беру второй раз, хорошие полотенца",,,Кофейный · 32х60 см,0,0,,,,2026-09-21T14:15:25+03:00
wildberries,163352692,1634552164,Баракат-текс,Полотенце кухонное вафельное набор 4 шт 35х70 см,GKRxZnmpJ2SlkzX2ToFG,5,2026-09-10 08:26:55,"Они великолепны, у меня уже третий человек кто приходит в гости , просит ссылку на эти прекрасные полотенца, я очень довольна покупкой и рекомендую",,,коричневый,,0,,,,2026-09-21T14:15:25+03:00
wildberries,163352692,1634552164,Баракат-текс,Полотенце кухонное вафельное набор 4 шт 35х70 см,y4G8WxBBIz7UdVexoX8v,5,2026-08-31 17:27:41,,,,коричневый,,0,,,,2026-09-21T14:15:25+03:00
wildberries,163352692,1634552164,Баракат-текс,Полотенце кухонное вафельное набор 4 шт 35х70 см,ViNITYv7h8Q1hoBQMYIo,5,2026-09-10 06:56:40,,,,Синий · 35х70 см,0,0,,,,2026-09-21T14:15:25+03:00
wildberries,163352692,1634552164,Баракат-текс,Полотенце кухонное вафельное набор 4 шт 35х70 см,iLI48LBE4blPXHUK50e3,5,2026-09-10 05:49:14,"Очень приятные внешне полотенца. Мягкие, красивые, уютные",,,коричневый,,0,,,,2026-09-21T14:15:25+03:00
wildberries,163352692,1634552164,Баракат-текс,Полотенце кухонное вафельное набор 4 шт 35х70 см,Q8rWKAkIfGTnnbnwLFB8,5,2026-09-10 05:35:12,,"качественные, хорошо впитывают влагу,",,Синий · 32х60 см,0,0,,,,2026-09-21T14:15:25+03:00
wildberries,163352692,1634552164,Баракат-текс,Полотенце кухонное вафельное набор 4 шт 35х70 см,EuH1hF3FMnzGRttcVRua,5,2026-09-10 02:32:14,,,,Кофейный · 32х60 см,0,0,,,,2026-09-21T14:15:25+03:00
wildberries,163352692,1634552164,Баракат-текс,Полотенце кухонное вафельное набор 4 шт 35х70 см,wQED1pFEew1YbxZeXhAJ,5,2026-09-10 01:50:18,Супер. Брала малышу как платочки,,,коричневый,,0,,,,2026-09-21T14:15:25+03:00
wildberries,163352692,1634552164,Баракат-текс,Полотенце кухонное вафельное набор 4 шт 35х70 см,eEcBzIdkVexjQSkoCaUt,5,2026-09-09 21:13:48,Отличные полотенца 👍,,,"Бежевый, мокко · 35х70 см",0,0,,,,2026-09-21T14:15:25+03:00
wildberries,163352692,1634552164,Баракат-текс,Полотенце кухонное вафельное набор 4 шт 35х70 см,HwaI2Q3n55gyRtw5umzA,5,2026-09-09 20:49:37,"Замечательные полотенца, хорошо вытирают посуду👍🏻",,,синий,,0,,,,2026-09-21T14:15:25+03:00
wildberries,163352692,1634552164,Баракат-текс,Полотенце кухонное вафельное набор 4 шт 35х70 см,SFskBI3l914EsQzzH5d9,5,2026-09-09 16:47:47,,,,Бордовый · 32х60 см,0,0,,,,2026-09-21T14:15:25+03:00
wildberries,163352692,1634552164,Баракат-текс,Полотенце кухонное вафельное набор 4 шт 35х70 см,3JuRRULdOiqXIS0n0zE2,5,2026-09-09 14:29:04,Отличный советую не пожалеете и для кухни и для лица нежные полотенца давно искала спасибо продавцу🌹,,,красный,,0,,,,2026-09-21T14:15:25+03:00
wildberries,163352692,1634552164,Баракат-текс,Полотенце кухонное вафельное набор 4 шт 35х70 см,ZL9R9mjSjLEXCwsY6rVX,5,2026-09-09 14:05:46,"Очень красивые, стильные качественные!",,,"Бежевый, мокко · 35х70 см",0,0,,,,2026-09-21T14:15:25+03:00
wildberries,163352692,1634552164,Баракат-текс,Полотенце кухонное вафельное набор 4 шт 35х70 см,3MCoO5TVQvOCwX42aTqc,5,2026-09-09 13:37:17,,,,Кофейный · 32х60 см,0,0,,,,2026-09-21T14:15:25+03:00
wildberries,163352692,1634552164,Баракат-текс,Полотенце кухонное вафельное набор 4 шт 35х70 см,JfV3zXw5XtWZUCjgQucV,5,2026-09-09 12:52:35,,,,Серый · 35х70 см,0,0,,,,2026-09-21T14:15:25+03:00
wildberries,163352692,1634552164,Баракат-текс,Полотенце кухонное вафельное набор 4 шт 35х70 см,aA74tvYUUxd17v2SFYMq,5,2026-09-09 10:33:36,,,,Синий · 32х60 см,0,0,,,,2026-09-21T14:15:25+03:00
wildberries,163352692,1634552164,Баракат-текс,Полотенце кухонное вафельное набор 4 шт 35х70 см,4bY5qY6kpTomIwROVQrz,5,2026-09-09 10:14:09,замечательные полотенца.,,,"Мокко, светлое какао · 35х70 см",0,0,,,,2026-09-21T14:15:25+03:00
wildberries,163352692,1634552164,Баракат-текс,Полотенце кухонное вафельное набор 4 шт 35х70 см,FDb9HsRH4sduHIqewjM9,5,2026-09-09 10:06:27,,,,Кофейный · 32х60 см,0,0,,,,2026-09-21T14:15:25+03:00
wildberries,163352692,1634552164,Баракат-текс,Полотенце кухонное вафельное набор 4 шт 35х70 см,LhVTyHi65T3vX85yFyOi,5,2026-09-09 08:35:00,,,,голубой,,0,,,,2026-09-21T14:15:25+03:00
wildberries,163352692,1634552164,Баракат-текс,Полотенце кухонное вафельное набор 4 шт 35х70 см,9lLvk1AnhIj1qQsTCHEL,5,2026-09-09 06:42:53,,,,Бордовый · 32х60 см,0,0,,,,2026-09-21T14:15:25+03:00
wildberries,163352692,1634552164,Баракат-текс,Полотенце кухонное вафельное набор 4 шт 35х70 см,AZtJJM3dUfBqY8NVafvl,5,2026-09-09 05:34:41,Хорошие полотенца. Вытирают насухо.,,,Синий · 32х60 см,0,0,,,,2026-09-21T14:15:25+03:00
wildberries,163352692,1634552164,Баракат-текс,Полотенце кухонное вафельное набор 4 шт 35х70 см,jH5iGZeuecKIob1c0P0e,5,2026-09-09 04:30:03,Впитывают,,,Кофейный · 32х60 см,0,0,,,,2026-09-21T14:15:25+03:00
wildberries,163352692,1634552164,Баракат-текс,Полотенце кухонное вафельное набор 4 шт 35х70 см,yPDXZrC9c8ManVibmDfT,5,2026-09-08 21:59:32,,,,Синий · 32х60 см,0,0,,,,2026-09-21T14:15:25+03:00
wildberries,163352692,1634552164,Баракат-текс,Полотенце кухонное вафельное набор 4 шт 35х70 см,blUc83mCuQBeO1iPwUKf,5,2026-09-08 16:37:45,"Качество хорошее,  рекомендую",,,Бордовый · 32х60 см,0,0,,,,2026-09-21T14:15:25+03:00
wildberries,163352692,1634552164,Баракат-текс,Полотенце кухонное вафельное набор 4 шт 35х70 см,25uPD45vLHgSxLZ6Eivu,5,2026-09-08 13:44:16,Удобные. Хорошо впитывают,,,Кофейный · 32х60 см,0,0,,,,2026-09-21T14:15:25+03:00
wildberries,163352692,1634552164,Баракат-текс,Полотенце кухонное вафельное набор 4 шт 35х70 см,r4YkAXHOrNh5OdCzEcRH,5,2026-09-08 11:40:23,,,,"Мокко, светлое какао · 35х70 см",0,0,,,,2026-09-21T14:15:25+03:00
wildberries,163352692,1634552164,Баракат-текс,Полотенце кухонное вафельное набор 4 шт 35х70 см,d0W8rBZAxK3WCj5WsDOf,1,2026-09-08 10:00:40,Плохо впитывают влагу 😞,,,Бежевый · 35х70 см,0,0,,,,2026-09-21T14:15:25+03:00
wildberries,163352692,1634552164,Баракат-текс,Полотенце кухонное вафельное набор 4 шт 35х70 см,UbwJqb0N1YaDHxgV9bvm,5,2026-09-08 09:18:36,"Отличный товар, качество на высоте Цает шикарный, яркий, насыщенный Однозначно рекомендую",,,Ментол · 35х70 см,0,0,,,,2026-09-21T14:15:25+03:00
wildberries,163352692,1634552164,Баракат-текс,Полотенце кухонное вафельное набор 4 шт 35х70 см,QVplm6l6LjsolFJHKL9o,5,2026-09-08 08:52:30,"Хорошие полотенца 👍 На кухню брала. Впитывают хорошо, расцветка приятная 👍",,,Синий · 32х60 см,0,0,,,,2026-09-21T14:15:25+03:00
wildberries,163352692,1634552164,Баракат-текс,Полотенце кухонное вафельное набор 4 шт 35х70 см,y6ap5eEzJzlXiO8g99ER,5,2026-09-08 08:48:21,"Классные Полотенчик, мягонькие. Спасибо огромное, позже ещё закажу, желательно потемнее.",,,Кофейный · 32х60 см,0,0,,,,2026-09-21T14:15:25+03:00
wildberries,163352692,1634552164,Баракат-текс,Полотенце кухонное вафельное набор 4 шт 35х70 см,oMbjVStoldMKY9PYTvpM,5,2026-09-08 07:32:11,,,,Ментол · 35х70 см,0,0,,,,2026-09-21T14:15:25+03:00
wildberries,163352692,1634552164,Баракат-текс,Полотенце кухонное вафельное набор 4 шт 35х70 см,WFC842PHGjhdRCNpbkdc,5,2026-09-08 07:26:33,,,,"Бежевый, мокко · 35х70 см",0,0,,,,2026-09-21T14:15:25+03:00
wildberries,163352692,1634552164,Баракат-текс,Полотенце кухонное вафельное набор 4 шт 35х70 см,c1HTwKvcxTcwya4NMyfx,5,2026-09-08 06:08:59,"Полотенца  мягкие, приятной расцветки, понравились, спасибо",,,Бордовый · 32х60 см,0,0,,,,2026-09-21T14:15:25+03:00
wildberries,163352692,1634552164,Баракат-текс,Полотенце кухонное вафельное набор 4 шт 35х70 см,bsfTMnbl6jlB68vo5ajf,5,2026-09-08 03:47:43,,,,синий,0,0,,,,2026-09-21T14:15:25+03:00
wildberries,163352692,1634552164,Баракат-текс,Полотенце кухонное вафельное набор 4 шт 35х70 см,eIC2PHLnTQHYOebLY1At,5,2026-09-08 03:46:11,,,,синий,0,0,,,,2026-09-21T14:15:25+03:00
wildberries,163352692,1634552164,Баракат-текс,Полотенце кухонное вафельное набор 4 шт 35х70 см,lqYdjltT7awoxfWaTGN3,5,2026-09-08 02:34:39,"Брала на подарок. Красивые, мягкая, нежная ткань. Рекомендую.",,,Кофейный · 32х60 см,0,0,,,,2026-09-21T14:15:25+03:00
wildberries,163352692,1634552164,Баракат-текс,Полотенце кухонное вафельное набор 4 шт 35х70 см,YHTiRe5dgJgPMhBzZucq,5,2026-09-07 16:02:40,"Очень мягкие, как на фото.  Спасибо.",,,Бордовый · 32х60 см,0,0,,,,2026-09-21T14:15:25+03:00
wildberries,163352692,1634552164,Баракат-текс,Полотенце кухонное вафельное набор 4 шт 35х70 см,26kXiANPwPHMQTXqLlld,5,2026-09-07 14:56:29,,,,"Бежевый, мокко · 35х70 см",0,0,,,,2026-09-21T14:15:25+03:00
wildberries,163352692,1634552164,Баракат-текс,Полотенце кухонное вафельное набор 4 шт 35х70 см,WhHuWQxBfOwGct9f2eGr,5,2026-09-07 12:51:14,"Полотенца просто огонь,мягкие,красивые,все как в описании. Выглядят дорого,очень рекомендую, я в восторге",,,"Бежевый, мокко · 35х70 см",0,0,,,,2026-09-21T14:15:25+03:00
wildberries,163352692,1634552164,Баракат-текс,Полотенце кухонное вафельное набор 4 шт 35х70 см,wgQpZBEI1l8EfLqtcmNj,5,2026-09-07 12:45:06,"Очень нравится эта серия, беру второй раз, довольна качеством👍🏻хозяюшки, советую",,,голубой,,0,,,,2026-09-21T14:15:25+03:00
wildberries,163352692,1634552164,Баракат-текс,Полотенце кухонное вафельное набор 4 шт 35х70 см,MqX5NvJMvHg3VWgxKLDr,3,2026-09-07 12:00:20,Очень линяет при первой стирке,,,Голубой · 35х70 см,0,0,,,,2026-09-21T14:15:25+03:00
wildberries,163352692,1634552164,Баракат-текс,Полотенце кухонное вафельное набор 4 шт 35х70 см,Xpxi43Og7HGRIMmkkkAc,5,2026-09-07 11:44:09,Красиво! Спасибо,,,Красный · 32х60 см,0,0,,,,2026-09-21T14:15:25+03:00
wildberries,163352692,1634552164,Баракат-текс,Полотенце кухонное вафельное набор 4 шт 35х70 см,F6xkXfrh6d2MDVx2P6pg,5,2026-09-07 11:43:52,Красиво! Спасибо,,,Кофейный · 32х60 см,0,0,,,,2026-09-21T14:15:25+03:00
wildberries,163352692,1634552164,Баракат-текс,Полотенце кухонное вафельное набор 4 шт 35х70 см,ZCG014jXdtyQd5CoOans,5,2026-09-07 10:57:40,,Качество на 5+,,Голубой · 35х70 см,0,0,,,,2026-09-21T14:15:25+03:00
wildberries,163352692,1634552164,Баракат-текс,Полотенце кухонное вафельное набор 4 шт 35х70 см,NWWWUXFlkrDFDQXBXmml,5,2026-09-07 10:45:12,Отличные полотенчики,,,Кофейный · 32х60 см,0,0,,,,2026-09-21T14:15:25+03:00
wildberries,163352692,1634552164,Баракат-текс,Полотенце кухонное вафельное набор 4 шт 35х70 см,dfb0nXLqRrnlC5GoIhbc,5,2026-09-07 10:19:19,"Уже писала ранее отзыв по ним, полотенце хорошее во всех отношениях, себе набрала, взяла теперь дочери",,,Красный · 32х60 см,0,0,,,,2026-09-21T14:15:25+03:00
wildberries,163352692,1634552164,Баракат-текс,Полотенце кухонное вафельное набор 4 шт 35х70 см,0XSX23ao6wPxyOrCgiK3,5,2026-09-07 08:50:56,,,,коричневый,,0,,,,2026-09-21T14:15:25+03:00
wildberries,163352692,1634552164,Баракат-текс,Полотенце кухонное вафельное набор 4 шт 35х70 см,4IPs58DwbgUwJdpnOqWY,4,2026-09-07 07:51:10,,,"На таких полотенчиках должна быть  обязательно петелька, Цвет не соответствует карточке товара, в реале светлый капучино. Размер также не соответствует, заявлено 35×75, в реале 34×68, а ещё усадка после стирки и что получается? Цена завышена.","Мокко, светлое какао · 35х70 см",0,0,,,,2026-09-21T14:15:25+03:00
wildberries,163352692,1634552164,Баракат-текс,Полотенце кухонное вафельное набор 4 шт 35х70 см,HTJA5korzLRmCk5Fe6Px,5,2026-09-07 07:30:47,,,,Синий · 35х70 см,0,0,,,,2026-09-21T14:15:25+03:00
wildberries,163352692,1634552164,Баракат-текс,Полотенце кухонное вафельное набор 4 шт 35х70 см,ofwglUQQZy7hVvjDx24y,5,2026-09-07 03:21:04,Супер!такие и хотела,,,розовый,,0,,,,2026-09-21T14:15:25+03:00
wildberries,163352692,1634552164,Баракат-текс,Полотенце кухонное вафельное набор 4 шт 35х70 см,6VppHoJQvNfT7lkHprqq,5,2026-09-06 23:21:45,,,,Синий · 32х60 см,0,0,,,,2026-09-21T14:15:25+03:00
wildberries,163352692,1634552164,Баракат-текс,Полотенце кухонное вафельное набор 4 шт 35х70 см,I4qwaGSrb1jWZllDzbSu,5,2026-09-06 18:25:12,,,,Синий · 32х60 см,0,0,,,,2026-09-21T14:15:25+03:00
wildberries,163352692,1634552164,Баракат-текс,Полотенце кухонное вафельное набор 4 шт 35х70 см,iign7Xi5ZJitzGf94Czz,5,2026-09-06 17:15:15,,,,Бежевый · 35х70 см,0,0,,,,2026-09-21T14:15:25+03:00
wildberries,163352692,1634552164,Баракат-текс,Полотенце кухонное вафельное набор 4 шт 35х70 см,LoySnjPoCgcvHJFuDmbQ,5,2026-09-06 14:22:56,,,,Синий · 32х60 см,0,0,,,,2026-09-21T14:15:25+03:00
wildberries,163352692,1634552164,Баракат-текс,Полотенце кухонное вафельное набор 4 шт 35х70 см,2DXbUQeta6a0Iyh3OJW7,5,2026-09-06 13:50:05,,,,Синий · 35х70 см,0,0,,,,2026-09-21T14:15:25+03:00
wildberries,163352692,1634552164,Баракат-текс,Полотенце кухонное вафельное набор 4 шт 35х70 см,c4E854WAmYQsTS9ULtgS,5,2026-09-06 13:04:44,Классные полотенца.,,,Ментол · 35х70 см,0,0,,,,2026-09-21T14:15:25+03:00
wildberries,163352692,1634552164,Баракат-текс,Полотенце кухонное вафельное набор 4 шт 35х70 см,Jk4mqOvHBHbMtMMXonBG,5,2026-09-06 12:57:11,,"Хорошее качество, посмотрим как будет в использовании",,Бордовый · 32х60 см,0,0,,,,2026-09-21T14:15:25+03:00
wildberries,163352692,1634552164,Баракат-текс,Полотенце кухонное вафельное набор 4 шт 35х70 см,WMz3YVbJwWeicusIOddm,5,2026-09-06 10:36:31,,,,Белый · 35х70 см,0,0,,,,2026-09-21T14:15:25+03:00
wildberries,163352692,1634552164,Баракат-текс,Полотенце кухонное вафельное набор 4 шт 35х70 см,bZw1elEChjaOcNxnsRWu,5,2026-09-06 10:36:31,,,,Синий · 35х70 см,0,0,,,,2026-09-21T14:15:25+03:00
wildberries,163352692,1634552164,Баракат-текс,Полотенце кухонное вафельное набор 4 шт 35х70 см,atkCVW0J2sn5BZvvN94F,5,2026-09-06 10:35:54,,,,Серый · 35х70 см,0,0,,,,2026-09-21T14:15:25+03:00
wildberries,163352692,1634552164,Баракат-текс,Полотенце кухонное вафельное набор 4 шт 35х70 см,YIK5eQPh9CdhxQkR2WV9,5,2026-09-06 10:23:57,🔥🔥🔥,,,Синий · 32х60 см,0,0,,,,2026-09-21T14:15:25+03:00
wildberries,163352692,1634552164,Баракат-текс,Полотенце кухонное вафельное набор 4 шт 35х70 см,8hqZnmF08pzBH1Z1A9aN,5,2026-09-06 10:06:35,Очень хорошие полотенца! Мягкие и качественные! Советую к покупке,,,белый,,0,,,,2026-09-21T14:15:25+03:00
wildberries,163352692,1634552164,Баракат-текс,Полотенце кухонное вафельное набор 4 шт 35х70 см,aIHrZ0IOok3kOw3IAwPh,5,2026-09-06 09:56:10,,,,розовый,,0,,,,2026-09-21T14:15:25+03:00
wildberries,163352692,1634552164,Баракат-текс,Полотенце кухонное вафельное набор 4 шт 35х70 см,0SF17DrwUPtEjqWibriZ,5,2026-09-06 07:38:54,Хорошие полотенца.  Всё отлично,,,Синий · 32х60 см,0,0,,,,2026-09-21T14:15:25+03:00
wildberries,163352692,1634552164,Баракат-текс,Полотенце кухонное вафельное набор 4 шт 35х70 см,6UqDO2JTKOOAFxldWblv,5,2026-09-06 07:29:10,,,,голубой,,0,,,,2026-09-21T14:15:25+03:00
wildberries,163352692,1634552164,Баракат-текс,Полотенце кухонное вафельное набор 4 шт 35х70 см,gQKyFWkOunr96lWMxXmB,5,2026-09-06 07:07:57,,,,"Мокко, светлое какао · 35х70 см",0,0,,,,2026-09-21T14:15:25+03:00
wildberries,163352692,1634552164,Баракат-текс,Полотенце кухонное вафельное набор 4 шт 35х70 см,9hX1oWardsUeiwlfiSQQ,5,2026-09-06 06:38:34,"Всё  отлично, жена довольна. Спасибочки.",,,"Мокко, светлое какао · 35х70 см",0,0,,,,2026-09-21T14:15:25+03:00
wildberries,163352692,1634552164,Баракат-текс,Полотенце кухонное вафельное набор 4 шт 35х70 см,nevGqgHMaC3gM2qHCdsi,5,2026-09-06 06:27:14,,,,Синий · 32х60 см,0,0,,,,2026-09-21T14:15:25+03:00
wildberries,163352692,1634552164,Баракат-текс,Полотенце кухонное вафельное набор 4 шт 35х70 см,It5XIlWGixHvESfjD00r,5,2026-09-06 06:18:16,,,,Ментол · 35х70 см,0,0,,,,2026-09-21T14:15:25+03:00
wildberries,163352692,1634552164,Баракат-текс,Полотенце кухонное вафельное набор 4 шт 35х70 см,kLtYeP2iwoCzr4ikAtk7,4,2026-09-06 03:28:41,,,,"Бежевый, мокко · 35х70 см",0,0,,,,2026-09-21T14:15:25+03:00
wildberries,163352692,1634552164,Баракат-текс,Полотенце кухонное вафельное набор 4 шт 35х70 см,kx5GfCoIyzAIuwEk8coD,5,2026-09-05 16:37:47,"Они такие крутые. Очень симпатичные. Впитывают отлично. Не оставляют ворсинки. Удобный размер. Хорошо стираются, цвет не полинял. Ещё буду заказывать.",,,Красный · 32х60 см,0,0,,,,2026-09-21T14:15:25+03:00
wildberries,163352692,1634552164,Баракат-текс,Полотенце кухонное вафельное набор 4 шт 35х70 см,pYWqeCmH7CrOt6woE76A,5,2026-09-05 15:34:40,,,,Кофейный · 32х60 см,0,0,,,,2026-09-21T14:15:25+03:00
wildberries,163352692,1634552164,Баракат-текс,Полотенце кухонное вафельное набор 4 шт 35х70 см,mdmAfT72D7r5vjxcQNAl,5,2026-09-05 11:15:46,,,,"Синий, серый · 35х70 см",0,0,,,,2026-09-21T14:15:25+03:00
wildberries,163352692,1634552164,Баракат-текс,Полотенце кухонное вафельное набор 4 шт 35х70 см,wSRY4su6UP4i5ejuVv0g,4,2026-09-05 10:19:49,"Полотенца пришли вообще без упаковки, просто в пакете от ВБ.",,,Красный · 32х60 см,0,0,,,,2026-09-21T14:15:25+03:00
wildberries,163352692,1634552164,Баракат-текс,Полотенце кухонное вафельное набор 4 шт 35х70 см,slNnvgna7vTpczhYDBqm,5,2026-09-05 09:35:19,"Мягкое, хорошего качества, отлично впитывает, красивый окрас!",,,Ментол · 35х70 см,0,0,,,,2026-09-21T14:15:25+03:00
wildberries,163352692,1634552164,Баракат-текс,Полотенце кухонное вафельное набор 4 шт 35х70 см,FK3OyHyKVdaUP5wLhnt0,5,2026-09-05 08:06:42,,,,Кофейный · 32х60 см,0,0,,,,2026-09-21T14:15:25+03:00
wildberries,163352692,1634552164,Баракат-текс,Полотенце кухонное вафельное набор 4 шт 35х70 см,hcp6u1FNRJqBKSEtmue8,5,2026-09-05 07:06:35,Супер полртенца впитывает и приятные на ощюп хлопковые,,,Бордовый · 32х60 см,0,0,,,,2026-09-21T14:15:25+03:00
wildberries,163352692,1634552164,Баракат-текс,Полотенце кухонное вафельное набор 4 шт 35х70 см,PW2g7iAXCSlr3rIyBn00,5,2026-09-05 07:00:08,,,,"Бежевый, мокко · 35х70 см",0,0,,,,2026-09-21T14:15:25+03:00
wildberries,163352692,1634552164,Баракат-текс,Полотенце кухонное вафельное набор 4 шт 35х70 см,gu3Fh7Gv2jfSrEb7LtMB,5,2026-09-04 19:37:37,"Красивые, т.к. не люблю цветастые полотенца. Удобный размер, петелька посередине.",,,Синий · 32х60 см,0,0,,,,2026-09-21T14:15:25+03:00
wildberries,163352692,1634552164,Баракат-текс,Полотенце кухонное вафельное набор 4 шт 35х70 см,3nSfAnEuSzMq58w6loys,5,2026-09-04 19:35:44,"Удобный размер, петелька посередине, красивые",,,Кофейный · 32х60 см,0,0,,,,2026-09-21T14:15:25+03:00
wildberries,163352692,1634552164,Баракат-текс,Полотенце кухонное вафельное набор 4 шт 35х70 см,jcO4jg2brKz6NDYFQ0ff,5,2026-09-04 18:42:28,,,,серый,0,0,,,,2026-09-21T14:15:25+03:00
wildberries,163352692,1634552164,Баракат-текс,Полотенце кухонное вафельное набор 4 шт 35х70 см,tbGcUDeQsKC6KxPLlQYn,5,2026-09-04 17:27:30,,,,Синий · 32х60 см,0,0,,,,2026-09-21T14:15:25+03:00
wildberries,163352692,1634552164,Баракат-текс,Полотенце кухонное вафельное набор 4 шт 35х70 см,FdZTRciMSclQFB9OKq7Y,4,2026-09-04 16:31:45,"Полотена понравились,мягкие,кра ивые.Звезду сняла так как на одном полотенце есть пятно . Не стала отказываться.Надеюсь отстирается.",,,Кофейный · 32х60 см,0,0,,,,2026-09-21T14:15:25+03:00
wildberries,163352692,1634552164,Баракат-текс,Полотенце кухонное вафельное набор 4 шт 35х70 см,ZvN1kuqas4px7vF5JMax,5,2026-09-04 15:59:19,Впитывают хорошо,,,Голубой · 35х70 см,0,0,,,,2026-09-21T14:15:25+03:00
wildberries,163352692,1634552164,Баракат-текс,Полотенце кухонное вафельное набор 4 шт 35х70 см,sZMlhghzra00DSUhzOrj,5,2026-09-04 15:58:37,Очень хорошо впитавают,,,Голубой · 35х70 см,0,0,,,,2026-09-21T14:15:25+03:00
wildberries,163352692,1634552164,Баракат-текс,Полотенце кухонное вафельное набор 4 шт 35х70 см,BfbGeHNTjCTOSICasqQz,5,2026-09-04 15:12:45,"Брала естественно из за рисунка, по качеству такие средние",,,Кофейный · 32х60 см,0,0,,,,2026-09-21T14:15:25+03:00
wildberries,163352692,1634552164,Баракат-текс,Полотенце кухонное вафельное набор 4 шт 35х70 см,jM7QUHjjMQQVIjxCrJpW,5,2026-09-04 14:35:37,"Отличные полотенца, спасибо",,,Кофейный · 32х60 см,0,0,,,,2026-09-21T14:15:25+03:00
wildberries,163352692,1634552164,Баракат-текс,Полотенце кухонное вафельное набор 4 шт 35х70 см,MteTtwFltB1GbT4Qsb1T,5,2026-09-04 14:32:39,,,,Розовый · 35х70 см,0,0,,,,2026-09-21T14:15:25+03:00
wildberries,163352692,1634552164,Баракат-текс,Полотенце кухонное вафельное набор 4 шт 35х70 см,UO7X2AtQIkqOORK10c65,5,2026-09-04 13:32:14,На ощупь мягкие и приятные. Выглядит отлично,,,Синий · 32х60 см,0,0,,,,2026-09-21T14:15:25+03:00
wildberries,163352692,1634552164,Баракат-текс,Полотенце кухонное вафельное набор 4 шт 35х70 см,bd5jefgB2NFKIoIrU2dt,5,2026-09-04 12:12:33,,Отличные полотенца!,,Синий · 35х70 см,0,0,,,,2026-09-21T14:15:25+03:00
wildberries,163352692,1634552164,Баракат-текс,Полотенце кухонное вафельное набор 4 шт 35х70 см,12fgvB8McLpOL2JgBlSN,5,2026-09-04 11:33:43,"Товар понравился, премиумкласса состав и качество.",,,"Бежевый, мокко · 35х70 см",0,0,,,,2026-09-21T14:15:25+03:00
wildberries,163352692,1634552164,Баракат-текс,Полотенце кухонное вафельное набор 4 шт 35х70 см,ikuoy26vMN5QOzhN5EPc,5,2026-09-04 11:30:54,"Мягонькие полотенчики, но грязноватые. Почему-то пришли не упакованные, а в раскрытом пакете. После стирки ещё и распушились.",,,Синий · 32х60 см,0,0,,,,2026-09-21T14:15:25+03:00
wildberries,163352692,1634552164,Баракат-текс,Полотенце кухонное вафельное набор 4 шт 35х70 см,LP9ewTMmFWd7uVx5gXgY,5,2026-09-04 11:30:13,,,,Голубой · 35х70 см,0,0,,,,2026-09-21T14:15:25+03:00
wildberries,163352692,1634552164,Баракат-текс,Полотенце кухонное вафельное набор 4 шт 35х70 см,ZGY27N0VPDWk0UExoA4D,5,2026-09-04 10:08:52,,,,Кофейный · 32х60 см,0,0,,,,2026-09-21T14:15:25+03:00
wildberries,163352692,1634552164,Баракат-текс,Полотенце кухонное вафельное набор 4 шт 35х70 см,UxntYPvlv0RkjSHN9ktq,5,2026-09-04 10:08:18,,,,Бордовый · 32х60 см,0,0,,,,2026-09-21T14:15:25+03:00
wildberries,163352692,1634552164,Баракат-текс,Полотенце кухонное вафельное набор 4 шт 35х70 см,GQD3Q1Gj7GDYlGnbM8wL,5,2026-09-04 09:54:21,"Хорошие плотные полотенца. Купил в прошлом месяце, жена попользовалась и захотела ещё таких полотенец.",,,Бежевый · 35х70 см,0,0,,,,2026-09-21T14:15:25+03:00
wildberries,163352692,1634552164,Баракат-текс,Полотенце кухонное вафельное набор 4 шт 35х70 см,WQpZPjunyKTXKeC5XKnI,5,2026-09-04 04:46:59,,,,красный,0,0,,,,2026-09-21T14:15:25+03:00
wildberries,163352692,1634552164,Баракат-текс,Полотенце кухонное вафельное набор 4 шт 35х70 см,x6NSbQdfytS9E5CnVTm6,5,2026-09-03 18:02:17,,,,Розовый · 35х70 см,0,0,,,,2026-09-21T14:15:25+03:00
wildberries,163352692,1634552164,Баракат-текс,Полотенце кухонное вафельное набор 4 шт 35х70 см,qJMN0rtqgBMmXCXRipzy,5,2026-09-03 17:57:21,,,,Синий · 35х70 см,0,0,,,,2026-09-21T14:15:25+03:00
wildberries,163352692,1634552164,Баракат-текс,Полотенце кухонное вафельное набор 4 шт 35х70 см,z2OFV5RsBQyhXoWyacfZ,5,2026-09-03 15:22:18,"Хорошее качество, мне нравится 👍 спасибо большое продавцу 👍 рекомендую 👍",,,Ментол · 35х70 см,0,0,,,,2026-09-21T14:15:25+03:00
wildberries,163352692,1634552164,Баракат-текс,Полотенце кухонное вафельное набор 4 шт 35х70 см,BzsUIVVF2nXdu55u69CE,5,2026-09-03 15:15:31,,,,Серый · 35х70 см,0,0,,,,2026-09-21T14:15:25+03:00
wildberries,163352692,1634552164,Баракат-текс,Полотенце кухонное вафельное набор 4 шт 35х70 см,ZzkQyY1nHdkEWmjZfZZY,5,2026-09-03 14:07:22,"Отличные полотенца, не садятся, не деформируются",,,Серый · 35х70 см,0,0,,,,2026-09-21T14:15:25+03:00
wildberries,163352692,1634552164,Баракат-текс,Полотенце кухонное вафельное набор 4 шт 35х70 см,Sp41DyGGIkoQ7Fq5nBrN,5,2026-09-03 14:02:32,Хорошие кухонные полотенца,,,розовый,0,0,,,,2026-09-21T14:15:25+03:00
wildberries,163352692,1634552164,Баракат-текс,Полотенце кухонное вафельное набор 4 шт 35х70 см,hCPQ6SsmmbXxFIbp3E3k,5,2026-09-03 13:18:15,,,,бежевый,0,0,,,,2026-09-21T14:15:25+03:00
wildberries,163352692,1634552164,Баракат-текс,Полотенце кухонное вафельное набор 4 шт 35х70 см,63UyIPPghTKIXvuugH3i,5,2026-09-03 12:58:28,"Беру второй комплект. Очень нравятся полотенца, мягкие, впитывающие. Хотелось бы и синий комплект , но дороговато.",,,Кофейный · 32х60 см,0,0,,,,2026-09-21T14:15:25+03:00
wildberries,243756170,159657202,Letto,Полотенце махровое для лица и рук 50х90см набор 2 шт,vIk3RYKSFQFt1uS8IL68,2,2026-09-21 10:35:59,Плохо впитывает влагу,,,Сталь · 50х90 см,0,0,,,,2026-09-21T14:15:25+03:00
wildberries,243756170,159657202,Letto,Полотенце махровое для лица и рук 50х90см набор 2 шт,V5E6pIPDCVQVUmellF9E,5,2026-09-21 10:34:10,"Полотенце очень мягкое, качество очень хорошее",,,"Лавандовый, фуксия · 50х90 см",0,0,,,,2026-09-21T14:15:25+03:00
wildberries,243756170,159657202,Letto,Полотенце махровое для лица и рук 50х90см набор 2 шт,mNING25mptA8udiz0pAy,5,2026-09-21 10:28:19,👏👍,,,"Лавандовый, фуксия · 50х90 см",0,0,,,,2026-09-21T14:15:25+03:00
wildberries,243756170,159657202,Letto,Полотенце махровое для лица и рук 50х90см набор 2 шт,8ihH4Y3ElgIQ4Cr3wCCE,5,2026-09-21 10:26:09,👍👏,,,"Желтый, оранжевый · 50х90 см",0,0,,,,2026-09-21T14:15:25+03:00
wildberries,243756170,159657202,Letto,Полотенце махровое для лица и рук 50х90см набор 2 шт,id6jUKWdN8eTLpOx9MRw,5,2026-09-21 10:04:48,Отличные полотенчики за такую цену.,,,"Сиреневый, изумрудный · 50х90 см",0,0,,,,2026-09-21T14:15:25+03:00
wildberries,243756170,159657202,Letto,Полотенце махровое для лица и рук 50х90см набор 2 шт,VU6reQWR9I1nfBD1Arfb,5,2026-09-21 09:56:30,"Уже брала такие, понравились, думаю заказать ещё, не линяют и не садятся",,,"Желтый, оранжевый · 50х90 см",0,0,,,,2026-09-21T14:15:25+03:00
wildberries,243756170,159657202,Letto,Полотенце махровое для лица и рук 50х90см набор 2 шт,4Mv8pbved4CyWKNKfsdS,5,2026-09-21 09:44:27,,,,"Горький шоколад, бежевый · 50х90 см",0,0,,,,2026-09-21T14:15:25+03:00
wildberries,243756170,159657202,Letto,Полотенце махровое для лица и рук 50х90см набор 2 шт,UxADmbbpOVcunkXTQe7P,5,2026-09-21 09:43:13,"Не тонкие, но и не толстые. Все понравилось.",,,серый,,0,,,,2026-09-21T14:15:25+03:00
wildberries,243756170,159657202,Letto,Полотенце махровое для лица и рук 50х90см набор 2 шт,l7bx3OGeWsCjvs1bUqD5,5,2026-09-21 09:26:17,,"Мягкие,приятные,без запаха.Все отлично,закажу ещё.",,"Какао, бежевый · 50х90 см",0,0,,,,2026-09-21T14:15:25+03:00
wildberries,243756170,159657202,Letto,Полотенце махровое для лица и рук 50х90см набор 2 шт,JsEYeSxfZ9lqBdp9HmyB,5,2026-09-21 08:59:13,"Размер устроил, хорошо впитывает воду, мягкое.",,,"Серо-голубой, серо-синий · 50х90 см",0,0,,,,2026-09-21T14:15:25+03:00
wildberries,243756170,159657202,Letto,Полотенце махровое для лица и рук 50х90см набор 2 шт,pTxBDYdDnfRDKKLlza9W,5,2026-09-21 08:56:58,,,,"Лавандовый, фуксия · 50х90 см",0,0,,,,2026-09-21T14:15:25+03:00
wildberries,243756170,159657202,Letto,Полотенце махровое для лица и рук 50х90см набор 2 шт,fBJlwWtbfo7IJ7tWZuMx,5,2026-09-21 08:48:33,Покупала для подарка родне - отлично!,,,"Какао, бежевый · 50х90 см",0,0,,,,2026-09-21T14:15:25+03:00
wildberries,243756170,159657202,Letto,Полотенце махровое для лица и рук 50х90см набор 2 шт,ykseNziv4BRaETdrJWiI,5,2026-09-21 08:32:53,,,,"Желтый, оранжевый · 50х90 см",0,0,,,,2026-09-21T14:15:25+03:00
wildberries,243756170,159657202,Letto,Полотенце махровое для лица и рук 50х90см набор 2 шт,3CFINzCfTs7qY6HsIUD5,5,2026-09-21 08:31:12,Качество хорошее.,,,Бежевый · 50х90 см,0,0,,,,2026-09-21T14:15:25+03:00
wildberries,243756170,159657202,Letto,Полотенце махровое для лица и рук 50х90см набор 2 шт,sMcpo1SsLrkKUs15RA0o,5,2026-09-21 08:01:07,,,,"Желтый, оранжевый · 50х90 см",0,0,,,,2026-09-21T14:15:25+03:00
wildberries,243756170,159657202,Letto,Полотенце махровое для лица и рук 50х90см набор 2 шт,s8wWxAHS5XE4vaoME123,5,2026-09-21 07:55:57,"Добрый день 🌹Ранее купила два полотенца, очень понравились, хорошо впитывают влагу 👍 Заказала ещё три упаковки (по 2шт), очень довольна своим приобретением!!! Рекомендую товар продавца к покупке, берите девочки не пожалеете 🔥🌹❤️",,,"Лавандовый, фуксия · 50х90 см",0,0,,,,2026-09-21T14:15:25+03:00
wildberries,243756170,159657202,Letto,Полотенце махровое для лица и рук 50х90см набор 2 шт,qDyIGTcTDJa1E9dbnUtM,5,2026-09-21 07:53:15,"Добрый, день!!! Первый раз купила два полотенца, осталась довольна покупкой и заказала ещё 6 штук 👍 Хорошо впитывают влагу, рекомендую к покупке! Спасибо продавцу за быструю доставку и качественный товар 👍Девочки берите не пожалеете 🔥🌹❤️",,,"Лавандовый, фуксия · 50х90 см",0,0,,,,2026-09-21T14:15:25+03:00
wildberries,243756170,159657202,Letto,Полотенце махровое для лица и рук 50х90см набор 2 шт,OufoHcOWbzzWrT78VbLy,5,2026-09-21 07:25:38,Очень хорошие полотенца,,,"Лавандовый, фуксия · 50х90 см",0,0,,,,2026-09-21T14:15:25+03:00
wildberries,243756170,159657202,Letto,Полотенце махровое для лица и рук 50х90см набор 2 шт,21TD2UZzS4ViB3AeWWkX,5,2026-09-21 07:19:58,"Полотенца понравились,недостаток в упаковке: рваный открытый пакет",,,Лавандово-розовый · 50х90 см,0,0,,,,2026-09-21T14:15:25+03:00
wildberries,243756170,159657202,Letto,Полотенце махровое для лица и рук 50х90см набор 2 шт,3Ld9JQhWSX5Tev9nEdxE,5,2026-09-21 06:24:45,,,,Лавандово-розовый · 50х90 см,0,0,,,,2026-09-21T14:15:25+03:00
wildberries,243756170,159657202,Letto,Полотенце махровое для лица и рук 50х90см набор 2 шт,QCu6MNerJcUV1y3xOJBj,5,2026-09-21 06:15:02,Всё отлично. Спасибо,,,желтый,0,0,,,,2026-09-21T14:15:25+03:00
wildberries,243756170,159657202,Letto,Полотенце махровое для лица и рук 50х90см набор 2 шт,rGasqPtzG5qEpaRq5Lmm,5,2026-09-21 06:13:52,Классные полотенца👍. Спасибо продавцу. Рекомендую,,,желтый,0,0,,,,2026-09-21T14:15:25+03:00
wildberries,243756170,159657202,Letto,Полотенце махровое для лица и рук 50х90см набор 2 шт,pJQnjODPrBUqFVaZwe6l,5,2026-09-21 05:58:47,,,,голубой,0,0,,,,2026-09-21T14:15:25+03:00
wildberries,243756170,159657202,Letto,Полотенце махровое для лица и рук 50х90см набор 2 шт,8oA9EhctiRFgvg33vV61,5,2026-09-21 05:27:03,Полотенца отличные. Уже покупала такие только другой расцветки.,,,"Какао, бежевый · 50х90 см",0,0,,,,2026-09-21T14:15:25+03:00
wildberries,243756170,159657202,Letto,Полотенце махровое для лица и рук 50х90см набор 2 шт,THdjgnMegoUcr4IiBCuE,5,2026-09-21 05:16:11,,,,Изумрудный · 50х90 см,0,0,,,,2026-09-21T14:15:25+03:00
wildberries,243756170,159657202,Letto,Полотенце махровое для лица и рук 50х90см набор 2 шт,OzcYUtgkazQ9kRrZ33BX,5,2026-09-21 03:50:25,Мягкие тонкие полотенца,,,синий,0,0,,,,2026-09-21T14:15:25+03:00
wildberries,243756170,159657202,Letto,Полотенце махровое для лица и рук 50х90см набор 2 шт,uGTbBOENgtQ2tkkzknsQ,5,2026-09-21 02:13:53,Полотенце очень даже хорошее мне понравилось спасибо продавцу рекомендую 👍,,,Изумрудный · 50х90 см,0,0,,,,2026-09-21T14:15:25+03:00
wildberries,243756170,159657202,Letto,Полотенце махровое для лица и рук 50х90см набор 2 шт,uBpMj78aFWAJTlXZJjYH,5,2026-09-21 02:10:16,"Очень люблю эти полотенца,мягкие,впитывают хорошо,купила почти все наборы",,,Лавандово-розовый · 50х90 см,0,0,,,,2026-09-21T14:15:25+03:00
wildberries,243756170,159657202,Letto,Полотенце махровое для лица и рук 50х90см набор 2 шт,mlCrxlSturPcRlAuxkWx,5,2026-09-20 21:27:14,"Набор замечательный! Покупаю уже не первый раз, брала на подарки. Спасибо. Рекомендую.",,,"Синий, ярко-голубой · 50х90 см",0,0,,,,2026-09-21T14:15:25+03:00
wildberries,243756170,159657202,Letto,Полотенце махровое для лица и рук 50х90см набор 2 шт,EIpDz4KvjeQkpLcxva8x,3,2026-09-20 20:10:40,"Остаются фрагменты нитей на теле. Кусочки такие... Мелкие. При Ближнем рассмотрении поняла, что махра не петлевая, а просто торчат нитки, которые и остаются частичками на теле.  Нужно было на пункте выдачи рассмотреть ткань более внимательно.  Больше такие не закажу, хоть и плотные, и вытирают нормально.",,,"Темно-серый, черный · 50х90 см",0,0,,,,2026-09-21T14:15:25+03:00
wildberries,243756170,159657202,Letto,Полотенце махровое для лица и рук 50х90см набор 2 шт,W9u145c0goLAbTMksQbI,5,2026-04-27 08:46:57,Хорошие полотенца за эту цену. Достаточно густые. Хлопок отлично впитывает. Посторонних запахов нет.  Тёмные как раз руки вытирать.,,,"Темно-серый, черный · 50х90 см",0,0,,,,2026-09-21T14:15:25+03:00
wildberries,243756170,159657202,Letto,Полотенце махровое для лица и рук 50х90см набор 2 шт,g95eQKROfVkVRbQyPe0E,5,2026-09-20 19:14:11,"Отличные полотенца, беру уже не первый раз. Мягкие, пушистые, не линяют, хорошо впитывают. Но цвет отличается от фото, имейте ввиду, так же нет петельки. В остальном все супер 👌🏽",,,бежевый,,1,,,,2026-09-21T14:15:25+03:00
wildberries,243756170,159657202,Letto,Полотенце махровое для лица и рук 50х90см набор 2 шт,7qy0MNrJk6xPBAO9gf5N,5,2026-09-20 19:10:37,"Полотенце хорошее , мягкое, хорошо впитывает, при стирке цвет не поменялся.",,,"Бежевый, светло-коричневый · 50х90 см",0,0,,,,2026-09-21T14:15:25+03:00
wildberries,243756170,159657202,Letto,Полотенце махровое для лица и рук 50х90см набор 2 шт,eGFYrYX1y9cs8NZSjG5Z,5,2026-09-13 06:04:38,,,,"Бежевый, светло-коричневый · 50х90 см",0,0,,,,2026-09-21T14:15:25+03:00
wildberries,243756170,159657202,Letto,Полотенце махровое для лица и рук 50х90см набор 2 шт,t1jBtOkHHI0HymL27OJN,5,2026-09-20 19:08:48,"При стирке цвет не поменял, мягкие хорошие.",,,"Сиреневый, изумрудный · 50х90 см",0,0,,,,2026-09-21T14:15:25+03:00
wildberries,243756170,159657202,Letto,Полотенце махровое для лица и рук 50х90см набор 2 шт,zr0Y3l3ld8OwfKklfjJt,5,2026-09-20 18:47:47,Хорошее полотенце.,,,"Сиреневый, изумрудный · 50х90 см",0,0,,,,2026-09-21T14:15:25+03:00
wildberries,243756170,159657202,Letto,Полотенце махровое для лица и рук 50х90см набор 2 шт,FTBwR3bZyboKTV2ni4Wf,5,2026-09-20 18:42:57,"Заказывала в дополнение к банному  полотенцу. По цвету совпали, размер соответствует заявленному. Очень нравятся.",,,Лавандово-розовый · 50х90 см,0,0,,,,2026-09-21T14:15:25+03:00
wildberries,243756170,159657202,Letto,Полотенце махровое для лица и рук 50х90см набор 2 шт,vMuCzf9TnTf0zLzZliO1,4,2026-09-20 18:35:04,,,,"Лавандовый, фуксия · 50х90 см",0,0,,,,2026-09-21T14:15:25+03:00
wildberries,243756170,159657202,Letto,Полотенце махровое для лица и рук 50х90см набор 2 шт,h6XhWifcUUvZGuoDrsOO,5,2026-09-20 18:28:02,"Хорошие полотенца, качественные. Плотность скорее 380, чем 420",,,"Бежевый, светло-коричневый · 50х90 см",0,0,,,,2026-09-21T14:15:25+03:00
wildberries,243756170,159657202,Letto,Полотенце махровое для лица и рук 50х90см набор 2 шт,kMtMZvsJtzoIVR8frCXK,5,2026-09-20 18:22:28,,,,Белый · 50х90 см,0,0,,,,2026-09-21T14:15:25+03:00
wildberries,243756170,159657202,Letto,Полотенце махровое для лица и рук 50х90см набор 2 шт,xckmn8fT2zuRD6ekfwzZ,5,2026-09-20 18:22:19,,,,"Синий, ярко-голубой · 50х90 см",0,0,,,,2026-09-21T14:15:25+03:00
wildberries,243756170,159657202,Letto,Полотенце махровое для лица и рук 50х90см набор 2 шт,10SvhFmo8tKXdWl9zkKl,5,2026-09-20 18:13:19,,,,"Синий, ярко-голубой · 50х90 см",0,0,,,,2026-09-21T14:15:25+03:00
wildberries,243756170,159657202,Letto,Полотенце махровое для лица и рук 50х90см набор 2 шт,YMOTz0D9UjXRkpkxPh49,5,2026-09-20 18:03:37,,,,фиолетовый,,0,,,,2026-09-21T14:15:25+03:00
wildberries,243756170,159657202,Letto,Полотенце махровое для лица и рук 50х90см набор 2 шт,lFCmixsPvBlH9H3BBqh1,5,2026-09-20 18:01:59,"Сразу как стеклянные, но после стирки вполне довольна качеством.  Впитывают нормально. По цене и качество Спасибо",,,Сталь · 50х90 см,0,0,,,,2026-09-21T14:15:25+03:00
wildberries,243756170,159657202,Letto,Полотенце махровое для лица и рук 50х90см набор 2 шт,pS1G5Gq2gQdgKZFn3ae4,5,2026-09-20 18:01:52,"Сразу как стеклянные, но после стирки вполне довольна качеством.  Впитывают нормально. По цене и качество Спасибо",,,"Какао, бежевый · 50х90 см",0,0,,,,2026-09-21T14:15:25+03:00
wildberries,243756170,159657202,Letto,Полотенце махровое для лица и рук 50х90см набор 2 шт,rg905gCoacQSJMMCuUii,5,2026-09-20 18:01:45,"Сразу как стеклянные, но после стирки вполне довольна качеством.  Впитывают нормально. По цене и качество Спасибо",,,"Серо-голубой, серо-синий · 50х90 см",0,0,,,,2026-09-21T14:15:25+03:00
wildberries,243756170,159657202,Letto,Полотенце махровое для лица и рук 50х90см набор 2 шт,OVaI7AYQB2BSYcDGvBlj,5,2026-09-20 18:01:38,"Сразу как стеклянные, но после стирки вполне довольна качеством.  Впитывают нормально. По цене и качество Спасибо",,,Серо-зеленый · 50х90 см,0,0,,,,2026-09-21T14:15:25+03:00
wildberries,243756170,159657202,Letto,Полотенце махровое для лица и рук 50х90см набор 2 шт,lYNHcPSlEbgCRDgi1Qnz,5,2026-09-20 18:01:27,"Сразу как стеклянные, но после стирки вполне довольна качеством.  Впитывают нормально. По цене и качество Спасибо",,,"Сталь, темно-серый · 50х90 см",0,0,,,,2026-09-21T14:15:25+03:00
wildberries,243756170,159657202,Letto,Полотенце махровое для лица и рук 50х90см набор 2 шт,mLR2V0th2MiKI5PtQFBO,5,2026-09-20 18:00:16,,,,Лавандово-розовый · 50х90 см,0,0,,,,2026-09-21T14:15:25+03:00
wildberries,243756170,159657202,Letto,Полотенце махровое для лица и рук 50х90см набор 2 шт,El5H8DsdPW1LhPui0z7L,5,2026-09-20 17:57:14,Узбекистан 👍,,,Сталь · 50х90 см,0,0,,,,2026-09-21T14:15:25+03:00
wildberries,243756170,159657202,Letto,Полотенце махровое для лица и рук 50х90см набор 2 шт,KxVSQSmn7rzbgwkOv1gf,5,2026-09-20 17:48:01,"Полотенца понравились, тонковаты, но качество хорошее.",,,Сиреневый · 50х90 см,0,0,,,,2026-09-21T14:15:25+03:00
wildberries,243756170,159657202,Letto,Полотенце махровое для лица и рук 50х90см набор 2 шт,tKGnpLNTSr8mBgaTawp8,5,2026-09-20 17:33:43,Ожидала лучшего!,,,Белый · 50х90 см,0,0,,,,2026-09-21T14:15:25+03:00
wildberries,243756170,159657202,Letto,Полотенце махровое для лица и рук 50х90см набор 2 шт,41XZ5HSxhvhPF4IhnpnA,5,2026-09-20 17:28:03,"Очень хорошие полотенца. Хлопок. Мягкие, пышные.",,,"Желтый, оранжевый · 50х90 см",0,0,,,,2026-09-21T14:15:25+03:00
wildberries,243756170,159657202,Letto,Полотенце махровое для лица и рук 50х90см набор 2 шт,qV7GaXuSEA68c5kRVmyc,5,2026-09-20 16:34:45,Спасибо за быструю достававку заказа.,,,коричневый,0,0,,,,2026-09-21T14:15:25+03:00
wildberries,243756170,159657202,Letto,Полотенце махровое для лица и рук 50х90см набор 2 шт,Yjj0vIr6qP4VKiTReXjC,5,2026-09-20 16:33:37,"Товар качественный, рекомендую",,,серый,,0,,,,2026-09-21T14:15:25+03:00
wildberries,243756170,159657202,Letto,Полотенце махровое для лица и рук 50х90см набор 2 шт,PTWl1qEXajDPZQtmqwps,5,2026-09-20 16:19:57,,,,коричневый,0,0,,,,2026-09-21T14:15:25+03:00
wildberries,243756170,159657202,Letto,Полотенце махровое для лица и рук 50х90см набор 2 шт,PG1sHdbmBOwEYBPSlCXw,5,2026-09-20 16:11:29,Большое спасибо продавцу,,,Черный · 50х90 см,0,0,,,,2026-09-21T14:15:25+03:00
wildberries,243756170,159657202,Letto,Полотенце махровое для лица и рук 50х90см набор 2 шт,PgcTdiwgYZKX4IRLO0rU,5,2026-09-20 16:01:25,"Мягкие, хорошие",,,Белый · 50х90 см,0,0,,,,2026-09-21T14:15:25+03:00
wildberries,243756170,159657202,Letto,Полотенце махровое для лица и рук 50х90см набор 2 шт,sbaZOPoQoBpP1NISDNci,5,2026-09-20 16:00:23,"Полотенце понравились, но пришли в очень рваном мешке смятые и с пятнами, пришлось отказаться.",,,Белый · 50х90 см,0,0,,,,2026-09-21T14:15:25+03:00
wildberries,243756170,159657202,Letto,Полотенце махровое для лица и рук 50х90см набор 2 шт,lJLBSZOG1pWJYDeIH6AW,5,2026-09-20 14:43:12,,,,белый,,0,,,,2026-09-21T14:15:25+03:00
wildberries,243756170,159657202,Letto,Полотенце махровое для лица и рук 50х90см набор 2 шт,QGZf2kLmr48Avaem3QAd,5,2026-09-20 14:22:44,,,,"Синий, ярко-голубой · 50х90 см",0,0,,,,2026-09-21T14:15:25+03:00
wildberries,243756170,159657202,Letto,Полотенце махровое для лица и рук 50х90см набор 2 шт,o5gE2Z9vUJEs29PXRYtx,5,2026-09-20 14:21:53,,,,Фиолетовый · 50х90 см,0,0,,,,2026-09-21T14:15:25+03:00
wildberries,243756170,159657202,Letto,Полотенце махровое для лица и рук 50х90см набор 2 шт,VkZia5zIuNfcYPKsVWoj,5,2026-09-20 14:21:36,"Полотенца очень хорошие , мягкие , не тонкие , хорошо впитывают , цена вообще супер 👍, рекомендую , еще заказывать буде побольше размер",,,белый,,0,,,,2026-09-21T14:15:25+03:00
wildberries,243756170,159657202,Letto,Полотенце махровое для лица и рук 50х90см набор 2 шт,AqD4uRvcsc1V36oK9TGt,5,2026-09-20 13:48:06,Рекомендую,,,"Какао, бежевый · 50х90 см",0,0,,,,2026-09-21T14:15:25+03:00
wildberries,243756170,159657202,Letto,Полотенце махровое для лица и рук 50х90см набор 2 шт,U8JRdoHodk0kUUt6rKu0,5,2026-09-20 13:47:58,Рекомендую,,,Лавандово-розовый · 50х90 см,0,0,,,,2026-09-21T14:15:25+03:00
wildberries,243756170,159657202,Letto,Полотенце махровое для лица и рук 50х90см набор 2 шт,LLy2UXLVAXllVXj6cKdw,5,2026-09-20 13:30:38,,,,Фиолетовый · 50х90 см,0,0,,,,2026-09-21T14:15:25+03:00
wildberries,243756170,159657202,Letto,Полотенце махровое для лица и рук 50х90см набор 2 шт,MT0YBL5qe3AHZrcxREVp,5,2026-09-20 13:07:00,Хорошие подтенца,,,"Сиреневый, изумрудный · 50х90 см",0,0,,,,2026-09-21T14:15:25+03:00
wildberries,243756170,159657202,Letto,Полотенце махровое для лица и рук 50х90см набор 2 шт,YNuOkEYfMYZfZAf6FaM7,5,2026-09-20 13:00:58,,,,"Лавандовый, фуксия · 50х90 см",0,0,,,,2026-09-21T14:15:25+03:00
wildberries,243756170,159657202,Letto,Полотенце махровое для лица и рук 50х90см набор 2 шт,3i02jnRrVswRRocAi3AN,5,2026-09-20 13:00:49,,,,"Сиреневый, изумрудный · 50х90 см",0,1,,,,2026-09-21T14:15:25+03:00
wildberries,243756170,159657202,Letto,Полотенце махровое для лица и рук 50х90см набор 2 шт,4sjdVxbOavpAWLriDsjC,5,2026-09-20 12:52:15,Цвет и качество на высоте!,,,"Лавандовый, фуксия · 50х90 см",0,0,,,,2026-09-21T14:15:25+03:00
wildberries,243756170,159657202,Letto,Полотенце махровое для лица и рук 50х90см набор 2 шт,oNXWb1kd2pyaEw3lRqKE,5,2026-09-20 12:48:53,хорошие,,,Изумрудный · 50х90 см,0,0,,,,2026-09-21T14:15:25+03:00
wildberries,243756170,159657202,Letto,Полотенце махровое для лица и рук 50х90см набор 2 шт,ViezWYGbcj66bLoC23gp,5,2026-09-20 12:39:52,,,,"Сиреневый, изумрудный · 50х90 см",0,1,,,,2026-09-21T14:15:25+03:00
wildberries,243756170,159657202,Letto,Полотенце махровое для лица и рук 50х90см набор 2 шт,yxIkuP5zoK6U15LHVuW4,5,2026-09-20 12:39:13,,,,"Синий, ярко-голубой · 50х90 см",0,0,,,,2026-09-21T14:15:25+03:00
wildberries,243756170,159657202,Letto,Полотенце махровое для лица и рук 50х90см набор 2 шт,2pSQT7YT3CyeVVjQVfT2,5,2026-09-20 12:28:52,Спасибо большое за такой годный товар!!!,,,Сталь · 50х90 см,0,0,,,,2026-09-21T14:15:25+03:00
wildberries,243756170,159657202,Letto,Полотенце махровое для лица и рук 50х90см набор 2 шт,fOjcUQrfpfra7nEeJJnU,1,2026-09-20 12:01:26,,,,"Желтый, оранжевый · 50х90 см",0,0,,,,2026-09-21T14:15:25+03:00
wildberries,243756170,159657202,Letto,Полотенце махровое для лица и рук 50х90см набор 2 шт,TajrwnHZ4JwWy9bwSttf,3,2026-09-20 11:57:48,,,,серый,,0,,,,2026-09-21T14:15:25+03:00
wildberries,243756170,159657202,Letto,Полотенце махровое для лица и рук 50х90см набор 2 шт,P1Cnhok5HnmsugyqJM51,5,2026-09-20 11:51:03,"Хорошие, мягкие.",,,"Бежевый, светло-коричневый · 50х90 см",0,0,,,,2026-09-21T14:15:25+03:00
wildberries,243756170,159657202,Letto,Полотенце махровое для лица и рук 50х90см набор 2 шт,Z92fEgz4cF8SkwkUvNg9,3,2026-09-20 11:30:40,,,,зеленый,0,0,,,,2026-09-21T14:15:25+03:00
wildberries,243756170,159657202,Letto,Полотенце махровое для лица и рук 50х90см набор 2 шт,QwAOhlQArKQ94pZR4GZ0,5,2026-09-20 11:23:36,Полотенца отличные.,,,"Бежевый, светло-коричневый · 50х90 см",0,0,,,,2026-09-21T14:15:25+03:00
wildberries,243756170,159657202,Letto,Полотенце махровое для лица и рук 50х90см набор 2 шт,F0Pg6HfMFRZcqbvXox4H,5,2026-09-20 11:17:37,"Полотенца отличные 👍 не ожидала что будут такими большими, мягкими и не тонкие. Спасибо продавцу❤",,,"Сиреневый, изумрудный · 50х90 см",0,0,,,,2026-09-21T14:15:25+03:00
wildberries,243756170,159657202,Letto,Полотенце махровое для лица и рук 50х90см набор 2 шт,x9gmu7nUDBDk5mNogJ15,5,2026-09-20 11:11:12,,,,Белый · 50х90 см,0,0,,,,2026-09-21T14:15:25+03:00
wildberries,243756170,159657202,Letto,Полотенце махровое для лица и рук 50х90см набор 2 шт,mRaI0kqsgbbyV1adqVqL,5,2026-09-20 10:42:53,,,,Изумрудный · 50х90 см,0,0,,,,2026-09-21T14:15:25+03:00
wildberries,243756170,159657202,Letto,Полотенце махровое для лица и рук 50х90см набор 2 шт,hCAcTLoUdpWFKWiVCQ0A,5,2026-09-20 10:42:44,,,,"Синий, ярко-голубой · 50х90 см",0,0,,,,2026-09-21T14:15:25+03:00
wildberries,243756170,159657202,Letto,Полотенце махровое для лица и рук 50х90см набор 2 шт,iH04WFCrtjs3AUBOfSDY,5,2026-09-20 10:41:57,,,,"Бежевый, светло-коричневый · 50х90 см",0,0,,,,2026-09-21T14:15:25+03:00
wildberries,243756170,159657202,Letto,Полотенце махровое для лица и рук 50х90см набор 2 шт,wDrDLUso2lPjVuW2UehA,5,2026-09-20 10:36:29,"Мягкие, плотные, красивые полотенца. Заказываю второй раз.",,,Сиреневый · 50х90 см,0,0,,,,2026-09-21T14:15:25+03:00
wildberries,243756170,159657202,Letto,Полотенце махровое для лица и рук 50х90см набор 2 шт,5GOHbUe5unqUMWPaNUC7,5,2026-09-20 10:30:34,"Качество, внешний вид понравилось Все довольны",,,желтый,,0,,,,2026-09-21T14:15:25+03:00
wildberries,243756170,159657202,Letto,Полотенце махровое для лица и рук 50х90см набор 2 шт,SP9ZFAFSsUhCAHhrQTOA,5,2026-09-20 10:14:08,"Хорошие полотенца ,как на фото",,,"Серый, серо-зеленый, темно-серый · 50х90 см",0,0,,,,2026-09-21T14:15:25+03:00
wildberries,243756170,159657202,Letto,Полотенце махровое для лица и рук 50х90см набор 2 шт,NYJstqcyyQ6LB9P3atEH,5,2026-09-20 09:59:10,,,,"Бежевый, светло-коричневый · 50х90 см",0,0,,,,2026-09-21T14:15:25+03:00
wildberries,243756170,159657202,Letto,Полотенце махровое для лица и рук 50х90см набор 2 шт,wmR2h526Yg9ADrLLh9lU,5,2026-09-20 09:58:05,,,,"Какао, бежевый · 50х90 см",0,0,,,,2026-09-21T14:15:25+03:00
wildberries,243756170,159657202,Letto,Полотенце махровое для лица и рук 50х90см набор 2 шт,YVzwYbuD6DzkYNlwheVV,4,2026-09-20 09:12:13,,,,Изумрудный · 50х90 см,0,0,,,,2026-09-21T14:15:25+03:00
wildberries,243756170,159657202,Letto,Полотенце махровое для лица и рук 50х90см набор 2 шт,buC7T2ZaK04SW310pAaS,4,2026-09-20 09:11:57,,,,Какао · 50х90 см,0,0,,,,2026-09-21T14:15:25+03:00
wildberries,243756170,159657202,Letto,Полотенце махровое для лица и рук 50х90см набор 2 шт,PDP70ld8Vc8dC9KCJu81,4,2026-09-20 09:11:49,,,,"Бежевый, светло-коричневый · 50х90 см",0,0,,,,2026-09-21T14:15:25+03:00
wildberries,243756170,159657202,Letto,Полотенце махровое для лица и рук 50х90см набор 2 шт,rEmWpW9KK99ousA4hzmn,5,2026-09-20 09:08:08,Мягкие приятные к телу,,,Лавандово-розовый · 50х90 см,0,0,,,,2026-09-21T14:15:25+03:00
wildberries,243756170,159657202,Letto,Полотенце махровое для лица и рук 50х90см набор 2 шт,zx7nRzFTHkYqP37jZL0E,5,2026-09-20 08:51:37,,,,"Какао, бежевый · 50х90 см",0,0,,,,2026-09-21T14:15:25+03:00
wildberries,243756170,159657202,Letto,Полотенце махровое для лица и рук 50х90см набор 2 шт,mA3DBmlPKVsQ0buRu6Bf,4,2026-09-20 08:49:15,,,,коричневый,0,0,,,,2026-09-21T14:15:25+03:00
wildberries,243756170,159657202,Letto,Полотенце махровое для лица и рук 50х90см набор 2 шт,TmUteVRfheNjaoOkLLof,5,2026-09-20 08:24:05,"Заказывала мужу. Всё отлично, спасибо.",,,"Серо-голубой, серо-синий · 50х90 см",0,0,,,,2026-09-21T14:15:25+03:00
wildberries,243756170,159657202,Letto,Полотенце махровое для лица и рук 50х90см набор 2 шт,udZBgDuQhdFNaAHKApyY,5,2026-09-20 08:22:24,"Пришёл товар раньше. Упакован хорошо. После стирки не изменился. Полотенчики мягонькие,спасибо изготовителю.",,,Какао · 50х90 см,0,0,,,,2026-09-21T14:15:25+03:00
wildberries,243756170,159657202,Letto,Полотенце махровое для лица и рук 50х90см набор 2 шт,z1ndYqFogf1T98iQTr7N,5,2026-09-20 08:18:34,Отличные 👍,,,"Желтый, оранжевый · 50х90 см",0,0,,,,2026-09-21T14:15:25+03:00
wildberries,243756170,159657202,Letto,Полотенце махровое для лица и рук 50х90см набор 2 шт,TnWCmtFuWxJamBcmtIYH,5,2026-09-20 08:17:59,,,,Сталь · 50х90 см,0,0,,,,2026-09-21T14:15:25+03:00
wildberries,243756170,159657202,Letto,Полотенце махровое для лица и рук 50х90см набор 2 шт,ZE58bKQWmDQYjNThFLso,5,2026-09-20 08:09:58,Отличные полотенца,,,"Сиреневый, изумрудный · 50х90 см",0,0,,,,2026-09-21T14:15:25+03:00
wildberries,243756170,159657202,Letto,Полотенце махровое для лица и рук 50х90см набор 2 шт,rROEolQPwRhpz5VmpzFn,5,2026-09-20 08:09:05,Отличные полотенца,,,"Синий, ярко-голубой · 50х90 см",0,0,,,,2026-09-21T14:15:25+03:00
wildberries,243756170,159657202,Letto,Полотенце махровое для лица и рук 50х90см набор 2 шт,bYxjuudqhscNZq8jGU2U,4,2026-09-20 07:56:29,Хорошие полотенца. Все аккуратно сшито. Тоненькие. Покупаю не первый раз. Спасибо продавцу.,,,"Серо-голубой, серо-синий · 50х90 см",0,0,,,,2026-09-21T14:15:25+03:00
wildberries,243756170,159657202,Letto,Полотенце махровое для лица и рук 50х90см набор 2 шт,ZMXknFptQOcmRbEbQmEs,5,2026-09-20 07:39:47,Хорошие . Спасибо,,,Изумрудный · 50х90 см,0,0,,,,2026-09-21T14:15:25+03:00
wildberries,243756170,159657202,Letto,Полотенце махровое для лица и рук 50х90см набор 2 шт,0MoS8dpo2gPe8Wts0bkA,4,2026-09-20 07:33:03,"Хорошие, но тонкие, не плотные",,,"Какао, бежевый · 50х90 см",0,0,,,,2026-09-21T14:15:25+03:00
wildberries,243756170,159657202,Letto,Полотенце махровое для лица и рук 50х90см набор 2 шт,Myl011u7RxlIZC3MdXq3,5,2026-09-20 07:23:25,Очень хорошие полотенце . Запаха нет. Спасибо,,,Лавандово-розовый · 50х90 см,0,0,,,,2026-09-21T14:15:25+03:00
wildberries,243756170,159657202,Letto,Полотенце махровое для лица и рук 50х90см набор 2 шт,Oa0uc7F4uFpsL3wFbfEu,5,2026-09-20 07:10:42,,,,"Серый, темно-серый · 50х90 см",0,0,,,,2026-09-21T14:15:25+03:00
wildberries,243756170,159657202,Letto,Полотенце махровое для лица и рук 50х90см набор 2 шт,4BiLhOcXJ39Kqfsonpfa,5,2026-09-20 06:59:18,"Отличные полотенца. Мягкие, пушистые, хорошо впитывают влагу",,,Молочный · 50х90 см,0,0,,,,2026-09-21T14:15:25+03:00
wildberries,243756170,159657202,Letto,Полотенце махровое для лица и рук 50х90см набор 2 шт,bqrd1lNSJwno8KyBjczR,5,2026-09-20 06:54:50,,,,"Бежевый, светло-коричневый · 50х90 см",0,0,,,,2026-09-21T14:15:25+03:00
wildberries,243756170,159657202,Letto,Полотенце махровое для лица и рук 50х90см набор 2 шт,FAqaIJYf30kGeTiPmB1G,5,2026-09-20 06:49:23,Купила и осталась всем довольна,,,розовый,,0,,,,2026-09-21T14:15:25+03:00
wildberries,243756170,159657202,Letto,Полотенце махровое для лица и рук 50х90см набор 2 шт,ylBuCKBkMINz9jNjRn0Z,5,2026-09-20 06:48:52,Загляденье цвет и качество,,,желтый,,0,,,,2026-09-21T14:15:25+03:00
wildberries,243756170,159657202,Letto,Полотенце махровое для лица и рук 50х90см набор 2 шт,aQzz8BTqwhve7EU8qjqR,5,2026-09-20 06:47:13,,,,Молочный · 50х90 см,0,0,,,,2026-09-21T14:15:25+03:00
wildberries,243756170,159657202,Letto,Полотенце махровое для лица и рук 50х90см набор 2 шт,kESM04lTS2U2TxiQhrZW,5,2026-09-20 06:46:59,,,,"Синий, ярко-голубой · 50х90 см",0,0,,,,2026-09-21T14:15:25+03:00
wildberries,243756170,159657202,Letto,Полотенце махровое для лица и рук 50х90см набор 2 шт,Hlot78txUiaMcVlxmG8M,4,2026-09-20 06:33:49,"Оценку снизила только из-за того,что полотенца линяют ОЧЕНЬ сильно!!!",,,Фиолетовый · 50х90 см,0,0,,,,2026-09-21T14:15:25+03:00
wildberries,243756170,159657202,Letto,Полотенце махровое для лица и рук 50х90см набор 2 шт,Lu42juyjO45S2L3U9Vef,5,2026-09-20 06:31:48,"Качество, цвет, размер. Спасибо продавцу.",,,Фиолетовый · 50х90 см,0,0,,,,2026-09-21T14:15:25+03:00
wildberries,243756170,159657202,Letto,Полотенце махровое для лица и рук 50х90см набор 2 шт,ioccZDHtCNSFWVJYOWIf,5,2026-09-20 06:17:26,,,,Изумрудный · 50х90 см,0,0,,,,2026-09-21T14:15:25+03:00
wildberries,243756170,159657202,Letto,Полотенце махровое для лица и рук 50х90см набор 2 шт,Tk9QPipbwzNqNr0jUnKR,5,2026-09-20 06:17:14,,,,"Сиреневый, изумрудный · 50х90 см",0,0,,,,2026-09-21T14:15:25+03:00
wildberries,243756170,159657202,Letto,Полотенце махровое для лица и рук 50х90см набор 2 шт,HVk1OCm4AAh9j0yA6Wyx,5,2026-09-20 06:17:08,,,,"Серо-голубой, лавандово-розовый · 50х90 см",0,0,,,,2026-09-21T14:15:25+03:00
wildberries,243756170,159657202,Letto,Полотенце махровое для лица и рук 50х90см набор 2 шт,FLrMtRJYeePgwd0ukpM1,5,2026-09-20 06:17:03,,,,"Серо-голубой, лавандово-розовый · 50х90 см",0,0,,,,2026-09-21T14:15:25+03:00
wildberries,243756170,159657202,Letto,Полотенце махровое для лица и рук 50х90см набор 2 шт,CzCgfJ1xfleWmVsy5Z7s,5,2026-09-20 06:16:50,,,,"Сиреневый, фиолетовый · 50х90 см",0,0,,,,2026-09-21T14:15:25+03:00
wildberries,243756170,159657202,Letto,Полотенце махровое для лица и рук 50х90см набор 2 шт,Fgyoz230G15GMP9HSijH,5,2026-09-20 06:16:44,,,,"Серо-голубой, серо-синий · 50х90 см",0,0,,,,2026-09-21T14:15:25+03:00
wildberries,243756170,159657202,Letto,Полотенце махровое для лица и рук 50х90см набор 2 шт,UvMcJbTi8za7BzqbbRgO,5,2026-09-20 06:16:35,,,,Сиреневый · 50х90 см,0,0,,,,2026-09-21T14:15:25+03:00
wildberries,243756170,159657202,Letto,Полотенце махровое для лица и рук 50х90см набор 2 шт,ReH6Y4WbmpLD0Jt1vpqK,5,2026-09-20 06:10:08,"Товар отличный.Цвет приятный, хорошо прокрашены. Мягкие. Покупаю регулярно. Спасибо продавцу! Рекомендую товар к покупке!",,,"Синий, ярко-голубой · 50х90 см",0,0,,,,2026-09-21T14:15:25+03:00
wildberries,243756170,159657202,Letto,Полотенце махровое для лица и рук 50х90см набор 2 шт,DbRTeSEkthW4W2datMFm,5,2026-09-20 06:02:43,"Хорошее качество, рекомендую",,,фиолетовый,,0,,,,2026-09-21T14:15:25+03:00
wildberries,243756170,159657202,Letto,Полотенце махровое для лица и рук 50х90см набор 2 шт,N0bnZb1Gptn9pMjS10ih,5,2026-09-20 05:50:04,Отличные полотенца!!!100% рекомендую к покупке!!! Спасибо большое продавцу!,,,Изумрудный · 50х90 см,0,0,,,,2026-09-21T14:15:25+03:00
wildberries,243756170,159657202,Letto,Полотенце махровое для лица и рук 50х90см набор 2 шт,crq0hRYY3yQrfBFjWJvG,5,2026-09-20 05:46:51,"Хорошие полотенца, качество отличное, хлопок. Пошиты аккуратно, к качеству претензий нет. Рекомендую!",,,бежевый,,0,,,,2026-09-21T14:15:25+03:00
wildberries,243756170,159657202,Letto,Полотенце махровое для лица и рук 50х90см набор 2 шт,Rb3SddIuvIcLKHirUVjl,5,2026-09-20 05:38:01,"Огромное спасибо все пришло вовремя, за эту сумму качество хорошее, рекомендую продавца.",,,Белый · 50х90 см,0,1,,,,2026-09-21T14:15:25+03:00
wildberries,243756170,159657202,Letto,Полотенце махровое для лица и рук 50х90см набор 2 шт,o4GH61wqmzTDcpgybU2c,5,2026-09-20 05:37:59,Все хорошо мягкий,,,"Какао, бежевый · 50х90 см",0,0,,,,2026-09-21T14:15:25+03:00
wildberries,243756170,159657202,Letto,Полотенце махровое для лица и рук 50х90см набор 2 шт,cWOy8C4QpKUNnE4C79UF,5,2026-09-20 05:00:35,Хорошие нравяться,,,"Какао, бежевый · 50х90 см",0,0,,,,2026-09-21T14:15:25+03:00
wildberries,243756170,159657202,Letto,Полотенце махровое для лица и рук 50х90см набор 2 шт,fm1uahrtxrZMvpOyuiZL,5,2026-09-20 05:30:50,,,,"Синий, ярко-голубой · 50х90 см",0,0,,,,2026-09-21T14:15:25+03:00
wildberries,243756170,159657202,Letto,Полотенце махровое для лица и рук 50х90см набор 2 шт,Ti2fgrj3SQKqtLq2ASt5,1,2026-09-20 05:28:14,Полотенца отличные. Рекомендую.,,,Лавандово-розовый · 50х90 см,0,0,,,,2026-09-21T14:15:25+03:00
wildberries,243756170,159657202,Letto,Полотенце махровое для лица и рук 50х90см набор 2 шт,3QJ6fHpo19C7RC7sghwp,4,2026-09-20 05:25:37,,,,Черный · 50х90 см,0,0,,,,2026-09-21T14:15:25+03:00
wildberries,243756170,159657202,Letto,Полотенце махровое для лица и рук 50х90см набор 2 шт,TF47f12Yk270zpNtU86Q,5,2026-09-20 05:14:26,,,,"Какао, бежевый · 50х90 см",0,0,,,,2026-09-21T14:15:25+03:00
wildberries,243756170,159657202,Letto,Полотенце махровое для лица и рук 50х90см набор 2 шт,6Ov6Sbzm1QmaZR1jfrYa,5,2026-09-20 05:01:56,,,,"Сиреневый, фиолетовый · 50х90 см",0,0,,,,2026-09-21T14:15:25+03:00
wildberries,243756170,159657202,Letto,Полотенце махровое для лица и рук 50х90см набор 2 шт,V28FG6bdwB6ZAIUE3CGK,5,2026-09-20 04:13:04,,,,Изумрудный · 50х90 см,0,0,,,,2026-09-21T14:15:25+03:00
wildberries,243756170,159657202,Letto,Полотенце махровое для лица и рук 50х90см набор 2 шт,UDupGJpiqrvgc4uNiwmM,5,2026-09-20 02:36:37,"Хорошие, яркие полотенца",,,"Желтый, оранжевый · 50х90 см",0,0,,,,2026-09-21T14:15:25+03:00
wildberries,243756170,159657202,Letto,Полотенце махровое для лица и рук 50х90см набор 2 шт,brIq9JNFJZqciiwHjXQr,1,2026-09-20 01:58:47,Не впитывают поэтому отказ,,,"Синий, ярко-голубой · 50х90 см",0,1,,,,2026-09-21T14:15:25+03:00
wildberries,243756170,159657202,Letto,Полотенце махровое для лица и рук 50х90см набор 2 шт,qW4u5ukp6MMrFwDeHXw9,5,2026-09-20 01:25:51,,,,Лавандово-розовый · 50х90 см,0,0,,,,2026-09-21T14:15:25+03:00
wildberries,243756170,159657202,Letto,Полотенце махровое для лица и рук 50х90см набор 2 шт,IWpAfzPMGOOunUj09FRb,5,2026-09-20 00:47:18,"Все отлично, пользуюсь с радостью. Рекомендую продавца. Спасибо.",,,Какао · 50х90 см,0,0,,,,2026-09-21T14:15:25+03:00
wildberries,243756170,159657202,Letto,Полотенце махровое для лица и рук 50х90см набор 2 шт,b9AkB2Rd7kteiOKNVrwX,5,2026-09-20 00:43:01,"Важно то, что качество отличное. Цвет изумительный. Размер устраивает. Рекомендую продавца. Спасибо большое.",,,Изумрудный · 50х90 см,0,0,,,,2026-09-21T14:15:25+03:00
wildberries,243756170,159657202,Letto,Полотенце махровое для лица и рук 50х90см набор 2 шт,CzYA13G9N8oM6lgCyT4h,5,2026-09-19 23:12:00,,,,бежевый,0,0,,,,2026-09-21T14:15:25+03:00
wildberries,243756170,159657202,Letto,Полотенце махровое для лица и рук 50х90см набор 2 шт,EPPZoSdp1ZbIGOMSw53T,5,2026-09-19 21:22:52,,,,"Лавандовый, фуксия · 50х90 см",0,0,,,,2026-09-21T14:15:25+03:00
wildberries,243756170,159657202,Letto,Полотенце махровое для лица и рук 50х90см набор 2 шт,bLVjRvx1XoVJIj6x3Jc7,5,2026-09-19 20:46:24,"Качество на высоте, цена по карману.",,,Сталь · 50х90 см,0,0,,,,2026-09-21T14:15:25+03:00
wildberries,243756170,159657202,Letto,Полотенце махровое для лица и рук 50х90см набор 2 шт,kkBe3X2tybUWtz7LOMA3,4,2026-09-19 20:07:56,"Заказ шел недолго, пришёл тот, который был указан в заказе  В характеристике  указано, что 420 плотность, но на деле тоньше потому, что раньше с такой же  плотностью, лолотенца были потолще и помягче. Скорее всего после нескольких стирок, полотенце станет жестким",,,"Желтый, оранжевый · 50х90 см",0,0,,,,2026-09-21T14:15:25+03:00
wildberries,243756170,159657202,Letto,Полотенце махровое для лица и рук 50х90см набор 2 шт,ObBEMcXh9EH8IbHhSBFZ,5,2026-09-19 19:46:59,Отличные полотенца. Яркие и мохра хорошая. Особенно полюбился изумрудный цвет!!!,,,Изумрудный · 50х90 см,0,0,,,,2026-09-21T14:15:25+03:00
wildberries,243756170,159657202,Letto,Полотенце махровое для лица и рук 50х90см набор 2 шт,HxCN7tFsxg0oMXiLHeOz,5,2026-09-19 19:41:02,"Полотенца хорошие, все как в описании. Мягкие, после стирки не линяют. Спасибо.",,,"Лавандовый, фуксия · 50х90 см",0,0,,,,2026-09-21T14:15:25+03:00
wildberries,243756170,159657202,Letto,Полотенце махровое для лица и рук 50х90см набор 2 шт,95ev6HGu19QV7qH09zIw,5,2026-09-19 18:52:49,"Цвет отличается, не такой яркий, как в карточке товара",,,Фиолетовый · 50х90 см,0,0,,,,2026-09-21T14:15:25+03:00
wildberries,243756170,159657202,Letto,Полотенце махровое для лица и рук 50х90см набор 2 шт,Mse9dnmozEVWZTKcRiyl,5,2026-09-19 18:50:48,"Доставка быстрая, полотенца красивые, удобные,",,,"Лавандовый, фуксия · 50х90 см",0,0,,,,2026-09-21T14:15:25+03:00
wildberries,243756170,159657202,Letto,Полотенце махровое для лица и рук 50х90см набор 2 шт,aDcm6VZ854d280U4Nf2f,5,2026-09-19 18:15:28,"Мягкие, не линяют. Понравились.",,,"Лавандовый, фуксия · 50х90 см",0,0,,,,2026-09-21T14:15:25+03:00
wildberries,243756170,159657202,Letto,Полотенце махровое для лица и рук 50х90см набор 2 шт,3A6xWqlEc8HS9Zv0tDTG,5,2026-09-19 18:06:44,,,,розовый,,0,,,,2026-09-21T14:15:25+03:00
wildberries,243756170,159657202,Letto,Полотенце махровое для лица и рук 50х90см набор 2 шт,QdjW8iB9O1ADf4IXhSQs,5,2026-09-19 18:03:52,Очень хорошие полотенца,,,серый,,0,,,,2026-09-21T14:15:25+03:00
wildberries,243756170,159657202,Letto,Полотенце махровое для лица и рук 50х90см набор 2 шт,O6CbPrHEhFygBCdjk4N2,5,2026-09-19 17:19:17,,,,"Желтый, оранжевый · 50х90 см",0,0,,,,2026-09-21T14:15:25+03:00
wildberries,243756170,159657202,Letto,Полотенце махровое для лица и рук 50х90см набор 2 шт,q12dH3jqgakG6AKVTrkv,5,2026-09-19 17:16:02,,,,фиолетовый,0,0,,,,2026-09-21T14:15:25+03:00
wildberries,243756170,159657202,Letto,Полотенце махровое для лица и рук 50х90см набор 2 шт,8Cc7lPKfcxf6S1FObvDj,3,2026-09-19 16:26:21,Средняя степень впитываемости,,,синий,,1,,,,2026-09-21T14:15:25+03:00
wildberries,243756170,159657202,Letto,Полотенце махровое для лица и рук 50х90см набор 2 шт,KJXDV3hYvlcK9EfJD5qs,4,2026-09-19 15:34:30,"Хорошие полотенца, мягкие, впитывают воду хорошо, но зеленый цвет при стирке сильно линяет.",,,Изумрудный · 50х90 см,0,1,,,,2026-09-21T14:15:25+03:00
wildberries,243756170,159657202,Letto,Полотенце махровое для лица и рук 50х90см набор 2 шт,CJReQF9AP6VLqP3Skmi2,5,2026-09-19 15:29:30,Полотенца отличное мне очень понравились. Качество на высоте. Рекомендую к покупке!  Спасибо зо отличный товар.,,,Лавандово-розовый · 50х90 см,0,0,,,,2026-09-21T14:15:25+03:00
wildberries,243756170,159657202,Letto,Полотенце махровое для лица и рук 50х90см набор 2 шт,qR8OqJKPx7cj3XnLL3xv,5,2026-09-19 14:55:36,,,,"Синий, ярко-голубой · 50х90 см",0,0,,,,2026-09-21T14:15:25+03:00
wildberries,243756170,159657202,Letto,Полотенце махровое для лица и рук 50х90см набор 2 шт,J1R7Kv7czr8Rc5Yl3ZFn,5,2026-09-19 14:15:54,"Эти полотенца выписываю не первый раз.Качество нравиться,поэтому буду выписывать ещё. Мягкие и хорошо впитывают.",,,фиолетовый,,0,,,,2026-09-21T14:15:25+03:00
wildberries,243756170,159657202,Letto,Полотенце махровое для лица и рук 50х90см набор 2 шт,d4jBcBWuS33gKFaQrUQO,5,2026-09-19 14:13:01,Классные полотенчики. Очень мягкие. Яркие. Спасибо.,,,"Желтый, оранжевый · 50х90 см",0,0,,,,2026-09-21T14:15:25+03:00
wildberries,243756170,159657202,Letto,Полотенце махровое для лица и рук 50х90см набор 2 шт,dckGqBF5P0z7lD32enay,5,2026-09-19 14:06:49,"Полотенце мягкое, хорошо впитывает. Беру второй раз.",,,Сиреневый · 50х90 см,0,0,,,,2026-09-21T14:15:25+03:00
wildberries,243756170,159657202,Letto,Полотенце махровое для лица и рук 50х90см набор 2 шт,By5rvX6YVEnUKbo1v1rt,5,2026-09-19 14:03:48,,,,"Горький шоколад, бежевый · 50х90 см",0,0,,,,2026-09-21T14:15:25+03:00
wildberries,243756170,159657202,Letto,Полотенце махровое для лица и рук 50х90см набор 2 шт,TAcwOXRbQbqyTptmhXxK,5,2026-09-19 13:57:58,,,,"Бежевый, светло-коричневый · 50х90 см",0,0,,,,2026-09-21T14:15:25+03:00
wildberries,243756170,159657202,Letto,Полотенце махровое для лица и рук 50х90см набор 2 шт,7BVFKdSpL6k258rSZsxN,5,2026-09-19 13:41:39,"Полотенце мягкое,не толстое и не тонкое,цвет приятный,красивый кант",,,Молочный · 50х90 см,0,0,,,,2026-09-21T14:15:25+03:00
wildberries,243756170,159657202,Letto,Полотенце махровое для лица и рук 50х90см набор 2 шт,6VNRAGSbfAsybildbOT7,5,2026-09-19 13:40:15,Очень понравились. Мягкие красивые пушистые и плотные. Самый раз для ежедневного применения душа. Благодарю и советую продавца⭐⭐⭐⭐⭐,,,"Желтый, оранжевый · 50х90 см",0,0,,,,2026-09-21T14:15:25+03:00
wildberries,243756170,159657202,Letto,Полотенце махровое для лица и рук 50х90см набор 2 шт,paUtBtKFzYKA2a8XT837,5,2026-09-19 13:36:06,,,,Сталь · 50х90 см,0,0,,,,2026-09-21T14:15:25+03:00
wildberries,243756170,159657202,Letto,Полотенце махровое для лица и рук 50х90см набор 2 шт,eZewwsda7P6SIAIeT0I3,5,2026-09-19 13:27:46,,,,"Лавандовый, фуксия · 50х90 см",0,0,,,,2026-09-21T14:15:25+03:00
wildberries,243756170,159657202,Letto,Полотенце махровое для лица и рук 50х90см набор 2 шт,6hkp0zmVFnZ382TCz3xH,5,2026-09-19 13:27:20,Благодарю!,,,"Синий, ярко-голубой · 50х90 см",0,0,,,,2026-09-21T14:15:25+03:00
wildberries,243756170,159657202,Letto,Полотенце махровое для лица и рук 50х90см набор 2 шт,EqjfBRuBoODcCOZzz95O,5,2026-09-19 12:54:39,"Спасибо оооооо очень понравилось, этот цвет который хотела",,,Фиолетовый · 50х90 см,0,0,,,,2026-09-21T14:15:25+03:00
wildberries,243756170,159657202,Letto,Полотенце махровое для лица и рук 50х90см набор 2 шт,0QOq994Ydxw0V0mOFUhw,5,2026-09-19 12:42:43,,,,"Сиреневый, изумрудный · 50х90 см",0,0,,,,2026-09-21T14:15:25+03:00
wildberries,243756170,159657202,Letto,Полотенце махровое для лица и рук 50х90см набор 2 шт,DYtu20h2ouph55L03fJT,5,2026-09-19 12:31:30,"Не стала снимать звезду за то, что такая упаковка вся мятая и полотенца мятые, где они хранились и как вообще ничего не понятно. Раньше эти полотенца покупала отличные хлопковые приходили в надлежащем виде, а сейчас.",,,"Какао, бежевый · 50х90 см",0,0,,,,2026-09-21T14:15:25+03:00
wildberries,243756170,159657202,Letto,Полотенце махровое для лица и рук 50х90см набор 2 шт,daiahLOuOGH5KGQ5Nl9A,5,2026-09-19 12:28:38,"Очень хорошие полотенца, спасибо большое!",,,Изумрудный · 50х90 см,0,0,,,,2026-09-21T14:15:25+03:00
wildberries,243756170,159657202,Letto,Полотенце махровое для лица и рук 50х90см набор 2 шт,DhQDOoik7TV0PrVAGFjU,5,2026-09-19 12:28:07,Качество хорошее,,,"Синий, ярко-голубой · 50х90 см",0,0,,,,2026-09-21T14:15:25+03:00
wildberries,243756170,159657202,Letto,Полотенце махровое для лица и рук 50х90см набор 2 шт,lQr6Zq2iJhtcjiL8zwah,5,2026-09-19 12:21:02,,,,Лавандово-розовый · 50х90 см,0,0,,,,2026-09-21T14:15:25+03:00
wildberries,243756170,159657202,Letto,Полотенце махровое для лица и рук 50х90см набор 2 шт,NxvpjfVYAm9Z1Wy4G7mw,5,2026-09-19 12:10:58,Полотенца мягкие. Расцветка классная. Советую. Спасибо продавцу.,,,"Синий, ярко-голубой · 50х90 см",0,0,,,,2026-09-21T14:15:25+03:00
wildberries,243756170,159657202,Letto,Полотенце махровое для лица и рук 50х90см набор 2 шт,7XHANCsctLJoqN2L8wtW,5,2026-09-19 12:10:56,Хорошие полотенца. Рекомендую к покупке!!!,,,"Серо-голубой, серо-синий · 50х90 см",0,0,,,,2026-09-21T14:15:25+03:00
wildberries,243756170,159657202,Letto,Полотенце махровое для лица и рук 50х90см набор 2 шт,pdrXWEBk8MZqbtm4p3up,5,2026-09-19 12:09:06,"Хорошие полотенца, средняя плотность,но для такой цены вообще отлично!",,,"Лавандовый, фуксия · 50х90 см",0,0,,,,2026-09-21T14:15:25+03:00
wildberries,243756170,159657202,Letto,Полотенце махровое для лица и рук 50х90см набор 2 шт,sicLR06dobUPfPgg00J7,5,2026-09-19 11:51:11,,,,Фиолетовый · 50х90 см,0,0,,,,2026-09-21T14:15:25+03:00
wildberries,243756170,159657202,Letto,Полотенце махровое для лица и рук 50х90см набор 2 шт,goM42dN8vt0v95yuFd8E,5,2026-09-19 11:49:14,"Цвет лучше, чем на фото. Качество отличное. Спасибо.",,,"Сиреневый, изумрудный · 50х90 см",0,0,,,,2026-09-21T14:15:25+03:00
wildberries,243756170,159657202,Letto,Полотенце махровое для лица и рук 50х90см набор 2 шт,Smd10LD3MuSSEpRXLrfC,5,2026-09-19 11:27:59,,,,черный,0,0,,,,2026-09-21T14:15:25+03:00
wildberries,243756170,159657202,Letto,Полотенце махровое для лица и рук 50х90см набор 2 шт,5VKCYBsaxrjGazYId2Tj,5,2026-09-19 11:21:03,,,,"Желтый, оранжевый · 50х90 см",0,0,,,,2026-09-21T14:15:25+03:00
wildberries,243756170,159657202,Letto,Полотенце махровое для лица и рук 50х90см набор 2 шт,Uq7GVkd8aDtvwWMaoAEj,5,2026-09-19 11:15:41,Очень хорошие,,,Белый · 50х90 см,0,0,,,,2026-09-21T14:15:25+03:00
wildberries,243756170,159657202,Letto,Полотенце махровое для лица и рук 50х90см набор 2 шт,kPvVy0vsvbOltbQKVg6J,5,2026-09-19 11:00:24,Отличные полотенца. Спасибо вам большое.,,,"Синий, ярко-голубой · 50х90 см",0,0,,,,2026-09-21T14:15:25+03:00
wildberries,243756170,159657202,Letto,Полотенце махровое для лица и рук 50х90см набор 2 шт,II0na4KGciVORFKRbJrX,4,2026-09-19 10:40:35,Темные,,,Фиолетовый · 50х90 см,0,0,,,,2026-09-21T14:15:25+03:00
wildberries,243756170,159657202,Letto,Полотенце махровое для лица и рук 50х90см набор 2 шт,CrCtUX35TlC8GifsA32A,5,2026-09-19 10:35:10,"Շատ սիրուն ու նուրբ էր, շնորհակալություն։",,,Белый · 50х90 см,0,0,,,,2026-09-21T14:15:25+03:00
wildberries,243756170,159657202,Letto,Полотенце махровое для лица и рук 50х90см набор 2 шт,rXGKqIEeRxPIoEPLlpB0,5,2026-09-19 10:28:07,Всё соответствует заявленным параметрам.,,,Какао · 50х90 см,0,0,,,,2026-09-21T14:15:25+03:00
wildberries,243756170,159657202,Letto,Полотенце махровое для лица и рук 50х90см набор 2 шт,kkTIUjV6n0W1HN3S8gfR,5,2026-09-19 10:24:33,"Замечательные полотенца, очень мягкие  цвет шампань)",,,Молочный · 50х90 см,0,0,,,,2026-09-21T14:15:25+03:00
wildberries,243756170,159657202,Letto,Полотенце махровое для лица и рук 50х90см набор 2 шт,qjeSvs8QKLP6VJDaJsQ9,5,2026-09-19 09:58:26,,,,серый,0,0,,,,2026-09-21T14:15:25+03:00
wildberries,243756170,159657202,Letto,Полотенце махровое для лица и рук 50х90см набор 2 шт,NLE8crgG8iXRj2G3fvqC,5,2026-09-19 09:56:45,"Плотное, отлично впитывает.",,,бежевый,,0,,,,2026-09-21T14:15:25+03:00
wildberries,243756170,159657202,Letto,Полотенце махровое для лица и рук 50х90см набор 2 шт,pY3ph7XxCfTVOKySHHiN,5,2026-09-19 09:56:04,"Спасибо производителю за качественный товар 👍 Мягкое 👍 приятно таким вытираться, при стирке не линяет 👍",,,Сиреневый · 50х90 см,0,0,,,,2026-09-21T14:15:25+03:00
wildberries,243756170,159657202,Letto,Полотенце махровое для лица и рук 50х90см набор 2 шт,LZDhh6mVcPZnpwpzMymM,5,2026-09-19 09:43:15,"Полотенца понравились.Сочные краски.Немного простирнула,т.к.это гигиенично.Немного краска сошла, но в дальнейшем я думаю, что уже не будет линять.",,,"Синий, ярко-голубой · 50х90 см",0,1,,,,2026-09-21T14:15:25+03:00
wildberries,243756170,159657202,Letto,Полотенце махровое для лица и рук 50х90см набор 2 шт,mSb2U7d1HWmOOtktwxMQ,5,2026-09-19 09:40:58,,Отличные 🔥 полотенца,,Сиреневый · 50х90 см,0,0,,,,2026-09-21T14:15:25+03:00
wildberries,243756170,159657202,Letto,Полотенце махровое для лица и рук 50х90см набор 2 шт,CoAWdBXjyzC7WVU7PyiG,5,2026-09-19 09:16:57,,,,"Бежевый, светло-коричневый · 50х90 см",0,0,,,,2026-09-21T14:15:25+03:00
wildberries,243756170,159657202,Letto,Полотенце махровое для лица и рук 50х90см набор 2 шт,BGmHeJL2bnuEImJo9vBS,5,2026-09-19 08:52:20,Все отлично. Сг.,,,Сиреневый · 50х90 см,0,0,,,,2026-09-21T14:15:25+03:00
wildberries,243756170,159657202,Letto,Полотенце махровое для лица и рук 50х90см набор 2 шт,wpLwF5SGaRgw0VTvyKgK,5,2026-09-19 08:38:11,"Хорошие полотенца, мягкие, даже после стирки. Хорошо впитывают воду, приятная расцветка, при стирке не линяют",,,"Лавандовый, фуксия · 50х90 см",0,0,,,,2026-09-21T14:15:25+03:00
wildberries,243756170,159657202,Letto,Полотенце махровое для лица и рук 50х90см набор 2 шт,kBQYBGx4vtEC0tXaMdMI,5,2026-09-19 08:33:14,"Прекрасные мягкие полотенца,пушистые.Покупаю не первый раз.Спасибо производителю и продавцу.",,,"Желтый, оранжевый · 50х90 см",0,0,,,,2026-09-21T14:15:25+03:00
wildberries,243756170,159657202,Letto,Полотенце махровое для лица и рук 50х90см набор 2 шт,LluzHSnxUY5YmmnrLVg9,5,2026-09-19 08:27:37,,,,"Какао, бежевый · 50х90 см",0,0,,,,2026-09-21T14:15:25+03:00
wildberries,243756170,159657202,Letto,Полотенце махровое для лица и рук 50х90см набор 2 шт,TLM5YiQ0xBy1Y1oxW6CN,5,2026-09-19 08:27:32,,,,фиолетовый,,0,,,,2026-09-21T14:15:25+03:00
wildberries,243756170,159657202,Letto,Полотенце махровое для лица и рук 50х90см набор 2 шт,GMS2npthetLVojnHC3VD,5,2026-09-19 08:25:54,Отличные полотенца. Достаточно плотные. Мягкие. Пользуемся несколько месяцев. Рекомендую,,,синий,,0,,,,2026-09-21T14:15:25+03:00
wildberries,243756170,159657202,Letto,Полотенце махровое для лица и рук 50х90см набор 2 шт,hb4Wjar0mlwLPPhQ39js,5,2026-09-19 08:18:05,,,,"Сиреневый, фиолетовый · 50х90 см",0,0,,,,2026-09-21T14:15:25+03:00
wildberries,243756170,159657202,Letto,Полотенце махровое для лица и рук 50х90см набор 2 шт,ysjBhoU4WQn1LBN88mkw,5,2026-09-19 08:08:20,Шикарно,,,"Какао, бежевый · 50х90 см",0,0,,,,2026-09-21T14:15:25+03:00
wildberries,243756170,159657202,Letto,Полотенце махровое для лица и рук 50х90см набор 2 шт,L3ZmOkLsni9rzXhylwY5,5,2026-09-19 08:03:53,,,,"Лавандовый, фуксия · 50х90 см",0,0,,,,2026-09-21T14:15:25+03:00
wildberries,243756170,159657202,Letto,Полотенце махровое для лица и рук 50х90см набор 2 шт,EYFNUpjIGIXUCB6LYWyF,5,2026-09-19 08:02:08,"Полотенца большие, плотные.. сПасибо продавцу",,,"Сиреневый, фиолетовый · 50х90 см",0,0,,,,2026-09-21T14:15:25+03:00
wildberries,243756170,159657202,Letto,Полотенце махровое для лица и рук 50х90см набор 2 шт,nPQHb0dnT9dz4bCdOsDW,5,2026-09-19 08:00:17,Отличные полотенца.,,,Белый · 50х90 см,0,0,,,,2026-09-21T14:15:25+03:00
wildberries,243756170,159657202,Letto,Полотенце махровое для лица и рук 50х90см набор 2 шт,32bpm4zNyx5a89vvDIL4,5,2026-09-19 07:55:33,,,,Лавандово-розовый · 50х90 см,0,0,,,,2026-09-21T14:15:25+03:00
wildberries,243756170,159657202,Letto,Полотенце махровое для лица и рук 50х90см набор 2 шт,Pu41QQWuGNKiqbbCiWg3,5,2026-09-19 07:54:51,"Хорошие полотенца, недорогие. Можно брать",,,Бежевый · 50х90 см,0,0,,,,2026-09-21T14:15:25+03:00
wildberries,243756170,159657202,Letto,Полотенце махровое для лица и рук 50х90см набор 2 шт,t2lyGVPdsFpDZaPVdPiM,5,2026-09-19 07:54:32,"Хорошие полотенца, можно брать. Недорогие",,,Сталь · 50х90 см,0,0,,,,2026-09-21T14:15:25+03:00
wildberries,243756170,159657202,Letto,Полотенце махровое для лица и рук 50х90см набор 2 шт,n8e5O12LAldwlBmK7LnC,5,2026-09-19 07:34:53,,,,Изумрудный · 50х90 см,0,0,,,,2026-09-21T14:15:25+03:00
wildberries,243756170,159657202,Letto,Полотенце махровое для лица и рук 50х90см набор 2 шт,cqSprLnFTP2QZ9s5o7Z5,5,2026-09-19 07:34:41,,,,"Синий, ярко-голубой · 50х90 см",0,0,,,,2026-09-21T14:15:25+03:00
wildberries,243756170,159657202,Letto,Полотенце махровое для лица и рук 50х90см набор 2 шт,EdTeOSfjTphy53uvMRIv,5,2026-09-19 07:15:55,Цвет просто класс. Мягкие удобные,,,"Желтый, оранжевый · 50х90 см",0,0,,,,2026-09-21T14:15:25+03:00
wildberries,243756170,159657202,Letto,Полотенце махровое для лица и рук 50х90см набор 2 шт,fln0MYZPv1CNh7U2gZ9g,5,2026-09-19 07:15:22,"Мягкие, хорошо впитывают",,,Сталь · 50х90 см,0,0,,,,2026-09-21T14:15:25+03:00
wildberries,243756170,159657202,Letto,Полотенце махровое для лица и рук 50х90см набор 2 шт,a4mGtrj7pFBMnILXA4Jb,5,2026-09-19 07:14:54,Очень приятные. Мягкие. Супер.,,,"Синий, ярко-голубой · 50х90 см",0,0,,,,2026-09-21T14:15:25+03:00
wildberries,243756170,159657202,Letto,Полотенце махровое для лица и рук 50х90см набор 2 шт,KvKufYSx2fepUgO2v3rb,5,2026-09-19 07:11:23,,,,"Какао, бежевый · 50х90 см",0,0,,,,2026-09-21T14:15:25+03:00
wildberries,243756170,159657202,Letto,Полотенце махровое для лица и рук 50х90см набор 2 шт,UWmr9kjaRcjlAeUvE5Jz,5,2026-09-19 06:52:17,,,,Фиолетовый · 50х90 см,0,0,,,,2026-09-21T14:15:25+03:00
wildberries,243756170,159657202,Letto,Полотенце махровое для лица и рук 50х90см набор 2 шт,jXwrF2w4RsT4QvNBCHaL,5,2026-09-19 06:45:20,"Отличные полотенца. Мягкие, хорошо впитывают воду, качественные, запах отсутствует. Размеры соответствуют.",,,"Сиреневый, изумрудный · 50х90 см",0,1,,,,2026-09-21T14:15:25+03:00
wildberries,243756170,159657202,Letto,Полотенце махровое для лица и рук 50х90см набор 2 шт,LP3UgW0uT5rykNuN6r78,4,2026-09-19 06:38:15,,,"Хуже впитывает, чем такие же полотенца меньшего размера.",зеленый,0,0,,,,2026-09-21T14:15:25+03:00
wildberries,243756170,159657202,Letto,Полотенце махровое для лица и рук 50х90см набор 2 шт,n8ia9AyBti4Kjlv7sK0W,5,2026-09-19 06:14:54,Качества хороший,,,Фиолетовый · 50х90 см,0,0,,,,2026-09-21T14:15:25+03:00
wildberries,243756170,159657202,Letto,Полотенце махровое для лица и рук 50х90см набор 2 шт,ijfXxTUf1meIl2RFG81S,5,2026-09-19 06:03:47,Купила в подарок. Всё хорошо,,,"Лавандовый, фуксия · 50х90 см",0,0,,,,2026-09-21T14:15:25+03:00
wildberries,243756170,159657202,Letto,Полотенце махровое для лица и рук 50х90см набор 2 шт,Q0R0xYr7MzsSojH2Fmzn,5,2026-09-19 05:56:16,,"мягкое, хорошо впитывает, закажу еще. И размер хороший.",,серый,0,0,,,,2026-09-21T14:15:25+03:00
wildberries,243756170,159657202,Letto,Полотенце махровое для лица и рук 50х90см набор 2 шт,sYmyq4brYqfmRTDG2dKN,5,2026-09-19 05:46:24,,,,коричневый,,0,,,,2026-09-21T14:15:25+03:00
wildberries,243756170,159657202,Letto,Полотенце махровое для лица и рук 50х90см набор 2 шт,3uBXvraOBxtk9RwkFKfQ,5,2026-09-19 05:27:38,"Спасибо покупателю всё упаковано и качество хорошее, буду ещё брать",,,"Лавандовый, фуксия · 50х90 см",0,0,,,,2026-09-21T14:15:25+03:00
wildberries,243756170,159657202,Letto,Полотенце махровое для лица и рук 50х90см набор 2 шт,WYTW0SnB3FMVTpCVmDCS,5,2026-09-19 05:18:28,Суперские Полотенчик !,,,"Сиреневый, изумрудный · 50х90 см",0,0,,,,2026-09-21T14:15:25+03:00
wildberries,243756170,159657202,Letto,Полотенце махровое для лица и рук 50х90см набор 2 шт,9yPx59PpNxyeivBYqKnu,5,2026-09-19 05:15:35,,,,"Желтый, оранжевый · 50х90 см",0,0,,,,2026-09-21T14:15:25+03:00
wildberries,243756170,159657202,Letto,Полотенце махровое для лица и рук 50х90см набор 2 шт,1DZQ6g366DBYQgpF9AuK,5,2026-09-19 04:27:58,,,,"Бежевый, светло-коричневый · 50х90 см",0,0,,,,2026-09-21T14:15:25+03:00
wildberries,243756170,159657202,Letto,Полотенце махровое для лица и рук 50х90см набор 2 шт,rX0nQzvTs0QpVubi1w6K,5,2026-09-19 03:35:13,"Хорошие,мягкие.",,,Изумрудный · 50х90 см,0,0,,,,2026-09-21T14:15:25+03:00
wildberries,243756170,159657202,Letto,Полотенце махровое для лица и рук 50х90см набор 2 шт,BgyZbUsDdESTIG7rgBrL,5,2026-09-19 03:14:44,"Очень хорошее качество,  мягкие, не тонкие,  хорошо впитывает влагу. Приятные цвета",,,"Какао, бежевый · 50х90 см",0,0,,,,2026-09-21T14:15:25+03:00
wildberries,243756170,159657202,Letto,Полотенце махровое для лица и рук 50х90см набор 2 шт,ek8mDBhxzr9xxTcWbvJq,5,2026-09-19 03:12:29,"Еще заказала,рекомендую",Отличные полотенца,,Сиреневый · 50х90 см,0,0,,,,2026-09-21T14:15:25+03:00
wildberries,243756170,159657202,Letto,Полотенце махровое для лица и рук 50х90см набор 2 шт,EIr6L4VrJHYGoG9R38vV,5,2026-09-19 02:50:24,,,,"Серо-голубой, лавандово-розовый · 50х90 см",0,0,,,,2026-09-21T14:15:25+03:00
wildberries,243756170,159657202,Letto,Полотенце махровое для лица и рук 50х90см набор 2 шт,9YxkBw7mehx3Zl3ZqfoZ,5,2026-09-19 02:49:28,,,,"Серо-голубой, лавандово-розовый · 50х90 см",0,0,,,,2026-09-21T14:15:25+03:00
wildberries,243756170,159657202,Letto,Полотенце махровое для лица и рук 50х90см набор 2 шт,8AzEmVkyB2TGMG2aLJ0k,5,2026-09-19 02:03:41,,,,"Сиреневый, изумрудный · 50х90 см",0,0,,,,2026-09-21T14:15:25+03:00
wildberries,243756170,159657202,Letto,Полотенце махровое для лица и рук 50х90см набор 2 шт,d1cyRY8c7z73moAIfEPr,5,2026-09-19 01:52:24,"Маленький минус, что окрасили другие полотенца, но это не критично",,,"Синий, ярко-голубой · 50х90 см",0,1,,,,2026-09-21T14:15:25+03:00
wildberries,243756170,159657202,Letto,Полотенце махровое для лица и рук 50х90см набор 2 шт,NDA31CynxTJ4O3NZr6TX,5,2026-09-19 01:42:34,"Полотенца нормальные,средней плотности,плохо что нет петельки",,,"Сиреневый, изумрудный · 50х90 см",0,0,,,,2026-09-21T14:15:25+03:00
wildberries,243756170,159657202,Letto,Полотенце махровое для лица и рук 50х90см набор 2 шт,2URTKleV2qgt5VDzGV4P,5,2026-09-19 01:26:42,,,,"Сиреневый, изумрудный · 50х90 см",0,0,,,,2026-09-21T14:15:25+03:00
wildberries,243756170,159657202,Letto,Полотенце махровое для лица и рук 50х90см набор 2 шт,weUAmqy5cnMs2aVYQjsF,5,2026-09-19 01:01:00,"Хорошие полотенца, приятные к телу! Советую!",,,Серо-зеленый · 50х90 см,0,0,,,,2026-09-21T14:15:25+03:00
wildberries,243756170,159657202,Letto,Полотенце махровое для лица и рук 50х90см набор 2 шт,w2wW1rjvi0oT89uLEdk2,5,2026-09-19 00:08:30,Очень хороший товар 👍,,,Белый · 50х90 см,0,0,,,,2026-09-21T14:15:25+03:00
wildberries,243756170,159657202,Letto,Полотенце махровое для лица и рук 50х90см набор 2 шт,csMUusP86zveVw9B98US,5,2026-09-18 23:28:58,,,,"Сиреневый, изумрудный · 50х90 см",0,0,,,,2026-09-21T14:15:25+03:00
wildberries,243756170,159657202,Letto,Полотенце махровое для лица и рук 50х90см набор 2 шт,MUx0jErSC8i8k6AXCtlG,5,2026-09-18 21:52:50,,,,"Синий, ярко-голубой · 50х90 см",0,0,,,,2026-09-21T14:15:25+03:00
wildberries,243756170,159657202,Letto,Полотенце махровое для лица и рук 50х90см набор 2 шт,Qbt8Asl0gpkqL2VDUNzo,5,2026-09-18 19:40:21,,,,Лавандово-розовый · 50х90 см,0,0,,,,2026-09-21T14:15:25+03:00
wildberries,243756170,159657202,Letto,Полотенце махровое для лица и рук 50х90см набор 2 шт,ufYmT1QLpRwOmcjsiV9u,5,2026-09-18 19:22:12,Нормальные,,,"Сиреневый, изумрудный · 50х90 см",0,0,,,,2026-09-21T14:15:25+03:00
wildberries,243756170,159657202,Letto,Полотенце махровое для лица и рук 50х90см набор 2 шт,JTUM3yRcad8S1o5SqzT6,5,2026-09-18 18:41:48,,,,"Сиреневый, фиолетовый · 50х90 см",0,0,,,,2026-09-21T14:15:25+03:00
wildberries,243756170,159657202,Letto,Полотенце махровое для лица и рук 50х90см набор 2 шт,vhrqZ9TtYW3Kzv5Aq3Kn,5,2026-09-18 18:11:39,,,,"Лавандовый, фуксия · 50х90 см",0,0,,,,2026-09-21T14:15:25+03:00
wildberries,243756170,159657202,Letto,Полотенце махровое для лица и рук 50х90см набор 2 шт,qflhdPmVChgihsNCwZfZ,5,2026-09-18 17:50:43,"Спасибо вам, понравились!",,,Молочный · 50х90 см,0,0,,,,2026-09-21T14:15:25+03:00
wildberries,243756170,159657202,Letto,Полотенце махровое для лица и рук 50х90см набор 2 шт,e3Dxu9dM3z6NQQrX2h3A,5,2026-09-18 17:49:36,"Очень понравились, спасибо!",,,"Какао, бежевый · 50х90 см",0,0,,,,2026-09-21T14:15:25+03:00
wildberries,243756170,159657202,Letto,Полотенце махровое для лица и рук 50х90см набор 2 шт,FiRmScHu1euacERdW79j,5,2026-09-18 17:26:47,,,,"Сиреневый, изумрудный · 50х90 см",0,0,,,,2026-09-21T14:15:25+03:00
wildberries,243756170,159657202,Letto,Полотенце махровое для лица и рук 50х90см набор 2 шт,rUrSaSXM7jk3FU330brL,1,2026-09-18 17:11:04,"При первой стирке полотенце очень сильно линяло , поэтому стирала вручную. Нормальное полотенце, средней плотности.",,,черный,,0,,,,2026-09-21T14:15:25+03:00
wildberries,243756170,159657202,Letto,Полотенце махровое для лица и рук 50х90см набор 2 шт,qKBZdw8Pzx44NqYoZnZk,5,2026-09-18 17:04:44,,,,"Серый, серо-зеленый, темно-серый · 50х90 см",0,0,,,,2026-09-21T14:15:25+03:00
wildberries,243756170,159657202,Letto,Полотенце махровое для лица и рук 50х90см набор 2 шт,xoj2bnH2zEUxhobmSohM,4,2026-09-18 16:55:37,"Буду заказывать, всё отлично",,,"Сиреневый, изумрудный · 50х90 см",0,0,,,,2026-09-21T14:15:25+03:00
wildberries,243756170,159657202,Letto,Полотенце махровое для лица и рук 50х90см набор 2 шт,a5Vb4hyamwQmDyNK0gnx,5,2026-09-18 16:22:31,"Все хорошо. Доставка, упаковка, сами полотенца очень понравились. Спасибо всем.",,,"Какао, бежевый · 50х90 см",0,0,,,,2026-09-21T14:15:25+03:00
wildberries,243756170,159657202,Letto,Полотенце махровое для лица и рук 50х90см набор 2 шт,idDidUK3S9TWctj4lMp2,5,2026-09-18 16:21:08,"Хорошие полотенца, цвет яркий, качество хорошее, средней толщины. Покупкой довольна. Спасибо всем.",,,"Желтый, оранжевый · 50х90 см",0,0,,,,2026-09-21T14:15:25+03:00
wildberries,243756170,159657202,Letto,Полотенце махровое для лица и рук 50х90см набор 2 шт,gEsmf5bSo0rpoONGAmXs,5,2026-09-18 16:11:26,"Отличное качество, хорошо впитывают, беру  третий раз.",,,"Сталь, темно-серый · 50х90 см",0,0,,,,2026-09-21T14:15:25+03:00
wildberries,243756170,159657202,Letto,Полотенце махровое для лица и рук 50х90см набор 2 шт,oYZPQDRcAKstKUatLArO,5,2026-09-18 15:52:50,,,,Белый · 50х90 см,0,0,,,,2026-09-21T14:15:25+03:00
wildberries,243756170,159657202,Letto,Полотенце махровое для лица и рук 50х90см набор 2 шт,CJt6HV4AwkskYOiEpxhc,5,2026-09-18 15:45:56,"Спасибо, очень хорошенькие полотенечки, красивые. Тонковаты, но для рук самое то. Скачество отличное и цена тоже.",,,Светло-розовый · 50х90 см,0,0,,,,2026-09-21T14:15:25+03:00
wildberries,243756170,159657202,Letto,Полотенце махровое для лица и рук 50х90см набор 2 шт,gEGryq2KU9SnhtY3tlUH,4,2026-09-18 15:16:40,"Полотенца понравились. Такие, как на фото. Надеюсь, что не разочаруют в пользовании. ОЧЕНЬ ЖАЛЬ, ЧТО НЕТ ПЕТЕЛЕК В ЦВЕТ! Не удобно!!!",,,"Сиреневый, изумрудный · 50х90 см",0,1,,,,2026-09-21T14:15:25+03:00
wildberries,243756170,159657202,Letto,Полотенце махровое для лица и рук 50х90см набор 2 шт,jqXH8XUQTdYv2UP2hbqo,5,2026-09-18 15:07:00,"Хорошие полотенца,плотные,не тонкие.Плотность 420г/м. Рекомендую",,,"Лавандовый, фуксия · 50х90 см",0,0,,,,2026-09-21T14:15:25+03:00
wildberries,243756170,159657202,Letto,Полотенце махровое для лица и рук 50х90см набор 2 шт,ysrc9MJcZO9x2gfVXlNK,5,2026-09-18 14:59:46,,"Полотенца классные,буду заказывать ещё.",,Бежевый · 50х90 см,0,0,,,,2026-09-21T14:15:25+03:00
wildberries,243756170,159657202,Letto,Полотенце махровое для лица и рук 50х90см набор 2 шт,tuXXF9hU2nKFUdnimS1s,5,2026-09-18 14:59:28,,,,"Серый, темно-серый · 50х90 см",0,0,,,,2026-09-21T14:15:25+03:00
wildberries,243756170,159657202,Letto,Полотенце махровое для лица и рук 50х90см набор 2 шт,Jr8OQbAmaK1IQu3l6bYy,5,2026-09-18 14:52:41,Отличные,,,Белый · 50х90 см,0,0,,,,2026-09-21T14:15:25+03:00
wildberries,243756170,159657202,Letto,Полотенце махровое для лица и рук 50х90см набор 2 шт,RTJXmFxHqzYFHm34pxCO,5,2026-09-18 14:40:25,,,,"Лавандовый, фуксия · 50х90 см",0,0,,,,2026-09-21T14:15:25+03:00
wildberries,243756170,159657202,Letto,Полотенце махровое для лица и рук 50х90см набор 2 шт,6jEXJPNFoH3fS0neezB9,5,2026-09-18 14:18:59,,,,белый,,0,,,,2026-09-21T14:15:25+03:00
wildberries,243756170,159657202,Letto,Полотенце махровое для лица и рук 50х90см набор 2 шт,1dzs1X8mfescnHoZenCC,5,2026-09-18 14:12:18,Пришло быстро и красиво,,,"Бежевый, светло-коричневый · 50х90 см",0,0,,,,2026-09-21T14:15:25+03:00
wildberries,243756170,159657202,Letto,Полотенце махровое для лица и рук 50х90см набор 2 шт,6SrzzhCC8dgPUm0NQ8wo,5,2026-09-18 14:11:58,"Полотенчик мягкие,супер!",,,"Лавандовый, фуксия · 50х90 см",0,0,,,,2026-09-21T14:15:25+03:00
wildberries,243756170,159657202,Letto,Полотенце махровое для лица и рук 50х90см набор 2 шт,JCYyKIUt2u9N1eTwnUCC,5,2026-09-18 13:38:23,Товар соответствует описанию,,,Бежевый · 50х90 см,0,0,,,,2026-09-21T14:15:25+03:00
wildberries,243756170,159657202,Letto,Полотенце махровое для лица и рук 50х90см набор 2 шт,6X0mcnyNnhDlbu13CNhb,5,2026-09-18 13:25:54,,,,Сталь · 50х90 см,0,0,,,,2026-09-21T14:15:25+03:00
wildberries,243756170,159657202,Letto,Полотенце махровое для лица и рук 50х90см набор 2 шт,zfENipB6Bkwl3oV4qawB,5,2026-09-18 13:25:28,Хорошие полотенца. Спасибо!,,,Сталь · 50х90 см,0,0,,,,2026-09-21T14:15:25+03:00
wildberries,243756170,159657202,Letto,Полотенце махровое для лица и рук 50х90см набор 2 шт,jXwIRKxkWYWdrBai6JXb,5,2026-09-18 13:04:43,"Упаковка пришла порванная, запах полотенец отвратительный, надеюсь отстираются","Мягкие, хорошие, плотные",,фиолетовый,0,0,,,,2026-09-21T14:15:25+03:00
wildberries,243756170,159657202,Letto,Полотенце махровое для лица и рук 50х90см набор 2 шт,2taPaYOd4ToWldPUKzsE,5,2026-09-18 12:59:48,,,,"Желтый, оранжевый · 50х90 см",0,0,,,,2026-09-21T14:15:25+03:00
wildberries,243756170,159657202,Letto,Полотенце махровое для лица и рук 50х90см набор 2 шт,HvQojMKwTuLgBUbeFEyI,4,2026-09-18 12:24:46,"Полотенце тонкое, плотность не соответствует заявленному, для этой цены, наверное, норма.",,,фиолетовый,,0,,,,2026-09-21T14:15:25+03:00
wildberries,243756170,159657202,Letto,Полотенце махровое для лица и рук 50х90см набор 2 шт,dUKnqNUp1mFZrlZ5M85L,5,2026-09-18 12:21:09,Прелесть.,,,"Желтый, оранжевый · 50х90 см",0,0,,,,2026-09-21T14:15:25+03:00
wildberries,243756170,159657202,Letto,Полотенце махровое для лица и рук 50х90см набор 2 шт,Sr0bmMxEdULDYBiaQYDk,5,2026-09-18 12:12:44,Упаковка хорошая. Всё понравилось. Рекомендую,,,"Серо-голубой, серо-синий · 50х90 см",0,0,,,,2026-09-21T14:15:25+03:00
wildberries,243756170,159657202,Letto,Полотенце махровое для лица и рук 50х90см набор 2 шт,aMJ5wOwvuBE3hnO0yrwq,5,2026-09-18 12:07:11,"Покупала разные наборы, всегда всё отлично, очень нравятся. Этот набор также отличный",,,"Бежевый, светло-коричневый · 50х90 см",0,0,,,,2026-09-21T14:15:25+03:00
wildberries,243756170,159657202,Letto,Полотенце махровое для лица и рук 50х90см набор 2 шт,lq3vmT5LQPmCHUYVWWNM,5,2026-09-18 12:06:10,"Люблю полотенца letto,  это не первый комплект. Устраивает соотношение цена-качество, а также многообразие расцветок и размеров",,,"Горький шоколад, бежевый · 50х90 см",0,0,,,,2026-09-21T14:15:25+03:00
wildberries,243756170,159657202,Letto,Полотенце махровое для лица и рук 50х90см набор 2 шт,GOFMxf83qSENBFnpMeVD,5,2026-09-18 11:56:16,"Хорошие, беру второй раз,",,,"Какао, бежевый · 50х90 см",0,0,,,,2026-09-21T14:15:25+03:00
wildberries,243756170,159657202,Letto,Полотенце махровое для лица и рук 50х90см набор 2 шт,xMGTjbi59DLp1AF5s1OV,5,2026-09-18 11:54:26,,,,Серо-зеленый · 50х90 см,0,0,,,,2026-09-21T14:15:25+03:00
wildberries,243756170,159657202,Letto,Полотенце махровое для лица и рук 50х90см набор 2 шт,0p3lRRu1pxFEIHmkTGKb,5,2026-09-18 11:52:32,"хорошие полотенца, беру не первый раз, рекомендую",,,"Лавандовый, фуксия · 50х90 см",0,0,,,,2026-09-21T14:15:25+03:00
wildberries,243756170,159657202,Letto,Полотенце махровое для лица и рук 50х90см набор 2 шт,R1jbB5WSOn7ZzgaugIYN,5,2026-09-18 11:49:49,,,,"Сиреневый, изумрудный · 50х90 см",0,0,,,,2026-09-21T14:15:25+03:00
wildberries,243756170,159657202,Letto,Полотенце махровое для лица и рук 50х90см набор 2 шт,k2UnPURVYKi8yboXBJzk,5,2026-09-18 11:48:17,"Полотенца хорошие, чистые, мягкие, но показалось тонковаты для 420 г/м. Есть сравнение! А так хорошие, для лица и рук, отлично👍",,,"Бежевый, светло-коричневый · 50х90 см",0,0,,,,2026-09-21T14:15:25+03:00
wildberries,243756170,159657202,Letto,Полотенце махровое для лица и рук 50х90см набор 2 шт,lsxkHsLFGMNey0uDzkYS,5,2026-09-18 11:42:42,Спасибо за мягкие и приятные полотенечки... Настоящие...,,,"Желтый, оранжевый · 50х90 см",0,0,,,,2026-09-21T14:15:25+03:00
wildberries,243756170,159657202,Letto,Полотенце махровое для лица и рук 50х90см набор 2 шт,BKwa5FVAYKusXP2HPVTn,5,2026-09-18 11:29:16,,,,"Сталь, темно-серый · 50х90 см",0,0,,,,2026-09-21T14:15:25+03:00
wildberries,243756170,159657202,Letto,Полотенце махровое для лица и рук 50х90см набор 2 шт,139Nh7Ir96D4jWSNHcbj,5,2026-09-18 11:18:10,,,,"Какао, бежевый · 50х90 см",0,0,,,,2026-09-21T14:15:25+03:00
wildberries,243756170,159657202,Letto,Полотенце махровое для лица и рук 50х90см набор 2 шт,ORoGaaKFGS969UW2X6oP,5,2026-09-18 10:56:27,"Здравствуйте! Мне нравятся именно эти полотенца не тонкие , красивые цвета и вытирают хорошо. Беру у вас четвёртый раз . Спасибо!",,,"Синий, ярко-голубой · 50х90 см",0,0,,,,2026-09-21T14:15:25+03:00
wildberries,243756170,159657202,Letto,Полотенце махровое для лица и рук 50х90см набор 2 шт,ZsfpBIa250hqEs5Hehwv,5,2026-09-18 10:29:04,,,,коричневый,0,0,,,,2026-09-21T14:15:25+03:00
wildberries,243756170,159657202,Letto,Полотенце махровое для лица и рук 50х90см набор 2 шт,7Uijlm8yndQxZ1O8KATv,5,2026-09-18 10:11:32,Полотенца Супер.,,,"Сиреневый, изумрудный · 50х90 см",0,0,,,,2026-09-21T14:15:25+03:00
wildberries,243756170,159657202,Letto,Полотенце махровое для лица и рук 50х90см набор 2 шт,Agf9YzKK0aeeu8EBo17d,5,2026-09-18 10:02:42,👍👍👍,,,бежевый,,0,,,,2026-09-21T14:15:25+03:00
wildberries,243756170,159657202,Letto,Полотенце махровое для лица и рук 50х90см набор 2 шт,chgFacJxuGn840Fgs4Zb,5,2026-09-18 10:00:36,"Спасибо за доставку! Хорошие два полотенца. Тонковатые конечно, но для рук и лица подойдёт.",,,"Сиреневый, изумрудный · 50х90 см",0,0,,,,2026-09-21T14:15:25+03:00
wildberries,243756170,159657202,Letto,Полотенце махровое для лица и рук 50х90см набор 2 шт,q63itkOW5FXGeAWhY4nA,5,2026-09-18 09:36:55,"Хорошие, яркие, не совсем тонюсенькие полотенца.",,,"Желтый, оранжевый · 50х90 см",0,0,,,,2026-09-21T14:15:25+03:00
wildberries,243756170,159657202,Letto,Полотенце махровое для лица и рук 50х90см набор 2 шт,odtd1ye5GDierxO2KE68,5,2026-09-18 09:14:48,,,,Молочный · 50х90 см,0,0,,,,2026-09-21T14:15:25+03:00
wildberries,243756170,159657202,Letto,Полотенце махровое для лица и рук 50х90см набор 2 шт,pphxpNs6Me8eh4vmQT7Y,4,2026-09-18 08:34:55,Товар хороший. Сняла звезду за ужасную упаковку товара.,,,Черный · 50х90 см,0,0,,,,2026-09-21T14:15:25+03:00
wildberries,243756170,159657202,Letto,Полотенце махровое для лица и рук 50х90см набор 2 шт,Otf99zAZNcuIaEEZCzS0,5,2026-09-18 08:32:56,Хорошие полотенца,,,Сталь · 50х90 см,0,0,,,,2026-09-21T14:15:25+03:00
wildberries,243756170,159657202,Letto,Полотенце махровое для лица и рук 50х90см набор 2 шт,NZeKNTHIkPASgvRKpnkZ,5,2026-09-18 08:27:57,Хорошие🙏👍👍,,,"Сиреневый, изумрудный · 50х90 см",0,0,,,,2026-09-21T14:15:25+03:00
wildberries,243756170,159657202,Letto,Полотенце махровое для лица и рук 50х90см набор 2 шт,rrF4hy8qm06oUQfgxNyO,5,2026-09-18 08:27:22,Обожульки!,,,"Бежевый, светло-коричневый · 50х90 см",0,0,,,,2026-09-21T14:15:25+03:00
wildberries,243756170,159657202,Letto,Полотенце махровое для лица и рук 50х90см набор 2 шт,P1gYCq8zmMpkZ15AN0lO,5,2026-09-18 08:08:35,,,,Белый · 50х90 см,0,0,,,,2026-09-21T14:15:25+03:00
wildberries,243756170,159657202,Letto,Полотенце махровое для лица и рук 50х90см набор 2 шт,Zry7ihSBhocMGXq3rt0r,4,2026-09-18 08:02:58,"Оочень. Долго. Шёл. Ваш товар,,,я уже подарок купила другой,,,,",,,"Сиреневый, изумрудный · 50х90 см",0,0,,,,2026-09-21T14:15:25+03:00
wildberries,243756170,159657202,Letto,Полотенце махровое для лица и рук 50х90см набор 2 шт,UWM5yIOdyF5uF4OGiGj1,5,2026-09-18 07:59:49,,,,"Сиреневый, фиолетовый · 50х90 см",0,0,,,,2026-09-21T14:15:25+03:00
wildberries,243756170,159657202,Letto,Полотенце махровое для лица и рук 50х90см набор 2 шт,kTFjRo4y3PPACUo5a7aX,5,2026-09-18 07:59:46,,,,"Сиреневый, фиолетовый · 50х90 см",0,0,,,,2026-09-21T14:15:25+03:00
wildberries,243756170,159657202,Letto,Полотенце махровое для лица и рук 50х90см набор 2 шт,L0lwJFBcB9qznywzVwBr,5,2026-09-18 07:59:10,,,,"Лавандовый, фуксия · 50х90 см",0,0,,,,2026-09-21T14:15:25+03:00
wildberries,243756170,159657202,Letto,Полотенце махровое для лица и рук 50х90см набор 2 шт,bqDBFGrweDwYNbYokLBm,5,2026-09-18 07:53:21,"Полотенца хорошие, качественные. Немного тонковаты для 420, скорее 380. Рекомендую к покупке.",,,"Какао, бежевый · 50х90 см",0,0,,,,2026-09-21T14:15:25+03:00
wildberries,243756170,159657202,Letto,Полотенце махровое для лица и рук 50х90см набор 2 шт,HkAKnmPzolvJHaqdSwhR,3,2026-09-18 07:48:50,,,,"Синий, ярко-голубой · 50х90 см",0,1,,,,2026-09-21T14:15:25+03:00
wildberries,243756170,159657202,Letto,Полотенце махровое для лица и рук 50х90см набор 2 шт,QoaN9YUaLUPVyXPZiMJZ,5,2026-09-18 07:46:49,Супер!🔥,,,Сиреневый · 50х90 см,0,0,,,,2026-09-21T14:15:25+03:00
wildberries,243756170,159657202,Letto,Полотенце махровое для лица и рук 50х90см набор 2 шт,o7vmJMbrXtwU6quKwitz,5,2026-09-18 07:33:35,"Хорошие полотенца, мягкие и цвета красивые -синий и голубой 😊",,,"Синий, ярко-голубой · 50х90 см",0,0,,,,2026-09-21T14:15:25+03:00
wildberries,243756170,159657202,Letto,Полотенце махровое для лица и рук 50х90см набор 2 шт,Y6J1CuZPlCtfHnLnhxlN,2,2026-09-18 07:28:38,"Впитывает хорошо, но миллион раз постирала пахнут козлятиной какой-то. Кондиционер не спасает.",,,"Горький шоколад, бежевый · 50х90 см",0,0,,,,2026-09-21T14:15:25+03:00
wildberries,243756170,159657202,Letto,Полотенце махровое для лица и рук 50х90см набор 2 шт,EfxwKj19p7lZnYDo74Ay,5,2026-09-18 07:21:12,,,,"Желтый, оранжевый · 50х90 см",0,0,,,,2026-09-21T14:15:25+03:00
wildberries,243756170,159657202,Letto,Полотенце махровое для лица и рук 50х90см набор 2 шт,IjE7gdhXqWXZkNlNVqn9,5,2026-09-18 07:19:55,,,,"Лавандовый, фуксия · 50х90 см",0,0,,,,2026-09-21T14:15:25+03:00
wildberries,1024484983,501165342,Guten Morgen,Полотенце бамбук набор 30х50 - 2 шт Эко,z7L5aIFh7JWwdj35c4f0,5,2026-09-21 10:46:45,Мягкие. Красивые,,,"Бежевый, молочный · 30х50 см",0,0,,,,2026-09-21T14:15:25+03:00
wildberries,1024484983,501165342,Guten Morgen,Полотенце бамбук набор 30х50 - 2 шт Эко,tFNjneKxjMiJ0fMtvJvT,5,2026-09-21 10:00:45,Красивые и качественные. Мне нравятся такие плотные полотенца. Однозначно рекомендую,,,Зеленый · 30х50 см,0,0,,,,2026-09-21T14:15:25+03:00
wildberries,1024484983,501165342,Guten Morgen,Полотенце бамбук набор 30х50 - 2 шт Эко,9zNraiiXciEjkUNDf9YP,5,2026-09-21 09:58:54,,,,Белый · 30х50 см,0,0,,,,2026-09-21T14:15:25+03:00
wildberries,1024484983,501165342,Guten Morgen,Полотенце бамбук набор 30х50 - 2 шт Эко,J8Pjax4EWBRIKU3iNaIU,4,2026-09-21 08:31:17,"На вид пришли какие то немного влажноватые, но из за того что качество не плохое, не стала отказываться, мягкие, есть петелька, но и упакованы были хорошо",,,"Коричневый, бежевый · 30х50 см",0,0,,,,2026-09-21T14:15:25+03:00
wildberries,1024484983,501165342,Guten Morgen,Полотенце бамбук набор 30х50 - 2 шт Эко,E85Sc1i7t38gqKcL0LSp,4,2026-09-21 07:43:57,Очень маленькие!,,,"Бежевый, молочный · 30х50 см",0,0,,,,2026-09-21T14:15:25+03:00
wildberries,1024484983,501165342,Guten Morgen,Полотенце бамбук набор 30х50 - 2 шт Эко,UAtX0l00i3M9i04BehDO,1,2026-09-21 07:10:29,"Пришло одно полотенце , выглядело уже использованным",,,красный,,0,,,,2026-09-21T14:15:25+03:00
wildberries,1024484983,501165342,Guten Morgen,Полотенце бамбук набор 30х50 - 2 шт Эко,OpqYj4wXgmzULBxvvcDh,4,2026-09-21 04:54:01,,"Полотенчики приятные, мягонькие. Постоянно берем полотенца данного производителя различных размеров.","Дизайнеру тройка за петельку. Само наличие петелек на Ваших полотенцах, конечно, очень выручает, но на этой модели она пришита крайне не удобно и не эстетично. Многим, в том числе и мне, важна еще и красота. Если Вы преследовали цель сделать висящее полотенце более компактным, то , возможно, стоило бы пришить петельку на уголок... Ну, или, как вариант, выпустить две линейки, одну с данной петелькой, а вторую с классической, по длинной стороне. Каждый покупатель бы сам определялся, как ему красивее, удобнее и все бы были довольны. Лично я сейчас сяду пришивать петельки с удобной мне стороны ))).",белый,0,0,,,,2026-09-21T14:15:25+03:00
wildberries,1024484983,501165342,Guten Morgen,Полотенце бамбук набор 30х50 - 2 шт Эко,axCHUvimdVGCssja07Rj,5,2026-09-21 03:36:58,"Полотенца мне понравились, люблю белый цвет, после стирки  меньше не стали, всё хорошо)",,,Белый · 30х50 см,0,0,,,,2026-09-21T14:15:25+03:00
wildberries,1024484983,501165342,Guten Morgen,Полотенце бамбук набор 30х50 - 2 шт Эко,ZQzII1oMWXUgVfnc8p8d,5,2026-09-21 02:56:31,"Хорошие полотенчики, пушистые, плотненькие. После стирки стали прям толстенькими, цвет темноват больше графитовый. Спасибо производителю, продавцу и WB",,,серый,,0,,,,2026-09-21T14:15:25+03:00
wildberries,1024484983,501165342,Guten Morgen,Полотенце бамбук набор 30х50 - 2 шт Эко,gnLZmrmsJ7jcZCC3wPF7,5,2026-09-21 02:55:31,"Хорошие полотенчики, пушистые, плотненькие. После стирки стали прям толстенькими и цвет приятный. Спасибо производителю, продавцу и WB",,,голубой,,0,,,,2026-09-21T14:15:25+03:00
wildberries,1024484983,501165342,Guten Morgen,Полотенце бамбук набор 30х50 - 2 шт Эко,OGhMniDKTsF6nU28MExi,5,2026-09-20 18:21:41,,,,Белый · 30х50 см,0,0,,,,2026-09-21T14:15:25+03:00
wildberries,1024484983,501165342,Guten Morgen,Полотенце бамбук набор 30х50 - 2 шт Эко,u5KdEimEgdal9W4NfKmY,2,2026-09-20 17:43:35,Полотенца тонкие. Подойдут только на кухню руки вытирать.,,,голубой,,0,,,,2026-09-21T14:15:25+03:00
wildberries,1024484983,501165342,Guten Morgen,Полотенце бамбук набор 30х50 - 2 шт Эко,6R4FnEeCUI7Nw0YAVn3S,4,2026-09-20 17:21:12,"Полотенце не такие плотные, нет здесь 500г/м",,,Красный · 30х50 см,0,0,,,,2026-09-21T14:15:25+03:00
wildberries,1024484983,501165342,Guten Morgen,Полотенце бамбук набор 30х50 - 2 шт Эко,19yltZjHMHG1dLG7c72B,5,2026-09-20 16:33:11,"Я довольна, размер , цвет и тактильно приятные, советую",,,бежевый,,0,,,,2026-09-21T14:15:25+03:00
wildberries,1024484983,501165342,Guten Morgen,Полотенце бамбук набор 30х50 - 2 шт Эко,84hJ9dD8CvLhIfeyRu7m,5,2026-09-20 16:07:14,"Хлопок, довольно тонкие, но для рук хороши. Производство Индия. Советую",,,Зеленый · 30х50 см,0,0,,,,2026-09-21T14:15:25+03:00
wildberries,1024484983,501165342,Guten Morgen,Полотенце бамбук набор 30х50 - 2 шт Эко,ZDNfBNBhfZMpdvXYi4GU,5,2026-09-20 16:05:01,,,,голубой,0,0,,,,2026-09-21T14:15:25+03:00
wildberries,1024484983,501165342,Guten Morgen,Полотенце бамбук набор 30х50 - 2 шт Эко,b2uptYU0cJnXH3YfeQ7d,1,2026-09-20 14:06:16,"Написано 100% хлопок, но там синтетика.",,,белый,,0,,,,2026-09-21T14:15:25+03:00
wildberries,1024484983,501165342,Guten Morgen,Полотенце бамбук набор 30х50 - 2 шт Эко,j2uXwxnpEnFjPaC9vfFC,4,2026-09-20 13:59:43,,,,Зеленый · 30х50 см,0,0,,,,2026-09-21T14:15:25+03:00
wildberries,1024484983,501165342,Guten Morgen,Полотенце бамбук набор 30х50 - 2 шт Эко,mrif6x9PswjuEKEpp31x,5,2026-09-20 13:59:20,Нежность,,,Белый · 30х50 см,0,0,,,,2026-09-21T14:15:25+03:00
wildberries,1024484983,501165342,Guten Morgen,Полотенце бамбук набор 30х50 - 2 шт Эко,dwuNp9L7MrhE3H346bhW,5,2026-09-20 13:55:35,Хороше. Маленькие будем пользоваться.,,,Молочный · 30х50 см,0,0,,,,2026-09-21T14:15:25+03:00
wildberries,1024484983,501165342,Guten Morgen,Полотенце бамбук набор 30х50 - 2 шт Эко,k40ExRfAlNEpDw1B4f54,4,2026-09-20 13:47:59,Цвет на фото и по факту не совпадает. Качество норм,,,Зеленый · 30х50 см,0,0,,,,2026-09-21T14:15:25+03:00
wildberries,1024484983,501165342,Guten Morgen,Полотенце бамбук набор 30х50 - 2 шт Эко,UZRLZsD0LyXYlfLeEczs,4,2026-09-20 13:20:48,"Тонкие маленькие полотенца производства Индия, подошли на кухню со стола вытирать. Для моего лица маловаты! Цвет травы, совсем не похож на фото",,,Зеленый · 30х50 см,0,0,,,,2026-09-21T14:15:25+03:00
wildberries,1024484983,501165342,Guten Morgen,Полотенце бамбук набор 30х50 - 2 шт Эко,xmJzQfD3XQ4yTbXmGoEo,5,2026-09-20 12:27:18,"Для меня размер удобный, белые, мягкие.",,,белый,,0,,,,2026-09-21T14:15:25+03:00
wildberries,1024484983,501165342,Guten Morgen,Полотенце бамбук набор 30х50 - 2 шт Эко,OQdldt0isW1yvmJJjyf9,5,2026-09-20 11:30:47,Небольшие мягкие полотенца. Хорошо впитывают влагу. Цвет соответствует изображению в карточке.,,,голубой,,0,,,,2026-09-21T14:15:25+03:00
wildberries,1024484983,501165342,Guten Morgen,Полотенце бамбук набор 30х50 - 2 шт Эко,w0abwi9govWPe5tjYEnl,5,2026-09-20 10:52:23,Полотенце очень мягкое и приятное. Спасибо,,,бежевый,,0,,,,2026-09-21T14:15:25+03:00
wildberries,1024484983,501165342,Guten Morgen,Полотенце бамбук набор 30х50 - 2 шт Эко,bdNuBga7yyATV4Xz4dHC,5,2026-09-20 10:52:13,,,,"Оранжевый, розовый · 30х50 см",0,0,,,,2026-09-21T14:15:25+03:00
wildberries,1024484983,501165342,Guten Morgen,Полотенце бамбук набор 30х50 - 2 шт Эко,XtTV1Id0gI2v2Sam96ew,5,2026-09-20 10:52:03,,,,Красный · 30х50 см,0,0,,,,2026-09-21T14:15:25+03:00
wildberries,1024484983,501165342,Guten Morgen,Полотенце бамбук набор 30х50 - 2 шт Эко,yTMuDVDvADDpbW4tTS4C,5,2026-09-20 09:18:59,"Мягкие, но цвет сильно темнее",,,"Коричневый, бежевый · 30х50 см",0,0,,,,2026-09-21T14:15:25+03:00
wildberries,1024484983,501165342,Guten Morgen,Полотенце бамбук набор 30х50 - 2 шт Эко,9aob0k5IlDLbiwC1wqOA,2,2026-09-20 07:54:46,"Качество так себе, скользкое и тонкая ткань, как будто синтетика и петля по вертикали пришита, а мне нужна по ширине ткани, так истетичнее смотрелось бы, совсем не соответствует картинки",,,зеленый,,1,,,,2026-09-21T14:15:25+03:00
wildberries,1024484983,501165342,Guten Morgen,Полотенце бамбук набор 30х50 - 2 шт Эко,es0MqjkGP2Urv4eyVBQv,5,2026-09-20 05:35:33,,,,Белый · 30х50 см,0,0,,,,2026-09-21T14:15:25+03:00
wildberries,1024484983,501165342,Guten Morgen,Полотенце бамбук набор 30х50 - 2 шт Эко,UeNyEjLequl0TU0t4qIb,3,2026-09-20 04:04:19,Тоненькие очень!,,,Коричневый · 30х50 см,0,0,,,,2026-09-21T14:15:25+03:00
wildberries,1024484983,501165342,Guten Morgen,Полотенце бамбук набор 30х50 - 2 шт Эко,TRSZ4w21tZ22IN11PkTd,5,2026-09-19 21:42:34,Плотные мягкие махровые полотенчики из хлопка.,,,Зеленый · 30х50 см,0,0,,,,2026-09-21T14:15:25+03:00
wildberries,1024484983,501165342,Guten Morgen,Полотенце бамбук набор 30х50 - 2 шт Эко,SU3wCO7htOAvfM7dlJwT,5,2026-09-19 16:37:42,,,,белый,,0,,,,2026-09-21T14:15:25+03:00
wildberries,1024484983,501165342,Guten Morgen,Полотенце бамбук набор 30х50 - 2 шт Эко,VmL8IBxf6Hx3KTVSmx8u,3,2026-09-19 16:21:55,Так себе ксчество,,,Белый · 30х50 см,0,0,,,,2026-09-21T14:15:25+03:00
wildberries,1024484983,501165342,Guten Morgen,Полотенце бамбук набор 30х50 - 2 шт Эко,dnalzHvF8Ma6SV8BIF1R,5,2026-09-19 16:15:57,,,,бежевый,,0,,,,2026-09-21T14:15:25+03:00
wildberries,1024484983,501165342,Guten Morgen,Полотенце бамбук набор 30х50 - 2 шт Эко,4tU3kVDU7iDFfC788jbC,5,2026-09-19 16:13:05,,,,белый,,0,,,,2026-09-21T14:15:25+03:00
wildberries,1024484983,501165342,Guten Morgen,Полотенце бамбук набор 30х50 - 2 шт Эко,xk2qb8daxajelp4drWP9,5,2026-09-19 16:02:05,,,,Белый · 30х50 см,0,0,,,,2026-09-21T14:15:25+03:00
wildberries,1024484983,501165342,Guten Morgen,Полотенце бамбук набор 30х50 - 2 шт Эко,YoORtO9MVO1n0OciLe4I,5,2026-09-19 14:36:54,,,Маленькие,белый,0,0,,,,2026-09-21T14:15:25+03:00
wildberries,1024484983,501165342,Guten Morgen,Полотенце бамбук набор 30х50 - 2 шт Эко,MRZSJ4Bb1AR7fV5u0WAL,1,2026-09-19 12:23:36,Слишком маленькие,,,"Голубой, синий · 30х50 см",0,1,,,,2026-09-21T14:15:25+03:00
wildberries,1024484983,501165342,Guten Morgen,Полотенце бамбук набор 30х50 - 2 шт Эко,bgHvCkmMDziRx0mlgEPc,3,2026-09-19 11:32:03,Вытирать только лицо подойдёт,,,Белый · 30х50 см,0,0,,,,2026-09-21T14:15:25+03:00
wildberries,1024484983,501165342,Guten Morgen,Полотенце бамбук набор 30х50 - 2 шт Эко,xMTAq9GgWyDfITEB9FPP,3,2026-09-19 11:31:17,"Полотенца очень маленькие, не 30×50,а 20×40максимум",,,"Оранжевый, розовый · 30х50 см",0,0,,,,2026-09-21T14:15:25+03:00
wildberries,1024484983,501165342,Guten Morgen,Полотенце бамбук набор 30х50 - 2 шт Эко,wE1zEZNlv0Vfmavg55Ae,3,2026-09-19 11:30:37,,,,бежевый,,0,,,,2026-09-21T14:15:25+03:00
wildberries,1024484983,501165342,Guten Morgen,Полотенце бамбук набор 30х50 - 2 шт Эко,yLalFPgvUIy2Ft4F6zyJ,4,2026-09-19 07:17:02,"На фото они выглядят намного пышнее, а так хорошие,маленькие полотенца.",,,бежевый,,0,,,,2026-09-21T14:15:25+03:00
wildberries,1024484983,501165342,Guten Morgen,Полотенце бамбук набор 30х50 - 2 шт Эко,pn0A2TPkVuTWRqy8o4Jb,5,2026-09-19 05:18:37,,,,"Оранжевый, розовый · 30х50 см",0,0,,,,2026-09-21T14:15:25+03:00
wildberries,1024484983,501165342,Guten Morgen,Полотенце бамбук набор 30х50 - 2 шт Эко,kB2uwluz3Cr5PySAJgee,5,2026-09-19 03:26:48,,"Маленькие, аккуратные, есть петелька-этикетка. Средней плотности. Рекомендуем к покупке.",,голубой,0,0,,,,2026-09-21T14:15:25+03:00
wildberries,1024484983,501165342,Guten Morgen,Полотенце бамбук набор 30х50 - 2 шт Эко,7eJjjC5ZeXQNSWbWMHeD,5,2026-09-18 17:10:35,,,,Молочный · 30х50 см,0,0,,,,2026-09-21T14:15:25+03:00
wildberries,1024484983,501165342,Guten Morgen,Полотенце бамбук набор 30х50 - 2 шт Эко,RoOC6bym4GdOX2F9kNXT,3,2026-09-18 16:30:17,,,,Молочный · 30х50 см,0,0,,,,2026-09-21T14:15:25+03:00
wildberries,1024484983,501165342,Guten Morgen,Полотенце бамбук набор 30х50 - 2 шт Эко,r6FN3axhepwIo9RP4Xci,1,2026-09-18 16:20:04,Был заказ на более 2000 тыс. Привезла девушка только два полотенца. Краску не привезла. Ужас а не доставка,,,"Голубой, синий · 30х50 см",0,0,,,,2026-09-21T14:15:25+03:00
wildberries,1024484983,501165342,Guten Morgen,Полотенце бамбук набор 30х50 - 2 шт Эко,IQsLq2Efo2VFfdCOZK6N,5,2026-09-18 15:41:40,"Хорошие хлопковые полотенчики для кухни в самый раз, спасибо!",,,Белый · 30х50 см,0,0,,,,2026-09-21T14:15:25+03:00
wildberries,1024484983,501165342,Guten Morgen,Полотенце бамбук набор 30х50 - 2 шт Эко,t9y9vHwZGuPaX9Zttmwg,5,2026-09-18 15:35:51,Советую брать качество хороший,,,"Коричневый, бежевый · 30х50 см",0,0,,,,2026-09-21T14:15:25+03:00
wildberries,1024484983,501165342,Guten Morgen,Полотенце бамбук набор 30х50 - 2 шт Эко,ZqgrVprPxD8723qu36rk,5,2026-09-18 13:52:31,"Товар хороший, упаковано  замечательно, претензий нет.",,,"Голубой, синий · 30х50 см",0,0,,,,2026-09-21T14:15:25+03:00
wildberries,1024484983,501165342,Guten Morgen,Полотенце бамбук набор 30х50 - 2 шт Эко,8XInkrZZLWvGRtzGIKVY,5,2026-09-18 13:48:52,,При осмотре  все ок,,серый,0,0,,,,2026-09-21T14:15:25+03:00
wildberries,1024484983,501165342,Guten Morgen,Полотенце бамбук набор 30х50 - 2 шт Эко,45HI4CWVX8RN5bHuUqlG,1,2026-09-18 13:36:26,"Заказала ярко синий прислал голубой который не  сильно в спросе, забирал брат, а так бы я их вернула, не рекомендую продавца",,,Синий · 30х50 см,0,0,,,,2026-09-21T14:15:25+03:00
wildberries,1024484983,501165342,Guten Morgen,Полотенце бамбук набор 30х50 - 2 шт Эко,TveldgJ3jjeUImj08GXv,5,2026-09-18 12:41:41,,Отличное качество,,белый,,0,,,,2026-09-21T14:15:25+03:00
wildberries,1024484983,501165342,Guten Morgen,Полотенце бамбук набор 30х50 - 2 шт Эко,m3aIQEq15gi5BR1u1W1V,5,2026-09-18 12:03:01,Полотенца хорошего качества и нужного размера. Устраивает цена.,,,белый,,0,,,,2026-09-21T14:15:25+03:00
wildberries,1024484983,501165342,Guten Morgen,Полотенце бамбук набор 30х50 - 2 шт Эко,7WCdlVvBlTKgkzOoqLSi,5,2026-09-18 09:59:58,"Маленькие,мягенькие. На кухне,руки вытирать, нормально.",,,"Бежевый, молочный · 30х50 см",0,0,,,,2026-09-21T14:15:25+03:00
wildberries,1024484983,501165342,Guten Morgen,Полотенце бамбук набор 30х50 - 2 шт Эко,dYO2w6qyBuHGiDQkV6QX,4,2026-09-18 06:37:00,,,"слишком маленькие,размер не соответствует",коричневый,0,0,,,,2026-09-21T14:15:25+03:00
wildberries,1024484983,501165342,Guten Morgen,Полотенце бамбук набор 30х50 - 2 шт Эко,xgrg4AunyuH0FrA18vH3,5,2026-09-18 05:34:57,,,,Коричневый · 30х50 см,0,0,,,,2026-09-21T14:15:25+03:00
wildberries,1024484983,501165342,Guten Morgen,Полотенце бамбук набор 30х50 - 2 шт Эко,2qbrmEE0zGsLXkiDb7MQ,5,2026-09-18 04:35:46,,,,белый,,0,,,,2026-09-21T14:15:25+03:00
wildberries,1024484983,501165342,Guten Morgen,Полотенце бамбук набор 30х50 - 2 шт Эко,NSNbrB5GDuyKDaHhps1Y,5,2026-09-18 04:12:58,Просто суперские,,,Белый · 30х50 см,0,0,,,,2026-09-21T14:15:25+03:00
wildberries,1024484983,501165342,Guten Morgen,Полотенце бамбук набор 30х50 - 2 шт Эко,wDjg0kusyQBcQZzAhDWW,5,2026-09-17 22:37:07,,,,Зеленый · 30х50 см,0,0,,,,2026-09-21T14:15:25+03:00
wildberries,1024484983,501165342,Guten Morgen,Полотенце бамбук набор 30х50 - 2 шт Эко,TbmS0dIUnWcNQ9xOFZY9,5,2026-09-17 22:36:28,,,,"Оранжевый, розовый · 30х50 см",0,0,,,,2026-09-21T14:15:25+03:00
wildberries,1024484983,501165342,Guten Morgen,Полотенце бамбук набор 30х50 - 2 шт Эко,4QaxY8KPznXOBoIWXmJz,5,2026-09-17 21:37:51,"Полотенца отличного качества, хлопковые, мягкие.",,,белый,,0,,,,2026-09-21T14:15:25+03:00
wildberries,1024484983,501165342,Guten Morgen,Полотенце бамбук набор 30х50 - 2 шт Эко,FbgUPDKrF6PArX3FbXtS,5,2026-09-17 19:12:10,Хорошего качества  полотенчики!Рекомендую!,,,белый,0,0,,,,2026-09-21T14:15:25+03:00
wildberries,1024484983,501165342,Guten Morgen,Полотенце бамбук набор 30х50 - 2 шт Эко,KEWqpKyRt0n2S8PrSzRN,5,2026-09-17 14:10:41,,,,бежевый,,0,,,,2026-09-21T14:15:25+03:00
wildberries,1024484983,501165342,Guten Morgen,Полотенце бамбук набор 30х50 - 2 шт Эко,B3oWMC0TfoUeLkppc1oc,5,2026-09-17 12:18:39,,,,"Фиолетовый, сиреневый · 30х50 см",0,0,,,,2026-09-21T14:15:25+03:00
wildberries,1024484983,501165342,Guten Morgen,Полотенце бамбук набор 30х50 - 2 шт Эко,onOAWgc8Zz7IQpgE7l4m,2,2026-09-17 11:49:43,,,,белый,,0,,,,2026-09-21T14:15:25+03:00
wildberries,1024484983,501165342,Guten Morgen,Полотенце бамбук набор 30х50 - 2 шт Эко,t13X5QMJHSHa1Oa4SVE4,1,2026-09-17 09:07:51,"Качество полотенец хорошее,но для лица они очень маленькие.мне не понравилось.",,,Зеленый · 30х50 см,0,0,,,,2026-09-21T14:15:25+03:00
wildberries,1024484983,501165342,Guten Morgen,Полотенце бамбук набор 30х50 - 2 шт Эко,Uhzo9bFh96kURHshkIB9,3,2026-09-17 09:01:43,Качество оставляет желать лучшего..,,,"Голубой, синий · 30х50 см",0,1,,,,2026-09-21T14:15:25+03:00
wildberries,1024484983,501165342,Guten Morgen,Полотенце бамбук набор 30х50 - 2 шт Эко,IkUvWvKufvKPM60Y3BhO,5,2026-09-17 06:49:18,,"Мягкое, хорошее полотеце.",,Коричневый · 30х50 см,0,0,,,,2026-09-21T14:15:25+03:00
wildberries,1024484983,501165342,Guten Morgen,Полотенце бамбук набор 30х50 - 2 шт Эко,6hrYU7RN9GYLZYHL1jYN,1,2026-09-17 06:40:34,Очень тонкие!!!!!,,,розовый,,0,,,,2026-09-21T14:15:25+03:00
wildberries,1024484983,501165342,Guten Morgen,Полотенце бамбук набор 30х50 - 2 шт Эко,AZdrxdDhPLmiO5n0ztCG,1,2026-09-17 06:40:25,Очень тонкие!!!!!,,,зеленый,,1,,,,2026-09-21T14:15:25+03:00
wildberries,1024484983,501165342,Guten Morgen,Полотенце бамбук набор 30х50 - 2 шт Эко,KrxMx4wzKYMgDEX1yRGK,1,2026-09-17 06:39:39,Тонкие!!! Не очень !!!!,,,бежевый,,0,,,,2026-09-21T14:15:25+03:00
wildberries,1024484983,501165342,Guten Morgen,Полотенце бамбук набор 30х50 - 2 шт Эко,cIGPMFfNVrfCIDBSBhgF,3,2026-09-17 04:53:11,"На фото выглядит иначе, получше. Несоответствие фото и реального товара.",,,"Бежевый, молочный · 30х50 см",0,0,,,,2026-09-21T14:15:25+03:00
wildberries,1024484983,501165342,Guten Morgen,Полотенце бамбук набор 30х50 - 2 шт Эко,9wRum2yVNRIioyVkSFMq,5,2026-09-17 04:17:36,"Полотенышки норм,мягкие,не просвечивают",,,белый,,0,,,,2026-09-21T14:15:25+03:00
wildberries,1024484983,501165342,Guten Morgen,Полотенце бамбук набор 30х50 - 2 шт Эко,RRAEQkIMbjAXdNTIWrDy,5,2026-09-17 04:15:37,,,,Молочный · 30х50 см,0,0,,,,2026-09-21T14:15:25+03:00
wildberries,1024484983,501165342,Guten Morgen,Полотенце бамбук набор 30х50 - 2 шт Эко,DzUQEnMVTcpseHb0Ka67,5,2026-09-17 02:01:37,"Доставка, хорошая, но, цвет, другой",,,Зеленый · 30х50 см,0,0,,,,2026-09-21T14:15:25+03:00
wildberries,1024484983,501165342,Guten Morgen,Полотенце бамбук набор 30х50 - 2 шт Эко,EKYZAvlz73D8x5L8X5ox,4,2026-09-17 00:20:31,Так мягкие посмотрим,,,Зеленый · 30х50 см,0,0,,,,2026-09-21T14:15:25+03:00
wildberries,1024484983,501165342,Guten Morgen,Полотенце бамбук набор 30х50 - 2 шт Эко,bzySkYKQ6OPZJhoYjgp5,3,2026-09-16 20:48:17,Маленькие салфетки. Мне не понравились,,,Белый · 30х50 см,0,0,,,,2026-09-21T14:15:25+03:00
wildberries,1024484983,501165342,Guten Morgen,Полотенце бамбук набор 30х50 - 2 шт Эко,WpIeZk3SBVeSiGB5D0Dz,5,2026-09-16 20:25:23,"Хорошие полотенца, но цвет более насыщенный, темнее на тона три",,,"Коричневый, бежевый · 30х50 см",0,0,,,,2026-09-21T14:15:25+03:00
wildberries,1024484983,501165342,Guten Morgen,Полотенце бамбук набор 30х50 - 2 шт Эко,be5sJBsadQjzgvrh8imG,5,2026-09-16 18:25:25,"Отличные полотенчики, мягкие, удобные, хорошо впитывают",,,белый,,0,,,,2026-09-21T14:15:25+03:00
wildberries,1024484983,501165342,Guten Morgen,Полотенце бамбук набор 30х50 - 2 шт Эко,0TtXpR38gQ5pETSQWmLI,3,2026-09-16 17:38:45,,,,Белый · 30х50 см,0,0,,,,2026-09-21T14:15:25+03:00
wildberries,1024484983,501165342,Guten Morgen,Полотенце бамбук набор 30х50 - 2 шт Эко,Mc28GFce2dZoycCdnfcX,5,2026-09-16 17:29:11,,,,Молочный · 30х50 см,0,0,,,,2026-09-21T14:15:25+03:00
wildberries,1024484983,501165342,Guten Morgen,Полотенце бамбук набор 30х50 - 2 шт Эко,iVDUliOwQ0mAxOh6Y3ji,5,2026-09-16 17:17:28,,,,зеленый,,0,,,,2026-09-21T14:15:25+03:00
wildberries,1024484983,501165342,Guten Morgen,Полотенце бамбук набор 30х50 - 2 шт Эко,Egbt1VMQM3Ye042WzXI7,3,2026-09-16 16:19:39,полотенца меньше заявленных размеров на 2-3 см с каждой стороны,,,белый,,0,,,,2026-09-21T14:15:25+03:00
wildberries,1024484983,501165342,Guten Morgen,Полотенце бамбук набор 30х50 - 2 шт Эко,XYtpN77HP3qGhvHzHYGC,5,2026-09-16 15:39:48,,,,белый,,0,,,,2026-09-21T14:15:25+03:00
wildberries,1024484983,501165342,Guten Morgen,Полотенце бамбук набор 30х50 - 2 шт Эко,9VvbDQUS1uPJxzFK34Cz,5,2026-09-16 14:48:27,"Отличные полотенца, спасибо!",,,Белый · 30х50 см,0,0,,,,2026-09-21T14:15:25+03:00
wildberries,1024484983,501165342,Guten Morgen,Полотенце бамбук набор 30х50 - 2 шт Эко,3tFNPOKtFsqZol1WkzVb,5,2026-09-16 13:43:05,,,,белый,,0,,,,2026-09-21T14:15:25+03:00
wildberries,1024484983,501165342,Guten Morgen,Полотенце бамбук набор 30х50 - 2 шт Эко,KokSH5UEG6b7CEn5nWjt,4,2026-09-16 12:44:35,"Пришло в тонком пакете. И грязное,даже не удивительно. Нужна дополнительная упаковка.  Чернота на полотенце ,надеюсь отстирается. Качество хорошее.",,,"Оранжевый, розовый · 30х50 см",0,0,,,,2026-09-21T14:15:25+03:00
wildberries,1024484983,501165342,Guten Morgen,Полотенце бамбук набор 30х50 - 2 шт Эко,0IMrRrR0qolvArKWe7OY,5,2026-09-16 08:53:08,Классс,,,"Голубой, синий · 30х50 см",0,0,,,,2026-09-21T14:15:25+03:00
wildberries,1024484983,501165342,Guten Morgen,Полотенце бамбук набор 30х50 - 2 шт Эко,kXlFSc4YoNBfQNPgsdPz,5,2026-09-16 08:40:04,,,,Красный · 30х50 см,0,0,,,,2026-09-21T14:15:25+03:00
wildberries,1024484983,501165342,Guten Morgen,Полотенце бамбук набор 30х50 - 2 шт Эко,W74pHeetLTf7xhONsvP6,5,2026-09-16 07:25:43,Хорошие полотенца.,"Качество,  впитываемость, цена",Не обнаружено,розовый,0,0,,,,2026-09-21T14:15:25+03:00
wildberries,1024484983,501165342,Guten Morgen,Полотенце бамбук набор 30х50 - 2 шт Эко,cYquNUrDTAFhxO2o5Dim,5,2026-09-16 07:08:35,,,,"Коричневый, бежевый · 30х50 см",0,0,,,,2026-09-21T14:15:25+03:00
wildberries,1024484983,501165342,Guten Morgen,Полотенце бамбук набор 30х50 - 2 шт Эко,ULt1wEunPmkDLNRkYVVV,5,2026-09-16 06:44:00,"Полотенчики приятные , мягкие.Благодарю и рекомендую",,,Белый · 30х50 см,0,0,,,,2026-09-21T14:15:25+03:00
wildberries,1024484983,501165342,Guten Morgen,Полотенце бамбук набор 30х50 - 2 шт Эко,uzWB27PQKWVls4jDt6ZV,5,2026-09-16 05:53:36,"Приятные к телу, мягкие полотенчики",,,белый,,0,,,,2026-09-21T14:15:25+03:00
wildberries,1024484983,501165342,Guten Morgen,Полотенце бамбук набор 30х50 - 2 шт Эко,HXmpmiDYg575SijuJr7f,5,2026-09-16 05:51:28,,,,Голубой · 30х50 см,0,0,,,,2026-09-21T14:15:25+03:00
wildberries,1024484983,501165342,Guten Morgen,Полотенце бамбук набор 30х50 - 2 шт Эко,dA7jTDFFz0o35FRCoeLt,5,2026-09-16 01:30:04,,,,белый,0,0,,,,2026-09-21T14:15:25+03:00
wildberries,1024484983,501165342,Guten Morgen,Полотенце бамбук набор 30х50 - 2 шт Эко,d599JgFPuXqnfAuSR9O3,5,2026-09-16 01:15:01,,,,Белый · 30х50 см,0,0,,,,2026-09-21T14:15:25+03:00
wildberries,1024484983,501165342,Guten Morgen,Полотенце бамбук набор 30х50 - 2 шт Эко,1XMxt4SFo4s2f0w2Ny0E,5,2026-09-15 18:30:47,,,,белый,,0,,,,2026-09-21T14:15:25+03:00
wildberries,1024484983,501165342,Guten Morgen,Полотенце бамбук набор 30х50 - 2 шт Эко,CpFVDDuuVjs1N63fLj1v,3,2026-09-15 16:06:56,,,,Белый · 30х50 см,0,0,,,,2026-09-21T14:15:25+03:00
wildberries,1024484983,501165342,Guten Morgen,Полотенце бамбук набор 30х50 - 2 шт Эко,FvjGpeDPQ6tPvAiKBac6,5,2026-09-15 14:43:26,"В комплекте 2 полотенца, красивые, мягкие, удобный размер, цвет как на фото продавца, на видео не получается передать, в реальности больше розового, чем жёлтого оттенка. Рекомендую.",,,"Оранжевый, розовый · 30х50 см",0,2,,,,2026-09-21T14:15:25+03:00
wildberries,1024484983,501165342,Guten Morgen,Полотенце бамбук набор 30х50 - 2 шт Эко,UwZpoEUXFHyYelxrWpsh,5,2026-09-15 14:19:14,"Покупала помимо этих, еще другие полотенца побольше. Так вот эти гораздо лучшего качества, плотнее, без затяжек и с петелькой. Можно смело брать.",,,Зеленый · 30х50 см,0,0,,,,2026-09-21T14:15:25+03:00
wildberries,1024484983,501165342,Guten Morgen,Полотенце бамбук набор 30х50 - 2 шт Эко,EkFCcJPzaW7bIBxKHFYN,2,2026-09-15 12:18:07,"Зачем делать картинку через ии генерации, если абсолютное несоответствие реальному товару? Вы сами тратите на логистику в итоге, потому что невооруженным глазом видно несоответствие товара заявленному! Пришли два полотенца (это, кстати, единственное, что совпадает с заявленным), в итоге ткань не совпадает с фото, цвет не совпадает с фото. На фото полотенца приятного оттенка, как в гостинице, хотела в гостевую такие повесить, в итоге, конечно же, отказ, потому что цвет затёртый будто до гостей уже толпа руки перетёрла вашим полотенцем. Неуважение к покупателям и введение в заблуждение путём использования ии",,,белый,,1,,,,2026-09-21T14:15:25+03:00
wildberries,1024484983,501165342,Guten Morgen,Полотенце бамбук набор 30х50 - 2 шт Эко,0AKdGYbBqU1lDfzEvq3G,2,2026-09-15 11:58:47,"Не как на фото, маленькие и не банные",,,коричневый,,0,,,,2026-09-21T14:15:25+03:00
wildberries,1024484983,501165342,Guten Morgen,Полотенце бамбук набор 30х50 - 2 шт Эко,sFKa9hC8SYp1WqGfqNRf,4,2026-09-15 11:34:12,,,,Зеленый · 30х50 см,0,0,,,,2026-09-21T14:15:25+03:00
wildberries,1024484983,501165342,Guten Morgen,Полотенце бамбук набор 30х50 - 2 шт Эко,qJLLsMvBZBDRosB08676,4,2026-09-15 11:33:58,,,,"Голубой, синий · 30х50 см",0,0,,,,2026-09-21T14:15:25+03:00
wildberries,1024484983,501165342,Guten Morgen,Полотенце бамбук набор 30х50 - 2 шт Эко,OjMoo3HMkyScE6anVDJy,3,2026-09-15 11:01:07,,,,"Коричневый, бежевый · 30х50 см",0,0,,,,2026-09-21T14:15:25+03:00
wildberries,1024484983,501165342,Guten Morgen,Полотенце бамбук набор 30х50 - 2 шт Эко,0gFEKQBHB3UXW6zoDIzx,5,2026-09-15 10:51:33,Понравились. Спасибо,,,Зеленый · 30х50 см,0,0,,,,2026-09-21T14:15:25+03:00
wildberries,1024484983,501165342,Guten Morgen,Полотенце бамбук набор 30х50 - 2 шт Эко,ujUsZRulNLEZZmLmCHBe,5,2026-09-15 10:29:59,,"Беру не первый раз, хорошие.",,"Оранжевый, розовый · 30х50 см",0,0,,,,2026-09-21T14:15:25+03:00
wildberries,1024484983,501165342,Guten Morgen,Полотенце бамбук набор 30х50 - 2 шт Эко,PZgK3ertV95BKYqvj0Vs,5,2026-09-15 09:59:02,"Полотенца хорошие, красивый цвет, впитывают влагу хорошо. Маленькие только для кухни",,,зеленый,,0,,,,2026-09-21T14:15:25+03:00
wildberries,1024484983,501165342,Guten Morgen,Полотенце бамбук набор 30х50 - 2 шт Эко,15Qlbf31lPtLx1HaI3In,5,2026-09-15 06:42:30,Хорошие маленькие полотенца. Как и хотела,,,"Оранжевый, розовый · 30х50 см",0,0,,,,2026-09-21T14:15:25+03:00
wildberries,1024484983,501165342,Guten Morgen,Полотенце бамбук набор 30х50 - 2 шт Эко,C7Bikx4qS8vr3bTk2shQ,5,2026-09-15 06:42:07,Хорошие маленькие полотенца. Хотела именно такие,,,"Бежевый, молочный · 30х50 см",0,0,,,,2026-09-21T14:15:25+03:00
wildberries,1024484983,501165342,Guten Morgen,Полотенце бамбук набор 30х50 - 2 шт Эко,bRta9FZwHsB8tViBHyUP,5,2026-09-15 06:41:38,Хорошие маленькие полотенца. Такие как и хотела,,,Коричневый · 30х50 см,0,0,,,,2026-09-21T14:15:25+03:00
wildberries,1024484983,501165342,Guten Morgen,Полотенце бамбук набор 30х50 - 2 шт Эко,pnlfaiKJfhYDR7O52n2Y,5,2026-09-15 06:04:32,,,,"Бежевый, молочный · 30х50 см",0,0,,,,2026-09-21T14:15:25+03:00
wildberries,1024484983,501165342,Guten Morgen,Полотенце бамбук набор 30х50 - 2 шт Эко,kXJoxwksvmF85iLcoRFx,5,2026-09-15 04:12:46,"Хорошие полотенца, заказала для рук на кухню, идеально вписались в интерьер)",,,бежевый,,0,,,,2026-09-21T14:15:25+03:00
wildberries,1024484983,501165342,Guten Morgen,Полотенце бамбук набор 30х50 - 2 шт Эко,B6FzwqFpYqCGAy3zDqgk,5,2026-09-14 21:15:52,,,,"Бежевый, молочный · 30х50 см",0,0,,,,2026-09-21T14:15:25+03:00
wildberries,1024484983,501165342,Guten Morgen,Полотенце бамбук набор 30х50 - 2 шт Эко,HY6k7nkBbhvwabA9t2T0,5,2026-09-14 20:37:34,"Всё,как я и хотела, спасибо, Рекомендую",,,Белый · 30х50 см,0,0,,,,2026-09-21T14:15:25+03:00
wildberries,1024484983,501165342,Guten Morgen,Полотенце бамбук набор 30х50 - 2 шт Эко,SGwVlRWgvLrkXvkeh6xU,5,2026-09-14 20:23:55,,,,Зеленый · 30х50 см,0,0,,,,2026-09-21T14:15:25+03:00
wildberries,1024484983,501165342,Guten Morgen,Полотенце бамбук набор 30х50 - 2 шт Эко,CCCbiw6eIpsJFjmn4ef7,3,2026-09-14 18:25:09,Маленькие27×49.,,,"Голубой, синий · 30х50 см",0,2,,,,2026-09-21T14:15:25+03:00
wildberries,1024484983,501165342,Guten Morgen,Полотенце бамбук набор 30х50 - 2 шт Эко,1Mi9cHIECrCy2DImTfcv,5,2026-09-14 17:56:20,,,,бежевый,0,0,,,,2026-09-21T14:15:25+03:00
wildberries,1024484983,501165342,Guten Morgen,Полотенце бамбук набор 30х50 - 2 шт Эко,qYdszkr0Pp8EOIbaZGyn,3,2026-09-14 17:05:58,В который раз уже приходит не очень презентабельеый комплект. Приходится отказываться.,,,Белый · 30х50 см,0,0,,,,2026-09-21T14:15:25+03:00
wildberries,1024484983,501165342,Guten Morgen,Полотенце бамбук набор 30х50 - 2 шт Эко,ks5qEgQLNZQ2XNYI6dtq,5,2026-09-14 15:43:19,"Хорошие, небольшие, для лица и рук",,,"Оранжевый, розовый · 30х50 см",0,0,,,,2026-09-21T14:15:25+03:00
wildberries,1024484983,501165342,Guten Morgen,Полотенце бамбук набор 30х50 - 2 шт Эко,znokWMp1fN2y6Q8lDsrK,5,2026-09-14 13:40:00,"Мягкий ворс,хорошо впитывают влагу,удобный размер",,,голубой,,0,,,,2026-09-21T14:15:25+03:00
wildberries,1024484983,501165342,Guten Morgen,Полотенце бамбук набор 30х50 - 2 шт Эко,5WFY3aEZ4i54ITuPlwuH,5,2026-09-14 13:15:30,,Товар соответствует ожиданиям  Всё по душе,,Белый · 30х50 см,0,0,,,,2026-09-21T14:15:25+03:00
wildberries,1024484983,501165342,Guten Morgen,Полотенце бамбук набор 30х50 - 2 шт Эко,xGIbZZDXMNg5LtEiB2HP,5,2026-09-14 13:14:17,"Покупаю не впервые. Мягкие, хорошо впитывают воду. Спасибо продавцу и WB",,,"Бежевый, молочный · 30х50 см",0,0,,,,2026-09-21T14:15:25+03:00
wildberries,1024484983,501165342,Guten Morgen,Полотенце бамбук набор 30х50 - 2 шт Эко,lyleyqNI4kfBOSdMvWqx,2,2026-09-14 12:09:16,"Дорого,полотенца мизерные",,,"Фиолетовый, сиреневый · 30х50 см",0,0,,,,2026-09-21T14:15:25+03:00
wildberries,1024484983,501165342,Guten Morgen,Полотенце бамбук набор 30х50 - 2 шт Эко,F9ACqVUSw0z3HQyML3oQ,2,2026-09-14 12:08:55,"Очень маленькие,дороговато,потому что за 4ш туки,2 набора 579 руб",,,Коричневый · 30х50 см,0,0,,,,2026-09-21T14:15:25+03:00
wildberries,1024484983,501165342,Guten Morgen,Полотенце бамбук набор 30х50 - 2 шт Эко,JHJxFN8rUSrGwnaLwrP7,5,2026-09-14 10:55:43,,,,синий,0,0,,,,2026-09-21T14:15:25+03:00
wildberries,1024484983,501165342,Guten Morgen,Полотенце бамбук набор 30х50 - 2 шт Эко,lBNQRBWMyjXFa1oXwpr7,3,2026-09-14 09:51:11,"Полотенца очень тонкие, для ванны не подойдут, только для кухни.",,,голубой,,1,,,,2026-09-21T14:15:25+03:00
wildberries,1024484983,501165342,Guten Morgen,Полотенце бамбук набор 30х50 - 2 шт Эко,fF0NT2kStfYH0lGioEIJ,4,2026-09-14 07:48:26,"Плотность не высокая. Затяжки, не совсем качественно обработан край.",,,"Голубой, синий · 30х50 см",0,1,,,,2026-09-21T14:15:25+03:00
wildberries,1024484983,501165342,Guten Morgen,Полотенце бамбук набор 30х50 - 2 шт Эко,zW3z21DCgwFjnJykaDc0,5,2026-09-14 07:47:54,,"Мягкие,приятные к лицу,удобные",,Белый · 30х50 см,0,2,,,,2026-09-21T14:15:25+03:00
wildberries,1024484983,501165342,Guten Morgen,Полотенце бамбук набор 30х50 - 2 шт Эко,44pzSVSVNUZocbrx4fbc,5,2026-09-14 07:19:41,Хорошие полотенца,,,бежевый,,0,,,,2026-09-21T14:15:25+03:00
wildberries,1024484983,501165342,Guten Morgen,Полотенце бамбук набор 30х50 - 2 шт Эко,LbxHlH4xPtixAtxCdwlj,5,2026-09-14 06:19:44,,,,"Фиолетовый, сиреневый · 30х50 см",0,0,,,,2026-09-21T14:15:25+03:00
wildberries,1024484983,501165342,Guten Morgen,Полотенце бамбук набор 30х50 - 2 шт Эко,9w4RggOYF95M3ABganZj,5,2026-09-14 06:11:40,,Мягкое маленькое полотенце. Подходит    вытираться после тренировки ребенку,,синий,0,0,,,,2026-09-21T14:15:25+03:00
wildberries,1024484983,501165342,Guten Morgen,Полотенце бамбук набор 30х50 - 2 шт Эко,iiO6HWWV3rWDGhQitK1a,5,2026-09-14 02:19:58,,,,"Бежевый, молочный · 30х50 см",0,0,,,,2026-09-21T14:15:25+03:00
wildberries,1024484983,501165342,Guten Morgen,Полотенце бамбук набор 30х50 - 2 шт Эко,4dhBNEPtQJ9Ktr6vcThQ,5,2026-09-14 00:34:34,,,,"Бежевый, молочный · 30х50 см",0,0,,,,2026-09-21T14:15:25+03:00
wildberries,1024484983,501165342,Guten Morgen,Полотенце бамбук набор 30х50 - 2 шт Эко,s3YDtdjLauABYvRx3KBY,1,2026-09-13 23:13:49,,,,Молочный · 30х50 см,0,1,,,,2026-09-21T14:15:25+03:00
wildberries,1024484983,501165342,Guten Morgen,Полотенце бамбук набор 30х50 - 2 шт Эко,BeoEKoXQ945FtlAoUQDT,5,2026-09-13 21:28:12,Всё отлично спасибо🫶🏻,,,коричневый,,0,,,,2026-09-21T14:15:25+03:00
wildberries,1024484983,501165342,Guten Morgen,Полотенце бамбук набор 30х50 - 2 шт Эко,Eg6IIIf1d7YmxGGbdfus,5,2026-09-13 18:16:22,,,,голубой,0,0,,,,2026-09-21T14:15:25+03:00
wildberries,1024484983,501165342,Guten Morgen,Полотенце бамбук набор 30х50 - 2 шт Эко,YrjOuybl3HybLK32v58h,4,2026-09-13 16:35:03,,,,"Коричневый, бежевый · 30х50 см",0,0,,,,2026-09-21T14:15:25+03:00
wildberries,1024484983,501165342,Guten Morgen,Полотенце бамбук набор 30х50 - 2 шт Эко,8SCpL1KZCEyKQHXdvMMP,5,2026-09-13 14:43:15,"Полотенце норм ,но не банное ,а кухонное.Тонкое , хорошо впитывает.",,,"Голубой, синий · 30х50 см",0,1,,,,2026-09-21T14:15:25+03:00
wildberries,1024484983,501165342,Guten Morgen,Полотенце бамбук набор 30х50 - 2 шт Эко,hz5qVZSwUzLMfzjTxB04,5,2026-09-13 14:10:05,Приятны в пользовании,,,Зеленый · 30х50 см,0,0,,,,2026-09-21T14:15:25+03:00
wildberries,1024484983,501165342,Guten Morgen,Полотенце бамбук набор 30х50 - 2 шт Эко,QmkvY7kCr1lpINhO1wpM,5,2026-09-13 13:52:06,"Обожаю данные полотенчики, в любом цвете и размере. Мягкие, отлично впитывают и хорошая цена. Прям находка!!!!🫶",,,Белый · 30х50 см,0,0,,,,2026-09-21T14:15:25+03:00
wildberries,1024484983,501165342,Guten Morgen,Полотенце бамбук набор 30х50 - 2 шт Эко,XW2EWb2hsr1l5Y1la6qI,4,2026-09-13 13:50:04,"Полотенышки понравились, спасибо",,,Коричневый · 30х50 см,0,0,,,,2026-09-21T14:15:25+03:00
wildberries,1024484983,501165342,Guten Morgen,Полотенце бамбук набор 30х50 - 2 шт Эко,DWFhlVXbvQga7UNPcLDV,5,2026-09-13 12:54:07,Отличные полотенца! Спасибо 👍,,,"Коричневый, бежевый · 30х50 см",0,0,,,,2026-09-21T14:15:25+03:00
wildberries,1024484983,501165342,Guten Morgen,Полотенце бамбук набор 30х50 - 2 шт Эко,GL9SXluJzT58nHR8t4nP,5,2026-09-13 12:15:31,Полотенца покупаю не первый раз очень нравятся,,,"Голубой, синий · 30х50 см",0,0,,,,2026-09-21T14:15:25+03:00
wildberries,1024484983,501165342,Guten Morgen,Полотенце бамбук набор 30х50 - 2 шт Эко,zWkAXYdw8Zpm0PqbREaH,4,2026-09-13 12:09:48,Тоненькие. Скорее для кухни.,,,Зеленый · 30х50 см,0,0,,,,2026-09-21T14:15:25+03:00
wildberries,1024484983,501165342,Guten Morgen,Полотенце бамбук набор 30х50 - 2 шт Эко,jN9cqYe8wwiNkqaiOLPi,5,2026-09-13 11:02:21,Хорошие полотенца.Качество то что надо!!! Советую!!!,,,"Голубой, синий · 30х50 см",0,0,,,,2026-09-21T14:15:25+03:00
wildberries,1024484983,501165342,Guten Morgen,Полотенце бамбук набор 30х50 - 2 шт Эко,Z2Tyh18XEHx9tNwy8gV1,4,2026-09-13 10:13:48,"На мой субъективный взгляд полотенца тонкие, производство Индия, второй раз не взяла бы, но полностью соответствуют той невысокой цене, за которую мне достались. Я искала плотные полотенца, по характеристикам эти были плотнее многих просмотренных, но по ощущениям и в сравнении с теми, что есть дома, они неплотные и быстро промокают.",,,бежевый,0,0,,,,2026-09-21T14:15:25+03:00
wildberries,1024484983,501165342,Guten Morgen,Полотенце бамбук набор 30х50 - 2 шт Эко,hTj7c8npRnYpiJjcpBYS,5,2026-09-13 08:58:56,"Хорошенькие, очень мягкие и объёмные (не тонкие) полотенчики. Для рук и лица самый раз.",,,Зеленый · 30х50 см,0,0,,,,2026-09-21T14:15:25+03:00
wildberries,1024484983,501165342,Guten Morgen,Полотенце бамбук набор 30х50 - 2 шт Эко,YG2RmtcaQAnlQazgwCSB,1,2026-09-13 06:38:38,"Качествр хошее, но полотенца пришли меньше размером( Больше в этом магазине ничего не закажу....",,,Белый · 30х50 см,0,0,,,,2026-09-21T14:15:25+03:00
wildberries,1024484983,501165342,Guten Morgen,Полотенце бамбук набор 30х50 - 2 шт Эко,DHyyvbtIEJWmPGmmeznE,5,2026-09-12 20:08:16,,,,Зеленый · 30х50 см,0,0,,,,2026-09-21T14:15:25+03:00
wildberries,1024484983,501165342,Guten Morgen,Полотенце бамбук набор 30х50 - 2 шт Эко,kLfACldxCs4YI3XBAN7T,5,2026-09-12 20:07:48,,,,"Оранжевый, розовый · 30х50 см",0,0,,,,2026-09-21T14:15:25+03:00
wildberries,1024484983,501165342,Guten Morgen,Полотенце бамбук набор 30х50 - 2 шт Эко,RcwYuOdmlONrMf9hDcjQ,5,2026-09-12 19:41:44,Очень маленькие по размеру,,,"Оранжевый, розовый · 30х50 см",0,0,,,,2026-09-21T14:15:25+03:00
wildberries,1024484983,501165342,Guten Morgen,Полотенце бамбук набор 30х50 - 2 шт Эко,zUy5XSL7l6e2lx1CuRoT,5,2026-09-12 17:15:53,,,,Белый · 30х50 см,0,0,,,,2026-09-21T14:15:25+03:00
wildberries,1024484983,501165342,Guten Morgen,Полотенце бамбук набор 30х50 - 2 шт Эко,CFsKeNkoCr26Z7OFZkKl,3,2026-09-12 17:04:47,,,,Белый · 30х50 см,0,0,,,,2026-09-21T14:15:25+03:00
wildberries,1024484983,501165342,Guten Morgen,Полотенце бамбук набор 30х50 - 2 шт Эко,EgSiWHIJQlnxEsq0hRIE,3,2026-09-12 17:02:03,"Пришли все в нитках, что-то прилипшее было на одном полотенце, и вообще как-будто не очень чистые. Пришлось отказаться",,,Белый · 30х50 см,0,0,,,,2026-09-21T14:15:25+03:00
wildberries,1024484983,501165342,Guten Morgen,Полотенце бамбук набор 30х50 - 2 шт Эко,Dm1kTPWNAVQqlBMsttbb,5,2026-09-12 16:50:52,Отличные полотенца.,,,"Оранжевый, розовый · 30х50 см",0,0,,,,2026-09-21T14:15:25+03:00
wildberries,1024484983,501165342,Guten Morgen,Полотенце бамбук набор 30х50 - 2 шт Эко,RbZO3uuZR3MvGMeOVG76,1,2026-09-12 16:11:46,"Плотность  не 500,а 400 есть если.",,,Зеленый · 30х50 см,0,1,,,,2026-09-21T14:15:25+03:00
wildberries,1024484983,501165342,Guten Morgen,Полотенце бамбук набор 30х50 - 2 шт Эко,xWmTfeoe1k0O1i3B0VVF,5,2026-09-12 15:44:47,,,,"Коричневый, бежевый · 30х50 см",0,0,,,,2026-09-21T14:15:25+03:00
wildberries,1024484983,501165342,Guten Morgen,Полотенце бамбук набор 30х50 - 2 шт Эко,hVvCTe44DKQjDCFn8E4x,5,2026-09-12 14:41:18,"Оооочень нравятся эти полотенца. Мягкие. И если правильно стирать, становятся ещё лучше, чем при первом использовании 🙌🏻",,,белый,,0,,,,2026-09-21T14:15:25+03:00
wildberries,1024484983,501165342,Guten Morgen,Полотенце бамбук набор 30х50 - 2 шт Эко,i0MPLjxqHDpeFrw433eC,4,2026-09-12 14:23:07,"Полотенца конечно не банные, как заявлено, а кухонные, но мягкие, довольно плотные",,,Красный · 30х50 см,0,0,,,,2026-09-21T14:15:25+03:00
wildberries,1024484983,501165342,Guten Morgen,Полотенце бамбук набор 30х50 - 2 шт Эко,cBlBbphf28pUSKo0Pjto,3,2026-09-12 14:05:14,,,,Коричневый · 30х50 см,0,0,,,,2026-09-21T14:15:25+03:00
wildberries,1024484983,501165342,Guten Morgen,Полотенце бамбук набор 30х50 - 2 шт Эко,J1vrWORWBiENcUKhxy1q,5,2026-09-12 14:01:10,,,,"Бежевый, молочный · 30х50 см",0,0,,,,2026-09-21T14:15:25+03:00
wildberries,1024484983,501165342,Guten Morgen,Полотенце бамбук набор 30х50 - 2 шт Эко,yrT1E6fiJjHCHa2jGyWC,5,2026-09-12 13:26:47,"мягкие после стирки, удобные",,,голубой,0,0,,,,2026-09-21T14:15:25+03:00
wildberries,1024484983,501165342,Guten Morgen,Полотенце бамбук набор 30х50 - 2 шт Эко,Spy6WRbkhK4HNOqSd53c,1,2026-09-12 11:13:02,,,,бежевый,,0,,,,2026-09-21T14:15:25+03:00
wildberries,1024484983,501165342,Guten Morgen,Полотенце бамбук набор 30х50 - 2 шт Эко,vTyWZo0T9U9kWku88hmk,1,2026-09-12 11:12:31,,,,белый,,0,,,,2026-09-21T14:15:25+03:00
wildberries,1024484983,501165342,Guten Morgen,Полотенце бамбук набор 30х50 - 2 шт Эко,kurvLVtDdoV5WVY1poeP,1,2026-09-12 11:10:55,"Вместо полотенец пришла футболка,поэтому отказ.",,,Зеленый · 30х50 см,0,0,,,,2026-09-21T14:15:25+03:00
wildberries,1024484983,501165342,Guten Morgen,Полотенце бамбук набор 30х50 - 2 шт Эко,GiGpulmb8F4bCPRHN9IP,3,2026-09-12 08:47:42,Торчат нитки и вид не нового товара к сожалению,,,бежевый,,0,,,,2026-09-21T14:15:25+03:00
wildberries,1024484983,501165342,Guten Morgen,Полотенце бамбук набор 30х50 - 2 шт Эко,b3XX37x7gcIO9gB67yXk,1,2026-09-12 08:20:32,"Качество плохое, заявленная плотность 500+|~ не соответствует, тонкие, торчат нитки.",,Плохого качества,белый,,1,,,,2026-09-21T14:15:25+03:00
wildberries,1024484983,501165342,Guten Morgen,Полотенце бамбук набор 30х50 - 2 шт Эко,alz9M6cg11bm7qesMgGV,5,2026-09-12 03:22:48,,,,Белый · 30х50 см,0,0,,,,2026-09-21T14:15:25+03:00
wildberries,1024484983,501165342,Guten Morgen,Полотенце бамбук набор 30х50 - 2 шт Эко,v0t7nIxAiuLLPDmPBWZN,5,2026-09-12 03:22:37,"Хорошие полотенца,мягкие! Я брала 2 цвета: стандартный белый и красивый изумрудный.",,,Зеленый · 30х50 см,0,3,,,,2026-09-21T14:15:25+03:00
wildberries,1024484983,501165342,Guten Morgen,Полотенце бамбук набор 30х50 - 2 шт Эко,QkKRHOU4jcETnbKoAtRf,1,2026-09-11 20:07:27,Не понравилось,,,Молочный · 30х50 см,0,1,,,,2026-09-21T14:15:25+03:00
wildberries,1024484983,501165342,Guten Morgen,Полотенце бамбук набор 30х50 - 2 шт Эко,GzIfR9tbIfarrkNm1TYE,5,2026-09-11 19:52:27,,Хорошенькие,,Коричневый · 30х50 см,0,0,,,,2026-09-21T14:15:25+03:00
wildberries,1024484983,501165342,Guten Morgen,Полотенце бамбук набор 30х50 - 2 шт Эко,5r0anpFuC3tUX0TuybtT,5,2026-09-11 17:52:55,Очень хорошие,,,"Коричневый, бежевый · 30х50 см",0,0,,,,2026-09-21T14:15:25+03:00
wildberries,1024484983,501165342,Guten Morgen,Полотенце бамбук набор 30х50 - 2 шт Эко,7B3sGUNqefpWm3Kc3cOW,5,2026-09-11 17:48:43,,,,Зеленый · 30х50 см,0,0,,,,2026-09-21T14:15:25+03:00
wildberries,1024484983,501165342,Guten Morgen,Полотенце бамбук набор 30х50 - 2 шт Эко,dUeaYuyENtfLnWDibEIP,5,2026-09-11 17:39:12,,,,"Серый, графит · 30х50 см",0,0,,,,2026-09-21T14:15:25+03:00
wildberries,1024484983,501165342,Guten Morgen,Полотенце бамбук набор 30х50 - 2 шт Эко,z9ZWMVU3g75YIuWxZhbI,5,2026-09-11 16:54:06,,,,Зеленый · 30х50 см,0,0,,,,2026-09-21T14:15:25+03:00
wildberries,1024484983,501165342,Guten Morgen,Полотенце бамбук набор 30х50 - 2 шт Эко,OGc5feu9wJTTMdakzHWF,5,2026-09-11 16:53:57,,,,Голубой · 30х50 см,0,0,,,,2026-09-21T14:15:25+03:00
wildberries,1024484983,501165342,Guten Morgen,Полотенце бамбук набор 30х50 - 2 шт Эко,a2Q0WWvh3j7M1qMH4qAB,5,2026-09-11 16:17:16,"Полотенчики мягкие, цвет насыщенный 👍",,,Зеленый · 30х50 см,0,0,,,,2026-09-21T14:15:25+03:00
wildberries,1024484983,501165342,Guten Morgen,Полотенце бамбук набор 30х50 - 2 шт Эко,KiHJIbNSIDhlGcXb3iC9,1,2026-09-11 15:46:32,Производство Азербайджана. Другого качества. Отказ,,,Белый · 30х50 см,0,1,,,,2026-09-21T14:15:25+03:00
wildberries,1024484983,501165342,Guten Morgen,Полотенце бамбук набор 30х50 - 2 шт Эко,qhv1psqXxIhX20sYycZR,5,2026-09-11 14:15:49,"Хорошие, махра толстенькая, пушистая, размер малышка, но такие заказали, можно даже для лица, 👍",,,Зеленый · 30х50 см,0,0,,,,2026-09-21T14:15:25+03:00
wildberries,1024484983,501165342,Guten Morgen,Полотенце бамбук набор 30х50 - 2 шт Эко,BJTgLAvgrVh7V3ALT5ew,4,2026-09-11 13:15:15,"Цвет не голубой пришёл, а серо-голубой.",,,Голубой · 30х50 см,0,0,,,,2026-09-21T14:15:25+03:00
wildberries,1024484983,501165342,Guten Morgen,Полотенце бамбук набор 30х50 - 2 шт Эко,IGKSgjLt5E0HWyb36iyP,4,2026-09-11 11:58:23,"Хорошие, удобные и приятные. Но нежно сереневые, а не беж. Тем не менее, мне все нравится, спасибо.",,,Коричневый · 30х50 см,0,0,,,,2026-09-21T14:15:25+03:00
wildberries,1024484983,501165342,Guten Morgen,Полотенце бамбук набор 30х50 - 2 шт Эко,hXGu8uwlhw1ADN8Mb0Q0,5,2026-09-11 11:43:08,Самый главный  плюс петелька,,,"Серый, графит · 30х50 см",0,0,,,,2026-09-21T14:15:25+03:00
wildberries,1024484983,501165342,Guten Morgen,Полотенце бамбук набор 30х50 - 2 шт Эко,JDHnpmNUs2PAnavSQ2Dx,5,2026-09-11 10:51:08,,,,Голубой · 30х50 см,0,0,,,,2026-09-21T14:15:25+03:00
wildberries,1024484983,501165342,Guten Morgen,Полотенце бамбук набор 30х50 - 2 шт Эко,9jr5jRrPOt32XpADqj8h,5,2026-09-11 09:30:04,Полотенчики просто супер!,,,"Голубой, синий · 30х50 см",0,0,,,,2026-09-21T14:15:25+03:00
wildberries,1024484983,501165342,Guten Morgen,Полотенце бамбук набор 30х50 - 2 шт Эко,C9LBKRWYmVbn7YOo4IjM,5,2026-09-11 09:16:37,,,,Голубой · 30х50 см,0,0,,,,2026-09-21T14:15:25+03:00
wildberries,1024484983,501165342,Guten Morgen,Полотенце бамбук набор 30х50 - 2 шт Эко,hWUgdF7J8IowTwTSeUdy,5,2026-09-11 08:44:05,,,,коричневый,,0,,,,2026-09-21T14:15:25+03:00
wildberries,1024484983,501165342,Guten Morgen,Полотенце бамбук набор 30х50 - 2 шт Эко,qneqJRU6S3U2L7DX38aM,5,2026-09-11 08:43:59,,,,бежевый,,0,,,,2026-09-21T14:15:25+03:00
wildberries,1024484983,501165342,Guten Morgen,Полотенце бамбук набор 30х50 - 2 шт Эко,d87Z4LwLqmE9ZoppsZya,5,2026-09-11 07:51:10,,,,"Голубой, синий · 30х50 см",0,0,,,,2026-09-21T14:15:25+03:00
wildberries,1024484983,501165342,Guten Morgen,Полотенце бамбук набор 30х50 - 2 шт Эко,9KZY8PqhrTbQJRs1lHra,5,2026-09-11 07:31:26,,,,розовый,,0,,,,2026-09-21T14:15:25+03:00
wildberries,1024484983,501165342,Guten Morgen,Полотенце бамбук набор 30х50 - 2 шт Эко,m5pHzkAE7IWeKHEQO3uX,1,2026-09-11 03:20:28,На банное не тянет. Очень уж тоненькое.,,,Коричневый · 30х50 см,0,0,,,,2026-09-21T14:15:25+03:00
wildberries,1024484983,501165342,Guten Morgen,Полотенце бамбук набор 30х50 - 2 шт Эко,sN2Qh84sG1GzFR2oYgfN,5,2026-09-10 22:04:34,"Мягкие, приятные на ощупь",,,"Beige, milky white · 30kh50 sm",0,0,,,,2026-09-21T14:15:25+03:00
wildberries,1024484983,501165342,Guten Morgen,Полотенце бамбук набор 30х50 - 2 шт Эко,jIXZlFzc125v2wMagbtH,5,2026-09-10 21:57:47,"Полотенца понравились,но  они были упакованы в два пакета,внутренний пакет был вскрыт",,,Коричневый · 30х50 см,0,0,,,,2026-09-21T14:15:25+03:00
wildberries,1024484983,501165342,Guten Morgen,Полотенце бамбук набор 30х50 - 2 шт Эко,Wy27vdHagZco0tlpbJQ1,5,2026-09-10 21:25:42,,,,"Голубой, синий · 30х50 см",0,0,,,,2026-09-21T14:15:25+03:00
wildberries,1024484983,501165342,Guten Morgen,Полотенце бамбук набор 30х50 - 2 шт Эко,6LyXkIOgcUPMQS2u0Mup,5,2026-09-10 21:22:51,"Хорошее полотенце, впитывает норм. Есть петелька, буду еще брать.",,,Зеленый · 30х50 см,0,0,,,,2026-09-21T14:15:25+03:00
wildberries,1024484983,501165342,Guten Morgen,Полотенце бамбук набор 30х50 - 2 шт Эко,zouUZLAOUra59iw7OWvx,1,2026-09-10 20:41:56,"Пришло к сожалению не то что заказала, пришлось сделать возврат",,,Зеленый · 30х50 см,0,0,,,,2026-09-21T14:15:25+03:00
wildberries,1024484983,501165342,Guten Morgen,Полотенце бамбук набор 30х50 - 2 шт Эко,1TfsT8Hxi1OAinejT57W,5,2026-09-10 19:20:57,Отличные полотенца,,,фиолетовый,,0,,,,2026-09-21T14:15:25+03:00
wildberries,1024484983,501165342,Guten Morgen,Полотенце бамбук набор 30х50 - 2 шт Эко,8YAbUz1QnQI6qTxnVFFa,5,2026-09-10 14:28:14,Выбор сделан в пользу другого размера.,,,"Оранжевый, розовый · 30х50 см",0,1,,,,2026-09-21T14:15:25+03:00
wildberries,1024484983,501165342,Guten Morgen,Полотенце бамбук набор 30х50 - 2 шт Эко,zeRfCfHiyTsKCkmuuvaI,5,2026-09-10 14:26:31,"Большое спасибо, двух полотенчиков подобного размера вполне хватит.",,,"Оранжевый, розовый · 30х50 см",0,1,,,,2026-09-21T14:15:25+03:00
wildberries,1024484983,501165342,Guten Morgen,Полотенце бамбук набор 30х50 - 2 шт Эко,oImJWrzFWAOovxJnMw45,5,2026-09-10 14:25:30,Отказ в пользу другого размера. Малышки совсем ),,,"Оранжевый, розовый · 30х50 см",0,1,,,,2026-09-21T14:15:25+03:00
wildberries,1024484983,501165342,Guten Morgen,Полотенце бамбук набор 30х50 - 2 шт Эко,dLEZbI1vY5AMtlOz7IUm,5,2026-09-10 14:24:54,Отказ в пользу другого размера. Малышки совсем )),,,"Оранжевый, розовый · 30х50 см",0,1,,,,2026-09-21T14:15:25+03:00
wildberries,1024484983,501165342,Guten Morgen,Полотенце бамбук набор 30х50 - 2 шт Эко,KPfWs2k31ecfiTXCIOEZ,5,2026-09-10 12:55:15,,,,"Коричневый, бежевый · 30х50 см",0,0,,,,2026-09-21T14:15:25+03:00
wildberries,1024484983,501165342,Guten Morgen,Полотенце бамбук набор 30х50 - 2 шт Эко,0ET9rshNXQGA4cTTlmU0,5,2026-09-10 12:33:52,,,,Зеленый · 30х50 см,0,0,,,,2026-09-21T14:15:25+03:00
wildberries,1024484983,501165342,Guten Morgen,Полотенце бамбук набор 30х50 - 2 шт Эко,AQx5RmrNzlUhvKagNmsP,1,2026-09-10 11:29:18,"Умею фотографы рекламировать полотенца по факту маленькие , а на фото идеально большие",,,"Голубой, синий · 30х50 см",0,3,,,,2026-09-21T14:15:25+03:00
wildberries,1024484983,501165342,Guten Morgen,Полотенце бамбук набор 30х50 - 2 шт Эко,k6GpLoylw14siBsu9FSq,1,2026-09-10 11:27:58,Маленькие по факту,,,Зеленый · 30х50 см,0,0,,,,2026-09-21T14:15:25+03:00
wildberries,1024484983,501165342,Guten Morgen,Полотенце бамбук набор 30х50 - 2 шт Эко,YRM2kHOu5NkXfy6NhkSP,1,2026-09-10 11:27:20,"Очень маленькие по факту, на фото крупные",,,Коричневый · 30х50 см,0,0,,,,2026-09-21T14:15:25+03:00
wildberries,1024484983,501165342,Guten Morgen,Полотенце бамбук набор 30х50 - 2 шт Эко,Mp87kcQAjSp9Bj41pqa6,5,2026-09-10 11:25:47,"Полотенца не большие. Подойдут для рук или малышей. Очень приятные, впитывают отлично. Спасибо производителю! Рекомендую!",,,"Бежевый, молочный · 30х50 см",0,0,,,,2026-09-21T14:15:25+03:00
wildberries,1024484983,501165342,Guten Morgen,Полотенце бамбук набор 30х50 - 2 шт Эко,2a7ZOg2tKfWMEyGFbjuF,5,2026-09-10 10:31:30,"Мягкие , приятные. Спасибо.",,,"Коричневый, бежевый · 30х50 см",0,0,,,,2026-09-21T14:15:25+03:00
wildberries,1024484983,501165342,Guten Morgen,Полотенце бамбук набор 30х50 - 2 шт Эко,eQ9qxjV4CE7UugvYsTsX,5,2026-09-10 08:11:19,,,,коричневый,,0,,,,2026-09-21T14:15:25+03:00
wildberries,1024484983,501165342,Guten Morgen,Полотенце бамбук набор 30х50 - 2 шт Эко,zoNUciYfU0J7PzpcObK5,5,2026-09-10 07:53:13,"Пришли быстро,все как в описании",,,Зеленый · 30х50 см,0,0,,,,2026-09-21T14:15:25+03:00
wildberries,1024484983,501165342,Guten Morgen,Полотенце бамбук набор 30х50 - 2 шт Эко,PWAxHKQNunPF1InrPwif,5,2026-09-10 07:16:58,Шик и блеск,,,Молочный · 30х50 см,0,0,,,,2026-09-21T14:15:25+03:00
wildberries,1024484983,501165342,Guten Morgen,Полотенце бамбук набор 30х50 - 2 шт Эко,eWViyfZEYkIA6dyy7915,5,2026-09-10 05:29:10,,,,бежевый,,0,,,,2026-09-21T14:15:25+03:00
wildberries,1024484983,501165342,Guten Morgen,Полотенце бамбук набор 30х50 - 2 шт Эко,yGzPJlyb9D9LHxzmtLVx,5,2026-09-09 18:39:38,"Полотенце чисто белое, качественное, мягкое, советую покупке",,,Белый · 30х50 см,0,0,,,,2026-09-21T14:15:25+03:00
wildberries,1024484983,501165342,Guten Morgen,Полотенце бамбук набор 30х50 - 2 шт Эко,Cbswzoi5EJ3v2vnmzfV2,5,2026-09-09 18:33:31,,,,Зеленый · 30х50 см,0,0,,,,2026-09-21T14:15:25+03:00
wildberries,1024484983,501165342,Guten Morgen,Полотенце бамбук набор 30х50 - 2 шт Эко,UqGTtnZxEXoVIiS4NVsX,5,2026-09-09 18:33:23,,,,"Коричневый, бежевый · 30х50 см",0,0,,,,2026-09-21T14:15:25+03:00
wildberries,1024484983,501165342,Guten Morgen,Полотенце бамбук набор 30х50 - 2 шт Эко,gC21pPlUFZPhoFbB8WaC,3,2026-09-09 15:41:04,И,,"Полотенца не соответствуют описанию,совершенно не банное,а маленькое и тонкое для рук.",Зеленый · 30х50 см,0,0,,,,2026-09-21T14:15:25+03:00
wildberries,1024484983,501165342,Guten Morgen,Полотенце бамбук набор 30х50 - 2 шт Эко,1tTkSeCE5QI1RQ6cuGno,5,2026-09-09 14:32:09,Отличные,,,"Голубой, синий · 30х50 см",0,0,,,,2026-09-21T14:15:25+03:00
wildberries,1024484983,501165342,Guten Morgen,Полотенце бамбук набор 30х50 - 2 шт Эко,xBNyo5iwn8BTuqkbQhf5,5,2026-09-09 13:26:39,Цена -Качество! Рекомендую👌👍🤝,,,Белый · 30х50 см,0,0,,,,2026-09-21T14:15:25+03:00
wildberries,1024484983,501165342,Guten Morgen,Полотенце бамбук набор 30х50 - 2 шт Эко,D0GuZPbY3g9srQUXtysg,5,2026-09-09 10:25:59,,,,Красный · 30х50 см,0,1,,,,2026-09-21T14:15:25+03:00
wildberries,1024484983,501165342,Guten Morgen,Полотенце бамбук набор 30х50 - 2 шт Эко,mI5hWLVxjkj3LqzYc78r,5,2026-09-09 10:04:07,,,,"Оранжевый, розовый · 30х50 см",0,1,,,,2026-09-21T14:15:25+03:00
wildberries,1024484983,501165342,Guten Morgen,Полотенце бамбук набор 30х50 - 2 шт Эко,ZDNc09Vk4xZKXoqS34O3,5,2026-09-09 08:08:40,,,,Молочный · 30х50 см,0,0,,,,2026-09-21T14:15:25+03:00
wildberries,1024484983,501165342,Guten Morgen,Полотенце бамбук набор 30х50 - 2 шт Эко,9snQsFQu7SJnLazfAegI,5,2026-09-09 07:10:51,,,,Зеленый · 30х50 см,0,0,,,,2026-09-21T14:15:25+03:00
wildberries,1024484983,501165342,Guten Morgen,Полотенце бамбук набор 30х50 - 2 шт Эко,IR8dveDYbYmj8q9iOdrQ,3,2026-09-09 06:22:21,,,,Молочный · 30х50 см,0,0,,,,2026-09-21T14:15:25+03:00
wildberries,1024484983,501165342,Guten Morgen,Полотенце бамбук набор 30х50 - 2 шт Эко,y0TR5JWIH0MtrSrt4vYL,5,2026-09-09 06:11:17,,,,белый,,0,,,,2026-09-21T14:15:25+03:00
wildberries,1024484983,501165342,Guten Morgen,Полотенце бамбук набор 30х50 - 2 шт Эко,9uGthyIJxFzaTU0a9GtG,5,2026-09-09 05:44:03,Мягкое. Пушистое. Не тонкое. Качество хорошее.,,,Белый · 30х50 см,0,0,,,,2026-09-21T14:15:25+03:00
wildberries,1024484983,501165342,Guten Morgen,Полотенце бамбук набор 30х50 - 2 шт Эко,AYWzhyAXW7oKYDGLnIlP,5,2026-09-09 03:49:24,,,,Коричневый · 30х50 см,0,0,,,,2026-09-21T14:15:25+03:00
wildberries,1024484983,501165342,Guten Morgen,Полотенце бамбук набор 30х50 - 2 шт Эко,ZrgIVfhtgJOUPLAK5GLR,5,2026-09-09 03:24:03,"Отличные , качественные",,,зеленый,,0,,,,2026-09-21T14:15:25+03:00
wildberries,1024484983,501165342,Guten Morgen,Полотенце бамбук набор 30х50 - 2 шт Эко,NA8dnEGA9cANoxBmZWSW,5,2026-09-09 02:57:48,,,,"Оранжевый, розовый · 30х50 см",0,1,,,,2026-09-21T14:15:25+03:00
wildberries,1024484983,501165342,Guten Morgen,Полотенце бамбук набор 30х50 - 2 шт Эко,Dm7sgiW2OUMXzyRPZ6zN,5,2026-09-08 17:09:03,,,,коричневый,,0,,,,2026-09-21T14:15:25+03:00
wildberries,1024484983,501165342,Guten Morgen,Полотенце бамбук набор 30х50 - 2 шт Эко,6zKLDgIYxFY1IJcmVTBT,5,2026-09-08 17:08:58,,,,бежевый,,0,,,,2026-09-21T14:15:25+03:00
wildberries,1024484983,501165342,Guten Morgen,Полотенце бамбук набор 30х50 - 2 шт Эко,ZxtugGyapRj5qsYK43Mw,5,2026-09-08 16:51:03,,,,Зеленый · 30х50 см,0,0,,,,2026-09-21T14:15:25+03:00
wildberries,1024484983,501165342,Guten Morgen,Полотенце бамбук набор 30х50 - 2 шт Эко,t97fKXBDNfd6yTaQel3j,4,2026-09-08 16:44:06,"Хорошие, но не стирала, незнаю линяют или нет, пока довольно. Мягкие, приятные.",,,Зеленый · 30х50 см,0,0,,,,2026-09-21T14:15:25+03:00
wildberries,1024484983,501165342,Guten Morgen,Полотенце бамбук набор 30х50 - 2 шт Эко,gibXwgZSSXiWB08VMz41,3,2026-09-08 16:26:18,,,,Молочный · 30х50 см,0,0,,,,2026-09-21T14:15:25+03:00
wildberries,1024484983,501165342,Guten Morgen,Полотенце бамбук набор 30х50 - 2 шт Эко,S1CTAUoIlB9a0H6uIGCz,5,2026-09-08 13:47:59,"Все отлично , рекомендую! ❤️",,,"Фиолетовый, сиреневый · 30х50 см",0,0,,,,2026-09-21T14:15:25+03:00
wildberries,1024484983,501165342,Guten Morgen,Полотенце бамбук набор 30х50 - 2 шт Эко,qdyOyYi7IErOLtkWttaJ,5,2026-09-08 13:33:23,,,,Зеленый · 30х50 см,0,0,,,,2026-09-21T14:15:25+03:00
wildberries,1024484983,501165342,Guten Morgen,Полотенце бамбук набор 30х50 - 2 шт Эко,cIl4y8aU2IlgRSSzRQ6t,3,2026-09-08 13:21:37,,,,бежевый,0,0,,,,2026-09-21T14:15:25+03:00
wildberries,1024484983,501165342,Guten Morgen,Полотенце бамбук набор 30х50 - 2 шт Эко,y63xqcEMj8O69SUm1G5A,5,2026-09-08 12:37:26,Классные !!,,,Зеленый · 30х50 см,0,0,,,,2026-09-21T14:15:25+03:00
wildberries,1024484983,501165342,Guten Morgen,Полотенце бамбук набор 30х50 - 2 шт Эко,ryLPtaWkXnQ98Qvb123x,5,2026-09-08 12:16:35,"мягкие , классные полотенца рекомендую.",,,Зеленый · 30х50 см,0,0,,,,2026-09-21T14:15:25+03:00
wildberries,1024484983,501165342,Guten Morgen,Полотенце бамбук набор 30х50 - 2 шт Эко,wYPjvHttaxSHV9DqXdmK,5,2026-09-08 11:55:44,Благодарю!❤,,,Молочный · 30х50 см,0,0,,,,2026-09-21T14:15:25+03:00
wildberries,1024484983,501165342,Guten Morgen,Полотенце бамбук набор 30х50 - 2 шт Эко,VLitWYFSrPZRIGYkg7e9,5,2026-09-08 11:45:21,"Здравствуйте! Полотенчики отличные. Неожидала, что будут такие маленькие. Это мой промах, не сообразила какие будут полотенца 30 на 50см. Поэтому отказ. Извините, что так получилось.",,,Молочный · 30х50 см,0,0,,,,2026-09-21T14:15:25+03:00
wildberries,1024484983,501165342,Guten Morgen,Полотенце бамбук набор 30х50 - 2 шт Эко,f79hD25rDDkxuwED0pIl,5,2026-09-08 11:45:36,"Мягкие на ощупь, приятные",,,Белый · 30х50 см,0,0,,,,2026-09-21T14:15:25+03:00
wildberries,1024484983,501165342,Guten Morgen,Полотенце бамбук набор 30х50 - 2 шт Эко,p6yr4vTIjLT2weYNs1Ik,5,2026-09-08 10:22:41,Отлично впитывают .,,,белый,,0,,,,2026-09-21T14:15:25+03:00
wildberries,1024484983,501165342,Guten Morgen,Полотенце бамбук набор 30х50 - 2 шт Эко,4KDhDiAkUj7VFgT1cBt3,3,2026-09-08 08:03:42,,,"Написано,что банные,очень маленькие и тонкие ..картинке соответствует только цвет...подойдут только как кухонные","Оранжевый, розовый · 30х50 см",0,1,,,,2026-09-21T14:15:25+03:00
wildberries,1024484983,501165342,Guten Morgen,Полотенце бамбук набор 30х50 - 2 шт Эко,wTL98CWJgS5mh2Dy5ply,5,2026-09-08 01:54:09,,,,белый,0,0,,,,2026-09-21T14:15:25+03:00
wildberries,1024484983,501165342,Guten Morgen,Полотенце бамбук набор 30х50 - 2 шт Эко,xG9aSNHcQf02wvK1wTDI,5,2026-09-07 21:51:37,,,,Белый · 30х50 см,0,0,,,,2026-09-21T14:15:25+03:00
wildberries,1024484983,501165342,Guten Morgen,Полотенце бамбук набор 30х50 - 2 шт Эко,4tC1IYpXdax94NANe49K,5,2026-09-07 19:36:48,"Цвет красивый, полотенца пушистые.",,,белый,0,0,,,,2026-09-21T14:15:25+03:00
wildberries,1024484983,501165342,Guten Morgen,Полотенце бамбук набор 30х50 - 2 шт Эко,D02af3H0psZJBiJrAOiO,5,2026-09-07 19:36:25,"Полотенца пушистые, хорошо впитывают.",,,голубой,0,0,,,,2026-09-21T14:15:25+03:00
wildberries,1024484983,501165342,Guten Morgen,Полотенце бамбук набор 30х50 - 2 шт Эко,2sJkJFMHadEHuZQNrNJv,5,2026-09-07 19:36:03,Хорошие полотенца. После стирки стали мягкие и пушистые.,,,голубой,0,0,,,,2026-09-21T14:15:25+03:00
wildberries,1024484983,501165342,Guten Morgen,Полотенце бамбук набор 30х50 - 2 шт Эко,6mfZjGVSNNqqDDU2JOcl,4,2026-09-07 18:56:44,,,,"Фиолетовый, сиреневый · 30х50 см",0,0,,,,2026-09-21T14:15:25+03:00
wildberries,1024484983,501165342,Guten Morgen,Полотенце бамбук набор 30х50 - 2 шт Эко,xrpg1R7qizTjrRh2yOrg,5,2026-09-07 18:56:31,,,,Зеленый · 30х50 см,0,0,,,,2026-09-21T14:15:25+03:00
wildberries,1024484983,501165342,Guten Morgen,Полотенце бамбук набор 30х50 - 2 шт Эко,SZYL4Wdw3M1ABPJEMWDn,5,2026-09-07 17:46:29,,,,Зеленый · 30х50 см,0,0,,,,2026-09-21T14:15:25+03:00
wildberries,1024484983,501165342,Guten Morgen,Полотенце бамбук набор 30х50 - 2 шт Эко,dnKAXAejZzOXYQy1EAIQ,5,2026-09-07 15:46:16,"Мягкие, тонкие, белые👍 Для рук идеальное полотенце (5шт в наборе)",,,белый,,1,,,,2026-09-21T14:15:25+03:00
wildberries,1024484983,501165342,Guten Morgen,Полотенце бамбук набор 30х50 - 2 шт Эко,Jhx7mvRpqNcAQ8REQQI4,1,2026-09-07 15:08:09,,,"Упаковка- мешок, внутри 5 шт скомканных полотенец🙈 полотенца тонкие, невесомые",белый,0,1,,,,2026-09-21T14:15:25+03:00
wildberries,1024484983,501165342,Guten Morgen,Полотенце бамбук набор 30х50 - 2 шт Эко,R96jksUq53LQwu5MWpbk,1,2026-09-07 14:56:47,,,,белый,,0,,,,2026-09-21T14:15:25+03:00
wildberries,1024484983,501165342,Guten Morgen,Полотенце бамбук набор 30х50 - 2 шт Эко,EKRx66qBUincvBxVaD3A,1,2026-09-07 12:21:53,"Полотенышки мне понравились, спасибо продовцу",,,Белый · 30х50 см,0,0,,,,2026-09-21T14:15:25+03:00
wildberries,1024484983,501165342,Guten Morgen,Полотенце бамбук набор 30х50 - 2 шт Эко,W82dxLqZAQnux7uHxNZ3,5,2026-09-07 11:40:55,"Мягкие, цвет хороший",,,Зеленый · 30х50 см,0,0,,,,2026-09-21T14:15:25+03:00
wildberries,1024484983,501165342,Guten Morgen,Полотенце бамбук набор 30х50 - 2 шт Эко,Q5NYqB1JuLk3fjXeG6DG,5,2026-09-07 11:34:07,"Отличные полотенца! Толстенькие, хорошо впитывают влагу. Спасибо!",,,белый,,0,,,,2026-09-21T14:15:25+03:00
wildberries,1024484983,501165342,Guten Morgen,Полотенце бамбук набор 30х50 - 2 шт Эко,dKNs0M4FyP8lQ9XZkdQ3,2,2026-09-07 11:18:13,Очень тоненькие,,,Зеленый · 30х50 см,0,0,,,,2026-09-21T14:15:25+03:00
wildberries,1024484983,501165342,Guten Morgen,Полотенце бамбук набор 30х50 - 2 шт Эко,djTYLNoEBQMhgIaV3tqG,5,2026-09-07 08:46:38,"Хорошие обычные полотенца, в меру плотные, не тряпочка. Для рук хорошо. Петелька на короткой стороне не удобная, но для меня не критично",,,Белый · 30х50 см,0,0,,,,2026-09-21T14:15:25+03:00
wildberries,1024484983,501165342,Guten Morgen,Полотенце бамбук набор 30х50 - 2 шт Эко,N4GbVGQEMloQz1KeHLCB,5,2026-09-07 07:26:04,,,,белый,,0,,,,2026-09-21T14:15:25+03:00
wildberries,1024484983,501165342,Guten Morgen,Полотенце бамбук набор 30х50 - 2 шт Эко,Sptb3nctxRaswN7Fawoe,5,2026-09-07 07:06:26,,,,коричневый,0,0,,,,2026-09-21T14:15:25+03:00
wildberries,1024484983,501165342,Guten Morgen,Полотенце бамбук набор 30х50 - 2 шт Эко,4Bgfd9X8hNqVeqleGxHQ,5,2026-09-07 07:05:53,,,,голубой,0,0,,,,2026-09-21T14:15:25+03:00
wildberries,1024484983,501165342,Guten Morgen,Полотенце бамбук набор 30х50 - 2 шт Эко,JOBHa2cVxgBmnPsDVphy,5,2026-09-07 07:01:15,Хорошие полотенца для рук и лица👍,,,розовый,,1,,,,2026-09-21T14:15:25+03:00
wildberries,1024484983,501165342,Guten Morgen,Полотенце бамбук набор 30х50 - 2 шт Эко,l4jbGEZacTcuLgb96I3u,5,2026-09-07 06:52:00,,,,"Бежевый, молочный · 30х50 см",0,0,,,,2026-09-21T14:15:25+03:00
wildberries,1024484983,501165342,Guten Morgen,Полотенце бамбук набор 30х50 - 2 шт Эко,53g5SrofAP0DGhgEcmYQ,5,2026-09-07 05:57:40,,,,Белый · 30х50 см,0,0,,,,2026-09-21T14:15:25+03:00
wildberries,1024484983,501165342,Guten Morgen,Полотенце бамбук набор 30х50 - 2 шт Эко,92Fyw7PF4ibtsIwxx15s,5,2026-09-07 04:17:35,,,,Коричневый · 30х50 см,0,0,,,,2026-09-21T14:15:25+03:00
wildberries,1024484983,501165342,Guten Morgen,Полотенце бамбук набор 30х50 - 2 шт Эко,qX2NG3T6VCdoWvKIBmAi,5,2026-09-07 03:22:19,"Мелкие неплохие полотенца, цвет более зеленоватый. Не очень подошли к моей ванне, но выкупила. Они мягкие, приятные.",,,Зеленый · 30х50 см,0,0,,,,2026-09-21T14:15:25+03:00
wildberries,1024484983,501165342,Guten Morgen,Полотенце бамбук набор 30х50 - 2 шт Эко,GZOjN1BVxZ67TBcMaFIi,5,2026-09-07 01:57:08,,,,Белый · 30х50 см,0,0,,,,2026-09-21T14:15:25+03:00
wildberries,1024484983,501165342,Guten Morgen,Полотенце бамбук набор 30х50 - 2 шт Эко,BE51zP6yJohpUMbIQEil,5,2026-09-07 01:43:52,В описании банные. Но это малюсенькие кухонные. Впитывают отлично.,,,Коричневый · 30х50 см,0,0,,,,2026-09-21T14:15:25+03:00
wildberries,1024484983,501165342,Guten Morgen,Полотенце бамбук набор 30х50 - 2 шт Эко,ZyBRyyETZtKLGosiFdHX,5,2026-09-06 18:59:22,,,,"Оранжевый, розовый · 30х50 см",0,1,,,,2026-09-21T14:15:25+03:00
wildberries,1024484983,501165342,Guten Morgen,Полотенце бамбук набор 30х50 - 2 шт Эко,BIGmnm0HdItmAuKp6ppu,5,2026-09-06 18:52:05,"Небольшого размера, но для рук самое то.  Понравились.",,,"Коричневый, бежевый · 30х50 см",0,0,,,,2026-09-21T14:15:25+03:00
wildberries,1024484983,501165342,Guten Morgen,Полотенце бамбук набор 30х50 - 2 шт Эко,XYqgvu8WvGFHbxWOO7yB,3,2026-09-06 18:48:19,Очень тонкие полотенца. Отказ,,,"Коричневый, бежевый · 30х50 см",0,0,,,,2026-09-21T14:15:25+03:00
wildberries,1024484983,501165342,Guten Morgen,Полотенце бамбук набор 30х50 - 2 шт Эко,6bG3BeyS8xCKZCGm7C0q,3,2026-09-06 18:47:54,Очень тонкие полотенца. Отказ,,,"Оранжевый, розовый · 30х50 см",0,1,,,,2026-09-21T14:15:25+03:00
wildberries,1024484983,501165342,Guten Morgen,Полотенце бамбук набор 30х50 - 2 шт Эко,nvRnrlwYq585zFMOG00p,3,2026-09-06 18:27:08,Полная синтетика,,,Зеленый · 30х50 см,0,1,,,,2026-09-21T14:15:25+03:00
wildberries,1024484983,501165342,Guten Morgen,Полотенце бамбук набор 30х50 - 2 шт Эко,T7IS423OthySAp6tUZPl,5,2026-09-06 17:36:43,,,,розовый,0,1,,,,2026-09-21T14:15:25+03:00
wildberries,1024484983,501165342,Guten Morgen,Полотенце бамбук набор 30х50 - 2 шт Эко,k2hJJrTsb4F9R86YyEQw,4,2026-09-06 17:31:04,Тонкие. Синтетика имеется,,,"Бежевый, молочный · 30х50 см",0,1,,,,2026-09-21T14:15:25+03:00
wildberries,1024484983,501165342,Guten Morgen,Полотенце бамбук набор 30х50 - 2 шт Эко,vAFFBYjIBU3kgXgvxeom,5,2026-09-06 16:40:08,,,,Молочный · 30х50 см,0,0,,,,2026-09-21T14:15:25+03:00
wildberries,1024484983,501165342,Guten Morgen,Полотенце бамбук набор 30х50 - 2 шт Эко,QpxzjKwdQveaw8u9UGGr,5,2026-09-06 14:35:15,,,,Белый · 30х50 см,0,0,,,,2026-09-21T14:15:25+03:00
wildberries,1024484983,501165342,Guten Morgen,Полотенце бамбук набор 30х50 - 2 шт Эко,dWAkkfu2EZdJr7laGVsf,1,2026-09-06 12:37:52,"Разочарование полное,здесь нет 500 гр плотности,пришли тоненькие тряпочки,всегда беру у этого производителя полотенца ,а сегодня прям расстроил . Не надо так относится к покупателям",,,белый,,0,,,,2026-09-21T14:15:25+03:00
wildberries,1024484983,501165342,Guten Morgen,Полотенце бамбук набор 30х50 - 2 шт Эко,m3CEEjurdeDqg2ZA0j6n,4,2026-09-06 12:36:07,Обычные.,,,Красный · 30х50 см,0,1,,,,2026-09-21T14:15:25+03:00
wildberries,1024484983,501165342,Guten Morgen,Полотенце бамбук набор 30х50 - 2 шт Эко,P0PBwtdHpjJBqSU1uyrk,5,2026-09-06 12:24:58,"Мягкие ,мне понравились",,,Белый · 30х50 см,0,0,,,,2026-09-21T14:15:25+03:00
wildberries,1024484983,501165342,Guten Morgen,Полотенце бамбук набор 30х50 - 2 шт Эко,pw0JCyxn1UOKEy8bWLNl,5,2026-08-19 13:51:55,,,,Белый · 30х50 см,0,0,,,,2026-09-21T14:15:25+03:00
wildberries,1024484983,501165342,Guten Morgen,Полотенце бамбук набор 30х50 - 2 шт Эко,wmG64dD9Oau3WYleJKte,5,2026-09-06 10:14:15,,,,Молочный · 30х50 см,0,0,,,,2026-09-21T14:15:25+03:00
wildberries,1024484983,501165342,Guten Morgen,Полотенце бамбук набор 30х50 - 2 шт Эко,Xaqxd9j7Qw4hDFtWjLtq,2,2026-09-06 10:02:06,Качество 👎,,,Молочный · 30х50 см,0,0,,,,2026-09-21T14:15:25+03:00
wildberries,1024484983,501165342,Guten Morgen,Полотенце бамбук набор 30х50 - 2 шт Эко,tvltM1h43RPbUtP1Ilv8,3,2026-09-06 08:45:40,"Покупала 1,5 года назад качество было намного лучше. К огромному сожалению стали тонкие((( При получении не заметила затяжки, когда простирала сразу заметила..",,,"Фиолетовый, сиреневый · 30х50 см",0,1,,,,2026-09-21T14:15:25+03:00
wildberries,1024484983,501165342,Guten Morgen,Полотенце бамбук набор 30х50 - 2 шт Эко,TES1NrnQCtnIWt2yDEra,5,2026-09-06 06:31:08,,,,белый,,0,,,,2026-09-21T14:15:25+03:00
wildberries,1024484983,501165342,Guten Morgen,Полотенце бамбук набор 30х50 - 2 шт Эко,Re24hEw2GYuC8b7CHFvO,5,2026-09-06 06:30:31,,,,бежевый,,0,,,,2026-09-21T14:15:25+03:00
wildberries,1024484983,501165342,Guten Morgen,Полотенце бамбук набор 30х50 - 2 шт Эко,rWAKGgaOACCtooN1Etip,5,2026-09-06 04:30:20,,,,Синий · 30х50 см,0,0,,,,2026-09-21T14:15:25+03:00
wildberries,1024484983,501165342,Guten Morgen,Полотенце бамбук набор 30х50 - 2 шт Эко,jV21lSnjLBTf7l2qJImy,5,2026-09-06 03:25:52,,,,красный,,1,,,,2026-09-21T14:15:25+03:00
wildberries,1024484983,501165342,Guten Morgen,Полотенце бамбук набор 30х50 - 2 шт Эко,iPw6n9iOe8X3ayaYCJND,5,2026-09-06 03:04:26,"Отличные полотенца, купила на кухню, быстро просыхают, хорошо впитывает., размер как раз на кухню, небольшие.",,,Голубой · 30х50 см,0,0,,,,2026-09-21T14:15:25+03:00
wildberries,1024484983,501165342,Guten Morgen,Полотенце бамбук набор 30х50 - 2 шт Эко,OQfx1B31cybkbhU2gNd0,3,2026-09-05 20:42:39,Очень тонкие,,,зеленый,,0,,,,2026-09-21T14:15:25+03:00
wildberries,1024484983,501165342,Guten Morgen,Полотенце бамбук набор 30х50 - 2 шт Эко,E8aG184TSEp934B3LlYw,5,2026-09-05 19:09:31,"Мягкие, пушистые, супер!",,,Белый · 30х50 см,0,0,,,,2026-09-21T14:15:25+03:00
wildberries,1024484983,501165342,Guten Morgen,Полотенце бамбук набор 30х50 - 2 шт Эко,cwt6aeWLzI4dtBm6w1oO,1,2026-09-05 18:55:51,,,,Белый · 30х50 см,0,0,,,,2026-09-21T14:15:25+03:00
wildberries,1024484983,501165342,Guten Morgen,Полотенце бамбук набор 30х50 - 2 шт Эко,NNqXPmD56zKT30xRs6Av,4,2026-09-05 18:24:08,"Цвет изумительный, но плотность совсем не 500.. Тоненькие, не плотные, не набитые. Но для рук на кухню или на работу замечательно",,,Зеленый · 30х50 см,0,1,,,,2026-09-21T14:15:25+03:00
wildberries,1024484983,501165342,Guten Morgen,Полотенце бамбук набор 30х50 - 2 шт Эко,j2TC7Uim8T4xJd0xjFhS,5,2026-09-05 15:30:16,"хорошие полоте нца и внешний вид, и размер мне подошел.классные",,,"Коричневый, бежевый · 30х50 см",0,0,,,,2026-09-21T14:15:25+03:00
wildberries,1024484983,501165342,Guten Morgen,Полотенце бамбук набор 30х50 - 2 шт Эко,YAAxCOeBMzszhui2qiQg,2,2026-09-05 13:57:36,,,,Зеленый · 30х50 см,0,2,,,,2026-09-21T14:15:25+03:00
wildberries,1024484983,501165342,Guten Morgen,Полотенце бамбук набор 30х50 - 2 шт Эко,fzXLJ0VQVpbdRQOYrssP,5,2026-09-05 12:56:38,,,,зеленый,,0,,,,2026-09-21T14:15:25+03:00
wildberries,1024484983,501165342,Guten Morgen,Полотенце бамбук набор 30х50 - 2 шт Эко,fIU4NrMOewvIZDEycflY,5,2026-09-05 12:40:50,,,,Белый · 30х50 см,0,0,,,,2026-09-21T14:15:25+03:00
wildberries,114258162,26494881,Letto,"Полотенце кухонные махровые в наборе 3шт и для рук, 30х50см",5gV9YBAykuFmMtmtNGst,5,2026-09-21 10:44:50,,,,Сиреневый · 30х50 см,0,0,,,,2026-09-21T14:15:25+03:00
wildberries,114258162,26494881,Letto,"Полотенце кухонные махровые в наборе 3шт и для рук, 30х50см",UwNrzXai5U3WLKtuKI7p,5,2026-09-21 10:29:05,👍👏🌹,,,Изумрудный · 30х50 см,0,0,,,,2026-09-21T14:15:25+03:00
wildberries,114258162,26494881,Letto,"Полотенце кухонные махровые в наборе 3шт и для рук, 30х50см",tFoUcAg4d3LZRRsuBBce,5,2026-09-21 10:01:50,Полотенце пришли вовремя в хорошем состоянии мне понравились спасибо продавцу рекомендую.,,,Лавандово-розовый · 30х50 см,0,0,,,,2026-09-21T14:15:25+03:00
wildberries,114258162,26494881,Letto,"Полотенце кухонные махровые в наборе 3шт и для рук, 30х50см",ltnEbIolU7CkzitRHOKR,5,2026-09-21 09:58:43,,,,Белый · 30х50 см,0,0,,,,2026-09-21T14:15:25+03:00
wildberries,114258162,26494881,Letto,"Полотенце кухонные махровые в наборе 3шт и для рук, 30х50см",y8p8HKpgsW1uu8RNxWLW,5,2026-09-21 09:55:00,,,,Фиолетовый · 30х50 см,0,0,,,,2026-09-21T14:15:25+03:00
wildberries,114258162,26494881,Letto,"Полотенце кухонные махровые в наборе 3шт и для рук, 30х50см",9wWUcShvBjdwB5AZ36B2,5,2026-09-21 09:54:48,,,,Оливковый · 30х50 см,0,0,,,,2026-09-21T14:15:25+03:00
wildberries,114258162,26494881,Letto,"Полотенце кухонные махровые в наборе 3шт и для рук, 30х50см",iWeI7YEVO1AmRQ3q1GDN,5,2026-09-21 09:54:29,"Заказываю по второму разу, спасибо, всё отлично ♥️",,,Какао · 30х50 см,0,0,,,,2026-09-21T14:15:25+03:00
wildberries,114258162,26494881,Letto,"Полотенце кухонные махровые в наборе 3шт и для рук, 30х50см",bSpiA8DY2qmLAWPutkXR,4,2026-09-21 09:52:37,Взяла другого цвета,,,Темно-серый · 30х50 см,0,0,,,,2026-09-21T14:15:25+03:00
wildberries,114258162,26494881,Letto,"Полотенце кухонные махровые в наборе 3шт и для рук, 30х50см",jnJCWJNXNO85o6D3RDfu,5,2026-09-21 09:51:59,Хорошие но я выбрала другого цвета,,,Серо-голубой · 30х50 см,0,0,,,,2026-09-21T14:15:25+03:00
wildberries,114258162,26494881,Letto,"Полотенце кухонные махровые в наборе 3шт и для рук, 30х50см",W2vxr6rNiv1j4zVdYkIF,4,2026-09-21 09:27:57,Маленькие,,,Лавандово-розовый · 30х50 см,0,0,,,,2026-09-21T14:15:25+03:00
wildberries,114258162,26494881,Letto,"Полотенце кухонные махровые в наборе 3шт и для рук, 30х50см",bzgblJ3aIVoluQc4gF6M,4,2026-09-21 09:27:41,Очень тонкие и маленькие,,,Серо-синий · 30х50 см,0,0,,,,2026-09-21T14:15:25+03:00
wildberries,114258162,26494881,Letto,"Полотенце кухонные махровые в наборе 3шт и для рук, 30х50см",otzGFEo91dTWG8H8g70O,4,2026-09-21 09:27:18,Очень тонкие,,,Сиреневый · 30х50 см,0,0,,,,2026-09-21T14:15:25+03:00
wildberries,114258162,26494881,Letto,"Полотенце кухонные махровые в наборе 3шт и для рук, 30х50см",blkbh2jsF6RMFEuthv9Z,5,2026-09-21 09:04:45,Небольшие симпатичные полотенца. Для кухни самое то.,,,фиолетовый,0,0,,,,2026-09-21T14:15:25+03:00
wildberries,114258162,26494881,Letto,"Полотенце кухонные махровые в наборе 3шт и для рук, 30х50см",4fvm7jYbdL8dOQYRHWIn,5,2026-09-21 08:44:44,,,,Сиреневый · 30х50 см,0,0,,,,2026-09-21T14:15:25+03:00
wildberries,114258162,26494881,Letto,"Полотенце кухонные махровые в наборе 3шт и для рук, 30х50см",XLCCFFkJEM2SxSJRYdk6,5,2026-09-21 08:44:38,,,,Лавандово-розовый · 30х50 см,0,0,,,,2026-09-21T14:15:25+03:00
wildberries,114258162,26494881,Letto,"Полотенце кухонные махровые в наборе 3шт и для рук, 30х50см",cpFKtIZ4yvPpCwNBgpk8,5,2026-09-21 08:41:21,,,,"Светло-коричневый, какао · 30х50 см",0,0,,,,2026-09-21T14:15:25+03:00
wildberries,114258162,26494881,Letto,"Полотенце кухонные махровые в наборе 3шт и для рук, 30х50см",RK2Hl5d2gD82uyRwoVka,5,2026-09-21 08:40:51,"Хорошие маленькие полотенца, взяла на кухню, по цвету подошли",,,коричневый,,0,,,,2026-09-21T14:15:25+03:00
wildberries,114258162,26494881,Letto,"Полотенце кухонные махровые в наборе 3шт и для рук, 30х50см",PEcyVm3Y5xN4sG8yf41m,4,2026-09-21 08:25:29,"Хорошие ,мягкие ,но не такие пушистые как на фото .",,,Сиреневый · 30х50 см,0,0,,,,2026-09-21T14:15:25+03:00
wildberries,114258162,26494881,Letto,"Полотенце кухонные махровые в наборе 3шт и для рук, 30х50см",btsCFMSpKLOYsZB8EHkD,5,2026-09-21 08:21:31,,,,Белый · 30х50 см,0,0,,,,2026-09-21T14:15:25+03:00
wildberries,114258162,26494881,Letto,"Полотенце кухонные махровые в наборе 3шт и для рук, 30х50см",q2lRki50pgfBfNVmlPt7,5,2026-09-21 08:14:27,Красивый цвет. Хорошо смотрятся. Аккуратно сшиты. Хороший набор маленьких полотенец для кухни.,,,Серо-синий · 30х50 см,0,0,,,,2026-09-21T14:15:25+03:00
wildberries,114258162,26494881,Letto,"Полотенце кухонные махровые в наборе 3шт и для рук, 30х50см",FnsRJneh3m6v1I7G8S2B,5,2026-09-21 08:02:16,,,,Графит · 30х50 см,0,0,,,,2026-09-21T14:15:25+03:00
wildberries,114258162,26494881,Letto,"Полотенце кухонные махровые в наборе 3шт и для рук, 30х50см",7GBSJaX88kRk2SuTI2kV,5,2026-09-21 07:57:53,,,,Графит · 30х50 см,0,0,,,,2026-09-21T14:15:25+03:00
wildberries,114258162,26494881,Letto,"Полотенце кухонные махровые в наборе 3шт и для рук, 30х50см",4RwjSjyUm4gVFNXPhtMB,5,2026-09-21 07:36:39,Очень хорошие,,,Изумрудный · 30х50 см,0,0,,,,2026-09-21T14:15:25+03:00
wildberries,114258162,26494881,Letto,"Полотенце кухонные махровые в наборе 3шт и для рук, 30х50см",SUMK7O5f3jchxHIwHYRQ,5,2026-09-21 06:59:10,,,,Лавандово-розовый · 30х50 см,0,0,,,,2026-09-21T14:15:25+03:00
wildberries,114258162,26494881,Letto,"Полотенце кухонные махровые в наборе 3шт и для рук, 30х50см",K5qTyjnHXzLWYPykj96P,5,2026-09-21 06:57:38,,,,Фиолетовый · 30х50 см,0,0,,,,2026-09-21T14:15:25+03:00
wildberries,114258162,26494881,Letto,"Полотенце кухонные махровые в наборе 3шт и для рук, 30х50см",Lytce7YGVmdy9YtT91ex,5,2026-09-21 06:49:23,"Хорошие ,изумрудного цвета!",,,зеленый,,0,,,,2026-09-21T14:15:25+03:00
wildberries,114258162,26494881,Letto,"Полотенце кухонные махровые в наборе 3шт и для рук, 30х50см",gZbsVaPBRWQwrJRd3bjt,5,2026-09-21 06:41:53,,,,серый,,0,,,,2026-09-21T14:15:25+03:00
wildberries,114258162,26494881,Letto,"Полотенце кухонные махровые в наборе 3шт и для рук, 30х50см",xsNb6TXXPL29Nj3njDZX,5,2026-09-21 06:22:30,хорошая полотенце хорошо Впитывает,,,Лавандово-розовый · 30х50 см,0,0,,,,2026-09-21T14:15:25+03:00
wildberries,114258162,26494881,Letto,"Полотенце кухонные махровые в наборе 3шт и для рук, 30х50см",LlplCNtbKj5NR9N9ENXy,4,2026-09-21 06:19:46,"Хорошенькие, но маленькие",,,зеленый,,0,,,,2026-09-21T14:15:25+03:00
wildberries,114258162,26494881,Letto,"Полотенце кухонные махровые в наборе 3шт и для рук, 30х50см",pL7S1IJzD0OjIZRvzEsT,5,2026-09-21 06:15:37,,"Полотенце хорошего качества, рекомендую 👍",,Графит · 30х50 см,0,0,,,,2026-09-21T14:15:25+03:00
wildberries,114258162,26494881,Letto,"Полотенце кухонные махровые в наборе 3шт и для рук, 30х50см",MwKzGXIZ4PsqV362kxJo,5,2026-09-21 06:01:07,,,,фиолетовый,0,0,,,,2026-09-21T14:15:25+03:00
wildberries,114258162,26494881,Letto,"Полотенце кухонные махровые в наборе 3шт и для рук, 30х50см",ZrpcQZvfRYPQDYPXYxiH,5,2026-09-21 06:01:00,"Хорошие полотенчики, качественные, приятный цвет, хорошо впитывают влагу.",,,Серо-зеленый · 30х50 см,0,0,,,,2026-09-21T14:15:25+03:00
wildberries,114258162,26494881,Letto,"Полотенце кухонные махровые в наборе 3шт и для рук, 30х50см",0fCSXzk1RVM885Ri4Rg1,5,2026-09-21 05:45:44,,,,Серо-зеленый · 30х50 см,0,0,,,,2026-09-21T14:15:25+03:00
wildberries,114258162,26494881,Letto,"Полотенце кухонные махровые в наборе 3шт и для рук, 30х50см",VEijs0XRRCuDIqSs0M5h,5,2026-09-21 05:45:39,,,,Серо-синий · 30х50 см,0,0,,,,2026-09-21T14:15:25+03:00
wildberries,114258162,26494881,Letto,"Полотенце кухонные махровые в наборе 3шт и для рук, 30х50см",ZLtq1rgueDMks76m3iXd,3,2026-09-21 05:41:43,,,,Серо-синий · 30х50 см,0,0,,,,2026-09-21T14:15:25+03:00
wildberries,114258162,26494881,Letto,"Полотенце кухонные махровые в наборе 3шт и для рук, 30х50см",LhoI3qLb0uN7czVh3nnC,5,2026-09-21 05:30:58,"Хорошие полотенца, рекомендую. Спасибо.",,,Серо-синий · 30х50 см,0,0,,,,2026-09-21T14:15:25+03:00
wildberries,114258162,26494881,Letto,"Полотенце кухонные махровые в наборе 3шт и для рук, 30х50см",FWdPQKSqleWTY1u0rUtH,5,2026-09-21 05:08:50,Впитывает хорошо 👍,,,Фиолетовый · 30х50 см,0,0,,,,2026-09-21T14:15:25+03:00
wildberries,114258162,26494881,Letto,"Полотенце кухонные махровые в наборе 3шт и для рук, 30х50см",Mba3X4Ryo0xtdOuiYcl7,5,2026-09-21 05:03:08,"Хорошие, мягкие полотенца!!!!",,,Лавандово-розовый · 30х50 см,0,0,,,,2026-09-21T14:15:25+03:00
wildberries,114258162,26494881,Letto,"Полотенце кухонные махровые в наборе 3шт и для рук, 30х50см",CXXowWqO3IGnnyu7nMod,5,2026-09-21 04:54:03,"Полотенца хорошие, для кухни самое то, сшиты аккуратно, пришли быстро и без запаха.",,,фиолетовый,,0,,,,2026-09-21T14:15:25+03:00
wildberries,114258162,26494881,Letto,"Полотенце кухонные махровые в наборе 3шт и для рук, 30х50см",SR7addillo2pFfVm5Crj,3,2026-09-21 04:40:02,,,,Изумрудный · 30х50 см,0,0,,,,2026-09-21T14:15:25+03:00
wildberries,114258162,26494881,Letto,"Полотенце кухонные махровые в наборе 3шт и для рук, 30х50см",7JDXWA1ZwpPNKzbPpaFL,5,2026-09-21 04:23:09,,,,Бордовый · 30х50 см,0,0,,,,2026-09-21T14:15:25+03:00
wildberries,114258162,26494881,Letto,"Полотенце кухонные махровые в наборе 3шт и для рук, 30х50см",XoUirRgqdp7diFzWv72Y,4,2026-09-21 03:17:28,,,,Лавандово-розовый · 30х50 см,0,0,,,,2026-09-21T14:15:25+03:00
wildberries,114258162,26494881,Letto,"Полотенце кухонные махровые в наборе 3шт и для рук, 30х50см",tfdaWxxjH6esTF9zgzhm,5,2026-09-21 03:01:25,,,,зеленый,0,0,,,,2026-09-21T14:15:25+03:00
wildberries,114258162,26494881,Letto,"Полотенце кухонные махровые в наборе 3шт и для рук, 30х50см",otQHxBsa3GjMVb105772,5,2026-09-21 02:59:35,"симпатичные полотенчики, хлопковые, мне понравились",,,Серо-синий · 30х50 см,0,0,,,,2026-09-21T14:15:25+03:00
wildberries,114258162,26494881,Letto,"Полотенце кухонные махровые в наборе 3шт и для рук, 30х50см",qJi2sjmGJTHm86S4jgj9,5,2026-09-21 02:36:55,,,,Серо-голубой · 30х50 см,0,0,,,,2026-09-21T14:15:25+03:00
wildberries,114258162,26494881,Letto,"Полотенце кухонные махровые в наборе 3шт и для рук, 30х50см",axHurtpcnhhTXTkAhgTA,5,2026-09-21 02:36:30,,,,Ярко-голубой · 30х50 см,0,0,,,,2026-09-21T14:15:25+03:00
wildberries,114258162,26494881,Letto,"Полотенце кухонные махровые в наборе 3шт и для рук, 30х50см",ZB2Ljwnv0yNyyFzvb7Gf,5,2026-09-21 02:36:17,,,,"Зеленый, изумрудный, изумрудно-зеленый · 30х50 см",0,0,,,,2026-09-21T14:15:25+03:00
wildberries,114258162,26494881,Letto,"Полотенце кухонные махровые в наборе 3шт и для рук, 30х50см",qYAV7dU4FxT4aC1fNdIs,5,2026-09-21 00:39:00,,,,"Серый, темно-серый · 30х50 см",0,0,,,,2026-09-21T14:15:25+03:00
wildberries,114258162,26494881,Letto,"Полотенце кухонные махровые в наборе 3шт и для рук, 30х50см",5RWEz8QImowGbgqOvCYH,5,2026-09-20 22:58:43,Хорошие полотенца,,,Графит · 30х50 см,0,0,,,,2026-09-21T14:15:25+03:00
wildberries,114258162,26494881,Letto,"Полотенце кухонные махровые в наборе 3шт и для рук, 30х50см",YyZDPILhNuhZP3mzVMLe,5,2026-09-20 21:52:56,,,,фиолетовый,,0,,,,2026-09-21T14:15:25+03:00
wildberries,114258162,26494881,Letto,"Полотенце кухонные махровые в наборе 3шт и для рук, 30х50см",sqXW4RxwIaILnrcIF7N3,3,2026-09-20 20:39:55,"Тонкие, раньше были плотнее.",,,Лавандово-розовый · 30х50 см,0,0,,,,2026-09-21T14:15:25+03:00
wildberries,114258162,26494881,Letto,"Полотенце кухонные махровые в наборе 3шт и для рук, 30х50см",6QeCbWC5pVntldThVPk7,5,2026-09-20 19:47:13,,,,зеленый,,0,,,,2026-09-21T14:15:25+03:00
wildberries,114258162,26494881,Letto,"Полотенце кухонные махровые в наборе 3шт и для рук, 30х50см",f70CIfwn0bhgbn6yn36V,5,2026-09-20 19:31:04,Добротные положении для кухни. Устраивает качество и размер. Переносили доставку.,,,Графит · 30х50 см,0,0,,,,2026-09-21T14:15:25+03:00
wildberries,114258162,26494881,Letto,"Полотенце кухонные махровые в наборе 3шт и для рук, 30х50см",at9G2dpycYj37R4BOpz8,5,2026-09-20 19:30:10,,,,"Серый, темно-серый · 30х50 см",0,0,,,,2026-09-21T14:15:25+03:00
wildberries,114258162,26494881,Letto,"Полотенце кухонные махровые в наборе 3шт и для рук, 30х50см",XbzDcobjMZq2IRrRjQGC,5,2026-09-20 18:40:15,,,,"Серый, темно-серый · 30х50 см",0,0,,,,2026-09-21T14:15:25+03:00
wildberries,114258162,26494881,Letto,"Полотенце кухонные махровые в наборе 3шт и для рук, 30х50см",b16zejR7Zbsq7twfLjmq,5,2026-09-20 18:21:21,,,,"Зеленый, изумрудный, изумрудно-зеленый · 30х50 см",0,0,,,,2026-09-21T14:15:25+03:00
wildberries,114258162,26494881,Letto,"Полотенце кухонные махровые в наборе 3шт и для рук, 30х50см",LhOp4mAQh4tBGGZQNNBB,5,2026-09-20 18:18:04,Полотенце хорошие за 188р думала будут хуже,,,Лавандово-розовый · 30х50 см,0,0,,,,2026-09-21T14:15:25+03:00
wildberries,114258162,26494881,Letto,"Полотенце кухонные махровые в наборе 3шт и для рук, 30х50см",Igpg4tJInX9SBZ1IZliM,1,2026-09-20 18:05:37,Пригли как простые тряпки. Все мятое без упаковки,,,Бежевый · 30х50 см,0,0,,,,2026-09-21T14:15:25+03:00
wildberries,114258162,26494881,Letto,"Полотенце кухонные махровые в наборе 3шт и для рук, 30х50см",FxNWILAJP3Z6VvuffMDg,5,2026-09-20 17:54:24,Для кухни самое то. 👍,,,Серо-синий · 30х50 см,0,0,,,,2026-09-21T14:15:25+03:00
wildberries,114258162,26494881,Letto,"Полотенце кухонные махровые в наборе 3шт и для рук, 30х50см",i4wpq6N1Ff4euSGJf8jV,5,2026-09-20 17:47:07,,,,серый,0,0,,,,2026-09-21T14:15:25+03:00
wildberries,114258162,26494881,Letto,"Полотенце кухонные махровые в наборе 3шт и для рук, 30х50см",huv9BagL4dcdkU2wsk3R,5,2026-09-20 17:44:26,,,,фиолетовый,,0,,,,2026-09-21T14:15:25+03:00
wildberries,114258162,26494881,Letto,"Полотенце кухонные махровые в наборе 3шт и для рук, 30х50см",juwFdqGs1keKDCd2nnZc,5,2026-09-20 17:28:40,"Полотенчики тонкие и малюсенькие) Как-то я недооценила размер. Но меня с ними примирила невысокая цена (214 р за 3 штуки). Качество ей адекватно, какое-то время они прослужат. Ну и цвет ""мох"" мне очень нравится.",,,зеленый,0,0,,,,2026-09-21T14:15:25+03:00
wildberries,114258162,26494881,Letto,"Полотенце кухонные махровые в наборе 3шт и для рук, 30х50см",7jhzAzh1UwDaOynrYouz,5,2026-09-20 17:16:56,Цена соответствует качеству,,,Лавандово-розовый · 30х50 см,0,0,,,,2026-09-21T14:15:25+03:00
wildberries,114258162,26494881,Letto,"Полотенце кухонные махровые в наборе 3шт и для рук, 30х50см",da8B1vfVFCBihljTSLtH,5,2026-09-20 16:56:20,,,,фиолетовый,,0,,,,2026-09-21T14:15:25+03:00
wildberries,114258162,26494881,Letto,"Полотенце кухонные махровые в наборе 3шт и для рук, 30х50см",KhsEIMGMb18M3CO8WEmM,5,2026-09-20 16:55:01,,,,Серо-синий · 30х50 см,0,0,,,,2026-09-21T14:15:25+03:00
wildberries,114258162,26494881,Letto,"Полотенце кухонные махровые в наборе 3шт и для рук, 30х50см",lSQj6DscpZe1LZdEyyb9,5,2026-09-20 16:52:30,,,,Изумрудный · 30х50 см,0,0,,,,2026-09-21T14:15:25+03:00
wildberries,114258162,26494881,Letto,"Полотенце кухонные махровые в наборе 3шт и для рук, 30х50см",D57qWULI8MWtVefV9G3V,5,2026-09-20 16:39:28,,,,серый,,0,,,,2026-09-21T14:15:25+03:00
wildberries,114258162,26494881,Letto,"Полотенце кухонные махровые в наборе 3шт и для рук, 30х50см",MahkiwPjYg1HhBqVnKYj,5,2026-09-20 16:11:16,,,,Темно-серый · 30х50 см,0,0,,,,2026-09-21T14:15:25+03:00
wildberries,114258162,26494881,Letto,"Полотенце кухонные махровые в наборе 3шт и для рук, 30х50см",OCGUGcJCKknUMcVgvf35,5,2026-09-20 16:02:29,Хорошие.плотные.еще заказала в другом цвете,,,Лавандово-розовый · 30х50 см,0,0,,,,2026-09-21T14:15:25+03:00
wildberries,114258162,26494881,Letto,"Полотенце кухонные махровые в наборе 3шт и для рук, 30х50см",8AB0AaRHxtUisN1BrRZD,5,2026-09-20 15:56:37,"Полотенечки мягкие,впитывают хорошо,быстро сохнут. Спасибо.",,,"Серый, темно-серый · 30х50 см",0,0,,,,2026-09-21T14:15:25+03:00
wildberries,114258162,26494881,Letto,"Полотенце кухонные махровые в наборе 3шт и для рук, 30х50см",XzufDsoGG15pxxQ7bOVz,5,2026-09-20 15:53:49,,,,Белый · 30х50 см,0,0,,,,2026-09-21T14:15:25+03:00
wildberries,114258162,26494881,Letto,"Полотенце кухонные махровые в наборе 3шт и для рук, 30х50см",uWwqN2MjQCmhneZVXObi,5,2026-09-20 15:51:39,Классные,,,"Светло-коричневый, какао · 30х50 см",0,0,,,,2026-09-21T14:15:25+03:00
wildberries,114258162,26494881,Letto,"Полотенце кухонные махровые в наборе 3шт и для рук, 30х50см",Xbr7zikjxe5JBNU1Qvif,4,2026-09-20 15:40:04,,,,Серо-синий · 30х50 см,0,0,,,,2026-09-21T14:15:25+03:00
wildberries,114258162,26494881,Letto,"Полотенце кухонные махровые в наборе 3шт и для рук, 30х50см",D1ovcTn4eb5fCvuQOr5B,5,2026-09-20 15:39:14,Хорошо впитывают,,,Изумрудный · 30х50 см,0,0,,,,2026-09-21T14:15:25+03:00
wildberries,114258162,26494881,Letto,"Полотенце кухонные махровые в наборе 3шт и для рук, 30х50см",a4xuMkDRYJMa1wOM0nok,5,2026-09-20 15:25:25,,Хорошие полотенца,,зеленый,0,0,,,,2026-09-21T14:15:25+03:00
wildberries,114258162,26494881,Letto,"Полотенце кухонные махровые в наборе 3шт и для рук, 30х50см",vx62XBrbMckawwDaOOVw,5,2026-09-20 15:22:06,,,,черный,,0,,,,2026-09-21T14:15:25+03:00
wildberries,114258162,26494881,Letto,"Полотенце кухонные махровые в наборе 3шт и для рук, 30х50см",ZOEmcIx4zNaHhQzalgsg,5,2026-09-20 15:15:32,"Вода красится не сильно, а так хорошие.",,,Сиреневый · 30х50 см,0,0,,,,2026-09-21T14:15:25+03:00
wildberries,114258162,26494881,Letto,"Полотенце кухонные махровые в наборе 3шт и для рук, 30х50см",SS0EzPL8TpHSG301CLud,5,2026-09-20 15:12:00,Качество хорошее,,,Сиреневый · 30х50 см,0,0,,,,2026-09-21T14:15:25+03:00
wildberries,114258162,26494881,Letto,"Полотенце кухонные махровые в наборе 3шт и для рук, 30х50см",bXkhMRUqfCZaAxEoCOrc,5,2026-09-20 15:03:16,,"Хорошие мягкие полотенца 28×50, и эти недостающие 2см заметны. В остальном, рекомендую",,синий,0,0,,,,2026-09-21T14:15:25+03:00
wildberries,114258162,26494881,Letto,"Полотенце кухонные махровые в наборе 3шт и для рук, 30х50см",vwjklijWXrvoIXtOb1mo,2,2026-09-20 14:40:01,,,,Какао · 30х50 см,0,0,,,,2026-09-21T14:15:25+03:00
wildberries,114258162,26494881,Letto,"Полотенце кухонные махровые в наборе 3шт и для рук, 30х50см",g6azpp1N5vipeTYFBHGy,4,2026-09-20 14:18:53,"На вид хорошие и маленькие кухонные полотенца. А вот как впитывают ,- пока не пробовала",,,серый,,0,,,,2026-09-21T14:15:25+03:00
wildberries,114258162,26494881,Letto,"Полотенце кухонные махровые в наборе 3шт и для рук, 30х50см",Y3l1OeC7Nvz2JtUodVxd,5,2026-09-20 13:31:56,,,,Сиреневый · 30х50 см,0,0,,,,2026-09-21T14:15:25+03:00
wildberries,114258162,26494881,Letto,"Полотенце кухонные махровые в наборе 3шт и для рук, 30х50см",PtNFriUhqnqcA0nBcYnL,5,2026-09-20 13:23:20,Ща такую цену пойдут,,,Серо-синий · 30х50 см,0,0,,,,2026-09-21T14:15:25+03:00
wildberries,114258162,26494881,Letto,"Полотенце кухонные махровые в наборе 3шт и для рук, 30х50см",YZftuYAl6vQuNKVDWczO,5,2026-09-20 13:22:57,За такую цену пойдут,,,Фиолетовый · 30х50 см,0,0,,,,2026-09-21T14:15:25+03:00
wildberries,114258162,26494881,Letto,"Полотенце кухонные махровые в наборе 3шт и для рук, 30х50см",QERVPF5rLxUnP2hzHqhf,5,2026-09-20 13:07:30,"Беру не первый раз, очень хорошего качества. Впитывают хорошо, размер для меня то что надо",,,фиолетовый,0,0,,,,2026-09-21T14:15:25+03:00
wildberries,114258162,26494881,Letto,"Полотенце кухонные махровые в наборе 3шт и для рук, 30х50см",tCoVnPBSicfodSGGlE9C,5,2026-09-20 13:05:07,,,,Графит · 30х50 см,0,0,,,,2026-09-21T14:15:25+03:00
wildberries,114258162,26494881,Letto,"Полотенце кухонные махровые в наборе 3шт и для рук, 30х50см",bDtzXuVxrLS9QEhdZ5ao,5,2026-09-20 13:01:37,,,,Какао · 30х50 см,0,0,,,,2026-09-21T14:15:25+03:00
wildberries,114258162,26494881,Letto,"Полотенце кухонные махровые в наборе 3шт и для рук, 30х50см",JLlguhTHmXjw2fFBHHLy,5,2026-09-20 12:21:26,"Хорошие полотенца, советую к покупке",,,синий,,0,,,,2026-09-21T14:15:25+03:00
wildberries,114258162,26494881,Letto,"Полотенце кухонные махровые в наборе 3шт и для рук, 30х50см",hDOVTNmSmgQ7ExC2A0La,5,2026-09-20 12:02:33,Полотенца мне очень понравились. Спасибо продавцу 👍 буду заказывать ещё,,,Серо-синий · 30х50 см,0,0,,,,2026-09-21T14:15:25+03:00
wildberries,114258162,26494881,Letto,"Полотенце кухонные махровые в наборе 3шт и для рук, 30х50см",widEhz7Af1Ikg4Gjusv6,5,2026-09-20 11:52:08,"Спасибо, рекомендую!!!",,,Сиреневый · 30х50 см,0,0,,,,2026-09-21T14:15:25+03:00
wildberries,114258162,26494881,Letto,"Полотенце кухонные махровые в наборе 3шт и для рук, 30х50см",5nSBtoDB98YaVJdbBT4a,5,2026-09-20 11:36:38,,,,коричневый,0,0,,,,2026-09-21T14:15:25+03:00
wildberries,114258162,26494881,Letto,"Полотенце кухонные махровые в наборе 3шт и для рук, 30х50см",Pfj2MY0JNH9MeM5cYl1V,5,2026-09-20 11:05:16,,,,фиолетовый,,0,,,,2026-09-21T14:15:25+03:00
wildberries,114258162,26494881,Letto,"Полотенце кухонные махровые в наборе 3шт и для рук, 30х50см",Nx84mokosBoxfoVt0Qra,5,2026-09-20 10:37:38,,"Мягкие, хорошие полотенца",,фиолетовый,0,0,,,,2026-09-21T14:15:25+03:00
wildberries,114258162,26494881,Letto,"Полотенце кухонные махровые в наборе 3шт и для рук, 30х50см",prHU1TBEzY5LlVbZTgnS,4,2026-09-20 10:26:11,"Размер 30*50, для кухни супер, купила разных цветов, даже не посмотрела на пункте, а дома поняла, т. к остался товар с предыдущего заказа, ткань поменялась, стала более рыхлой, махровые петельки редкие, даже расстроилась. После стирки, оказались приятными в использовании.",,,Сиреневый · 30х50 см,0,0,,,,2026-09-21T14:15:25+03:00
wildberries,114258162,26494881,Letto,"Полотенце кухонные махровые в наборе 3шт и для рук, 30х50см",clzBxBPFyQ8CxLsQ15de,5,2026-09-20 10:25:49,,,,Серо-синий · 30х50 см,0,0,,,,2026-09-21T14:15:25+03:00
wildberries,114258162,26494881,Letto,"Полотенце кухонные махровые в наборе 3шт и для рук, 30х50см",CQozEILv7gDruz41BsLi,5,2026-09-20 10:25:28,,,,Лавандово-розовый · 30х50 см,0,0,,,,2026-09-21T14:15:25+03:00
wildberries,114258162,26494881,Letto,"Полотенце кухонные махровые в наборе 3шт и для рук, 30х50см",doRIywwMcdfYmjIHUCLD,5,2026-09-20 10:25:15,,,,Изумрудный · 30х50 см,0,0,,,,2026-09-21T14:15:25+03:00
wildberries,114258162,26494881,Letto,"Полотенце кухонные махровые в наборе 3шт и для рук, 30х50см",KBZXePDszuiI2gS84xaz,5,2026-09-20 09:52:23,,,,Фиолетовый · 30х50 см,0,0,,,,2026-09-21T14:15:25+03:00
wildberries,114258162,26494881,Letto,"Полотенце кухонные махровые в наборе 3шт и для рук, 30х50см",GDT19du4gI49eaTe60TP,5,2026-09-20 09:52:00,,,,Сиреневый · 30х50 см,0,0,,,,2026-09-21T14:15:25+03:00
wildberries,114258162,26494881,Letto,"Полотенце кухонные махровые в наборе 3шт и для рук, 30х50см",3nYUGqwpsWMVmYYCUumt,5,2026-09-20 09:51:49,,,,Сиреневый · 30х50 см,0,0,,,,2026-09-21T14:15:25+03:00
wildberries,114258162,26494881,Letto,"Полотенце кухонные махровые в наборе 3шт и для рук, 30х50см",9UC2mwr5rittZ4UALoTK,5,2026-09-20 09:33:43,,,,Фуксия · 30х50 см,0,0,,,,2026-09-21T14:15:25+03:00
wildberries,114258162,26494881,Letto,"Полотенце кухонные махровые в наборе 3шт и для рук, 30х50см",1d3zpzloebjLAmBwbjPL,5,2026-09-20 09:33:33,,,,Сиреневый · 30х50 см,0,0,,,,2026-09-21T14:15:25+03:00
wildberries,114258162,26494881,Letto,"Полотенце кухонные махровые в наборе 3шт и для рук, 30х50см",mhzNNKejqZE8KmJZ8zAP,3,2026-09-20 09:33:15,"Тонкие , маленькие больше как салфетки",,,Графит · 30х50 см,0,0,,,,2026-09-21T14:15:25+03:00
wildberries,114258162,26494881,Letto,"Полотенце кухонные махровые в наборе 3шт и для рук, 30х50см",7nAVrFAbq31r8tvMyLrT,5,2026-09-20 09:32:51,,,,Фиолетовый · 30х50 см,0,0,,,,2026-09-21T14:15:25+03:00
wildberries,114258162,26494881,Letto,"Полотенце кухонные махровые в наборе 3шт и для рук, 30х50см",nKcCkuqZLFKwVvOY16xQ,5,2026-09-20 09:07:39,,,,Серо-синий · 30х50 см,0,0,,,,2026-09-21T14:15:25+03:00
wildberries,114258162,26494881,Letto,"Полотенце кухонные махровые в наборе 3шт и для рук, 30х50см",1yd5CbkwwyeIKfmQZ3Zb,5,2026-09-20 08:20:41,,"Цвет,качество",,Фиолетовый · 30х50 см,0,0,,,,2026-09-21T14:15:25+03:00
wildberries,114258162,26494881,Letto,"Полотенце кухонные махровые в наборе 3шт и для рук, 30х50см",y1oy9rxplGlzSEB8ox3z,5,2026-09-20 08:19:17,,,,Лавандово-розовый · 30х50 см,0,0,,,,2026-09-21T14:15:25+03:00
wildberries,114258162,26494881,Letto,"Полотенце кухонные махровые в наборе 3шт и для рук, 30х50см",c2TdeqjbXNtSr0PRsWdy,5,2026-09-20 07:42:04,"Полотенчики очень хорошие, пушистенькие, хорошо впитывают",,,Серо-синий · 30х50 см,0,0,,,,2026-09-21T14:15:25+03:00
wildberries,114258162,26494881,Letto,"Полотенце кухонные махровые в наборе 3шт и для рук, 30х50см",G1WefAQ5RlC7E7GNJUcm,5,2026-09-20 07:32:30,,,,Графит · 30х50 см,0,0,,,,2026-09-21T14:15:25+03:00
wildberries,114258162,26494881,Letto,"Полотенце кухонные махровые в наборе 3шт и для рук, 30х50см",b6eYCbc7cIRPAZ0riTyh,3,2026-09-20 06:41:06,Очень тонкие,,,Фуксия · 30х50 см,0,0,,,,2026-09-21T14:15:25+03:00
wildberries,114258162,26494881,Letto,"Полотенце кухонные махровые в наборе 3шт и для рук, 30х50см",LqUZCZK37TjVS1RMPaOr,5,2026-09-20 06:30:36,"Все устраивает, мне нравятся использовать их на кухне. Беру не в первый раз. Доставка вовремя. Спасибо!",,,Розово-лавандовый · 30х50 см,0,0,,,,2026-09-21T14:15:25+03:00
wildberries,114258162,26494881,Letto,"Полотенце кухонные махровые в наборе 3шт и для рук, 30х50см",9PdgYijATcN9QklLQSZr,5,2026-09-20 06:17:33,,,,Лавандово-розовый · 30х50 см,0,0,,,,2026-09-21T14:15:25+03:00
wildberries,114258162,26494881,Letto,"Полотенце кухонные махровые в наборе 3шт и для рук, 30х50см",GvPfCXGrmcrdEnGwjsKR,5,2026-09-20 05:50:49,"Мягкие полотенца, приятные телу, хорошо впитывают воду.",,,фиолетовый,,0,,,,2026-09-21T14:15:25+03:00
wildberries,114258162,26494881,Letto,"Полотенце кухонные махровые в наборе 3шт и для рук, 30х50см",1gOanJrh8ekImnor9mV2,5,2026-09-20 05:50:19,"Мягкие полотенца, приятные телу, хорошо впитывают воду.",,,серый,,0,,,,2026-09-21T14:15:25+03:00
wildberries,114258162,26494881,Letto,"Полотенце кухонные махровые в наборе 3шт и для рук, 30х50см",EcDUcKx0PZdSVij7iHok,5,2026-09-20 05:29:13,"Полотенца соответствуют цена - качество. Тонкие, впитывают хорошо, белоснежные.",,,Белый · 30х50 см,0,0,,,,2026-09-21T14:15:25+03:00
wildberries,114258162,26494881,Letto,"Полотенце кухонные махровые в наборе 3шт и для рук, 30х50см",QdehaRdfUeruldGJxr95,5,2026-09-20 05:21:21,,,,Лавандово-розовый · 30х50 см,0,0,,,,2026-09-21T14:15:25+03:00
wildberries,114258162,26494881,Letto,"Полотенце кухонные махровые в наборе 3шт и для рук, 30х50см",OLl416JHEbdNk7pJZdYa,5,2026-09-20 05:21:15,,,,Лавандово-розовый · 30х50 см,0,0,,,,2026-09-21T14:15:25+03:00
wildberries,114258162,26494881,Letto,"Полотенце кухонные махровые в наборе 3шт и для рук, 30х50см",cZQqZalNjjXuO6SWyQbK,5,2026-09-20 05:01:16,,,,Лавандово-розовый · 30х50 см,0,0,,,,2026-09-21T14:15:25+03:00
wildberries,114258162,26494881,Letto,"Полотенце кухонные махровые в наборе 3шт и для рук, 30х50см",juo6xhNTXeLdaBGf85xf,5,2026-09-20 04:49:47,,,,розовый,,0,,,,2026-09-21T14:15:25+03:00
wildberries,114258162,26494881,Letto,"Полотенце кухонные махровые в наборе 3шт и для рук, 30х50см",dKPmN9pQg5DeXcqfEO7A,5,2026-09-20 04:44:06,,,,Изумрудный · 30х50 см,0,0,,,,2026-09-21T14:15:25+03:00
wildberries,114258162,26494881,Letto,"Полотенце кухонные махровые в наборе 3шт и для рук, 30х50см",grFp54OgVqeCGuBcfiaL,4,2026-09-20 04:20:06,"Скользят, лучше бы с петелька и.",,,"Зеленый, изумрудный, изумрудно-зеленый · 30х50 см",0,0,,,,2026-09-21T14:15:25+03:00
wildberries,114258162,26494881,Letto,"Полотенце кухонные махровые в наборе 3шт и для рук, 30х50см",WbXr0zYOx4NiZ1PF2Fgp,5,2026-09-20 01:57:06,"Отличное качество, после стирки цвет не теряют.",,,Фиолетовый · 30х50 см,0,0,,,,2026-09-21T14:15:25+03:00
wildberries,114258162,26494881,Letto,"Полотенце кухонные махровые в наборе 3шт и для рук, 30х50см",CxiVksofaNGhv1ahzbnM,5,2026-09-20 01:42:57,Всё устроило. Спасибо.,,,Серо-синий · 30х50 см,0,0,,,,2026-09-21T14:15:25+03:00
wildberries,114258162,26494881,Letto,"Полотенце кухонные махровые в наборе 3шт и для рук, 30х50см",9WDEuKuHNXyYJjyNW2O5,5,2026-09-19 20:26:42,,,,Ярко-голубой · 30х50 см,0,0,,,,2026-09-21T14:15:25+03:00
wildberries,114258162,26494881,Letto,"Полотенце кухонные махровые в наборе 3шт и для рук, 30х50см",ncgdw9PonekIRcLKZynk,5,2026-09-19 19:19:27,,,,серый,0,0,,,,2026-09-21T14:15:25+03:00
wildberries,114258162,26494881,Letto,"Полотенце кухонные махровые в наборе 3шт и для рук, 30х50см",tYgxUJuy0IjE0w8V2N0R,5,2026-09-19 18:36:38,,,,серый,,0,,,,2026-09-21T14:15:25+03:00
wildberries,114258162,26494881,Letto,"Полотенце кухонные махровые в наборе 3шт и для рук, 30х50см",fuEaSjj21nTRFMOMVdYQ,5,2026-09-19 18:35:00,,,,серый,0,0,,,,2026-09-21T14:15:25+03:00
wildberries,114258162,26494881,Letto,"Полотенце кухонные махровые в наборе 3шт и для рук, 30х50см",ygnk32NkLNerzOgVc4Cq,4,2026-09-19 17:08:48,,,,Лавандово-розовый · 30х50 см,0,0,,,,2026-09-21T14:15:25+03:00
wildberries,114258162,26494881,Letto,"Полотенце кухонные махровые в наборе 3шт и для рук, 30х50см",5z2xliQYAGtgNkuzSfvY,5,2026-09-19 17:01:52,Да я  очень довольна товаром.. Хочу заказать ещё  Спасибо.,,,Горький шоколад · 30х50 см,0,0,,,,2026-09-21T14:15:25+03:00
wildberries,114258162,26494881,Letto,"Полотенце кухонные махровые в наборе 3шт и для рук, 30х50см",fum22ptLhApmrmhmGnpR,5,2026-06-30 07:13:14,,,,Горький шоколад · 30х50 см,0,0,,,,2026-09-21T14:15:25+03:00
wildberries,114258162,26494881,Letto,"Полотенце кухонные махровые в наборе 3шт и для рук, 30х50см",Xb5EGOja5RsnxhG9mxTj,5,2026-09-19 16:57:19,Спасибо за заботу обо мне.,,,Серо-синий · 30х50 см,0,0,,,,2026-09-21T14:15:25+03:00
wildberries,114258162,26494881,Letto,"Полотенце кухонные махровые в наборе 3шт и для рук, 30х50см",lT4ZeIAQydZz9r7UuEtT,5,2026-09-19 16:55:31,"Спасибо за заботу обо мне,отличные полтенца.",,,Серо-синий · 30х50 см,0,0,,,,2026-09-21T14:15:25+03:00
wildberries,114258162,26494881,Letto,"Полотенце кухонные махровые в наборе 3шт и для рук, 30х50см",9PCnA0oe4l6sZWhm9Qij,5,2026-09-19 16:53:37,"Спасибо за заботу обо мне,отличные полотенца.",,,Изумрудный · 30х50 см,0,0,,,,2026-09-21T14:15:25+03:00
wildberries,114258162,26494881,Letto,"Полотенце кухонные махровые в наборе 3шт и для рук, 30х50см",6gx9oqJozPHBRT7eg2ea,3,2026-09-19 16:27:29,"Слишком синтетические , впитывает не очень. Жалею , что взяла , хотя под дизайн идеально подходят. Пришли в отличном состоянии",,,фиолетовый,,0,,,,2026-09-21T14:15:25+03:00
wildberries,114258162,26494881,Letto,"Полотенце кухонные махровые в наборе 3шт и для рук, 30х50см",dJ70HY4k4NGFJC7JEnLN,5,2026-09-19 16:13:19,,,,Графит · 30х50 см,0,0,,,,2026-09-21T14:15:25+03:00
wildberries,114258162,26494881,Letto,"Полотенце кухонные махровые в наборе 3шт и для рук, 30х50см",VPus0S8NfFdqd9JF5Uov,3,2026-09-19 15:58:54,"Не понравились полотенца. Очень рыхлая, хлипкая махрушка. Отказ.",,,синий,0,0,,,,2026-09-21T14:15:25+03:00
wildberries,114258162,26494881,Letto,"Полотенце кухонные махровые в наборе 3шт и для рук, 30х50см",I5dle2T5U7iwa83JFrUL,3,2026-09-19 15:58:34,"Не понравились полотенца. Очень рыхлая, хлипкая махрушка. Отказ.",,,коричневый,0,0,,,,2026-09-21T14:15:25+03:00
wildberries,114258162,26494881,Letto,"Полотенце кухонные махровые в наборе 3шт и для рук, 30х50см",mJtnUN8oyxY6wjAzco23,3,2026-09-19 15:58:09,"Не понравились полотенца. Очень рыхлая, хлипкая махрушка. Отказ.",,,фиолетовый,0,0,,,,2026-09-21T14:15:25+03:00
wildberries,114258162,26494881,Letto,"Полотенце кухонные махровые в наборе 3шт и для рук, 30х50см",wqLEzaPTPLQ6ybJtqi5y,4,2026-09-19 15:56:23,,,,серый,0,0,,,,2026-09-21T14:15:25+03:00
wildberries,114258162,26494881,Letto,"Полотенце кухонные махровые в наборе 3шт и для рук, 30х50см",N8Joxem3Qulhj36puyUI,5,2026-09-19 15:45:40,,,,Какао · 30х50 см,0,0,,,,2026-09-21T14:15:25+03:00
wildberries,114258162,26494881,Letto,"Полотенце кухонные махровые в наборе 3шт и для рук, 30х50см",Xoj9BsscZse6bf9K9V9P,5,2026-09-19 15:39:38,"Купила для кухни. Хорошо берет воду , уже постирала . Не линяет",,,фиолетовый,,0,,,,2026-09-21T14:15:25+03:00
wildberries,114258162,26494881,Letto,"Полотенце кухонные махровые в наборе 3шт и для рук, 30х50см",akTVJEqF5AKImMT0Gfsw,5,2026-09-19 15:36:52,,,,Сиреневый · 30х50 см,0,0,,,,2026-09-21T14:15:25+03:00
wildberries,114258162,26494881,Letto,"Полотенце кухонные махровые в наборе 3шт и для рук, 30х50см",0XpDrQhJbrlxAR8Z9DRT,5,2026-09-19 15:36:28,"Нормальные полотешки на кухню  руки вытирать. Красивый цвет. Цена для такого качества адекватная. Кто там пишет, что тонкие, ну закажите дороже, будут плотнее.","Хорошо впитывают, мягкие, чистый хлопок.",,Лавандово-розовый · 30х50 см,0,0,,,,2026-09-21T14:15:25+03:00
wildberries,114258162,26494881,Letto,"Полотенце кухонные махровые в наборе 3шт и для рук, 30х50см",QRzBkng1xi0ou09UOdDq,5,2026-09-19 15:24:55,"Красивый цвет, мягкие. Недорогие.",,,Серо-голубой · 30х50 см,0,0,,,,2026-09-21T14:15:25+03:00
wildberries,114258162,26494881,Letto,"Полотенце кухонные махровые в наборе 3шт и для рук, 30х50см",nZ4tgTh0krvHHHXvNRP0,5,2026-09-19 15:09:24,,,,"Светло-коричневый, какао · 30х50 см",0,0,,,,2026-09-21T14:15:25+03:00
wildberries,114258162,26494881,Letto,"Полотенце кухонные махровые в наборе 3шт и для рук, 30х50см",pFqEsgGI2rzwnnZkGGxJ,5,2026-09-19 15:07:34,,,,Графит · 30х50 см,0,0,,,,2026-09-21T14:15:25+03:00
wildberries,114258162,26494881,Letto,"Полотенце кухонные махровые в наборе 3шт и для рук, 30х50см",ywYkLWHIiX0OULdjKs5s,5,2026-09-19 15:07:06,,,,Сиреневый · 30х50 см,0,0,,,,2026-09-21T14:15:25+03:00
wildberries,114258162,26494881,Letto,"Полотенце кухонные махровые в наборе 3шт и для рук, 30х50см",EQlr05LggGpsSpzYHw2H,5,2026-09-19 15:02:39,Идеально подошли для кухни,,,Какао · 30х50 см,0,0,,,,2026-09-21T14:15:25+03:00
wildberries,114258162,26494881,Letto,"Полотенце кухонные махровые в наборе 3шт и для рук, 30х50см",9iAiVKxUcijNGcwUuvNY,5,2026-09-19 14:57:33,"Мне полотенчики понравились, раньше брала этой фирмы банные, поэтому взяла для кухни не задумываясь и не жалею, рекомендую и цена хорошая",,,Лавандово-розовый · 30х50 см,0,0,,,,2026-09-21T14:15:25+03:00
wildberries,114258162,26494881,Letto,"Полотенце кухонные махровые в наборе 3шт и для рук, 30х50см",mGYfhaPNeRZ332yfkKNE,5,2026-09-19 14:47:11,Очень хорошие полотенца!  Отличная доставка!,,,Серо-синий · 30х50 см,0,0,,,,2026-09-21T14:15:25+03:00
wildberries,114258162,26494881,Letto,"Полотенце кухонные махровые в наборе 3шт и для рук, 30х50см",k6TzUnfPxribJPLW3ig7,5,2026-09-19 14:21:32,"Полотенца такие, как и хотела. Все устроило, и качество и доставка, особенно цена.",,,Серо-синий · 30х50 см,0,0,,,,2026-09-21T14:15:25+03:00
wildberries,114258162,26494881,Letto,"Полотенце кухонные махровые в наборе 3шт и для рук, 30х50см",dWjPmOSlUUdzWvPSA9kM,5,2026-09-19 14:14:46,,,,белый,,0,,,,2026-09-21T14:15:25+03:00
wildberries,114258162,26494881,Letto,"Полотенце кухонные махровые в наборе 3шт и для рук, 30х50см",ZD1HFyJ07qsVZpWmXItY,5,2026-09-19 13:49:53,,,,серый,,0,,,,2026-09-21T14:15:25+03:00
wildberries,114258162,26494881,Letto,"Полотенце кухонные махровые в наборе 3шт и для рук, 30х50см",Z51iXavojKsABMtKnmaf,1,2026-09-19 13:46:10,Полотенца  для кухни нормальные,,,Лавандово-розовый · 30х50 см,0,0,,,,2026-09-21T14:15:25+03:00
wildberries,114258162,26494881,Letto,"Полотенце кухонные махровые в наборе 3шт и для рук, 30х50см",uMtdwkOm5OAEC0V2P36B,5,2026-09-19 13:23:53,Небольшие симпатичные полотенца. Для кухни самое то. Понравились. Рекомендую. Доставка быстрая.,,,Лавандово-розовый · 30х50 см,0,0,,,,2026-09-21T14:15:25+03:00
wildberries,114258162,26494881,Letto,"Полотенце кухонные махровые в наборе 3шт и для рук, 30х50см",IPDj4GlNNoglE6IYriYi,5,2026-09-19 13:06:31,"Хорошие полотенца, красивые. Пришли быстро. Стоимость порадовала.",,,синий,0,1,,,,2026-09-21T14:15:25+03:00
wildberries,114258162,26494881,Letto,"Полотенце кухонные махровые в наборе 3шт и для рук, 30х50см",68T9U2pef4VU0lOMOxSO,5,2026-09-19 13:06:28,"Хорошие, мягкие полотенца",,,Сиреневый · 30х50 см,0,0,,,,2026-09-21T14:15:25+03:00
wildberries,114258162,26494881,Letto,"Полотенце кухонные махровые в наборе 3шт и для рук, 30х50см",0KNl5yxBtHDXcJNFzAQA,5,2026-09-19 12:09:32,Мягкие классные полотенца 👍,,,Графит · 30х50 см,0,0,,,,2026-09-21T14:15:25+03:00
wildberries,114258162,26494881,Letto,"Полотенце кухонные махровые в наборе 3шт и для рук, 30х50см",JQTS5K3yI0PQ5JtZ70Dc,5,2026-09-19 12:09:01,Классные полотенца для кухни 👍,,,Сиреневый · 30х50 см,0,0,,,,2026-09-21T14:15:25+03:00
wildberries,114258162,26494881,Letto,"Полотенце кухонные махровые в наборе 3шт и для рук, 30х50см",fFNsze1hlNWs39q6G0Fu,5,2026-09-19 11:52:38,"Супер, цвет 🔥",,,Фиолетовый · 30х50 см,0,0,,,,2026-09-21T14:15:25+03:00
wildberries,114258162,26494881,Letto,"Полотенце кухонные махровые в наборе 3шт и для рук, 30х50см",2osjDHJwUPHRDZ4biCQS,2,2026-09-19 10:42:31,Очень плохо впитывают,,,Сиреневый · 30х50 см,0,0,,,,2026-09-21T14:15:25+03:00
wildberries,114258162,26494881,Letto,"Полотенце кухонные махровые в наборе 3шт и для рук, 30х50см",T5TFU0qwQMQewa8zzyAb,4,2026-09-19 10:40:50,Тонкие,,,Фиолетовый · 30х50 см,0,0,,,,2026-09-21T14:15:25+03:00
wildberries,114258162,26494881,Letto,"Полотенце кухонные махровые в наборе 3шт и для рук, 30х50см",MilEwdc6uyU2DoIHFm2m,5,2026-09-19 10:29:38,,,,Фиолетовый · 30х50 см,0,0,,,,2026-09-21T14:15:25+03:00
wildberries,114258162,26494881,Letto,"Полотенце кухонные махровые в наборе 3шт и для рук, 30х50см",8bUdp33zM2JYFvf2gDZo,5,2026-09-19 10:21:48,Отличный 👍👍 набор,,,"Серый, темно-серый · 30х50 см",0,0,,,,2026-09-21T14:15:25+03:00
wildberries,114258162,26494881,Letto,"Полотенце кухонные махровые в наборе 3шт и для рук, 30х50см",lyBBYcNguxPGeWwUGMg2,5,2026-09-19 09:48:50,качественный мягенькие красивые полотенечки,,,Розово-лавандовый · 30х50 см,0,0,,,,2026-09-21T14:15:25+03:00
wildberries,114258162,26494881,Letto,"Полотенце кухонные махровые в наборе 3шт и для рук, 30х50см",luneB9zkcX4bR6BpsZkq,5,2026-09-19 09:33:44,Хорошие полотенешки,,,Бежевый · 30х50 см,0,0,,,,2026-09-21T14:15:25+03:00
wildberries,114258162,26494881,Letto,"Полотенце кухонные махровые в наборе 3шт и для рук, 30х50см",LBARVSH7Zh7yVH09E84n,5,2026-09-19 09:32:14,,,,Серо-синий · 30х50 см,0,0,,,,2026-09-21T14:15:25+03:00
wildberries,114258162,26494881,Letto,"Полотенце кухонные махровые в наборе 3шт и для рук, 30х50см",36fjrySIbLAhNmloWgyZ,5,2026-09-19 09:02:53,,,,Серо-синий · 30х50 см,0,0,,,,2026-09-21T14:15:25+03:00
wildberries,114258162,26494881,Letto,"Полотенце кухонные махровые в наборе 3шт и для рук, 30х50см",okuZy2zPHoYcdnSrCgR6,5,2026-09-19 09:00:35,"Хорошие полотенчики, рекомендую",,,Какао · 30х50 см,0,0,,,,2026-09-21T14:15:25+03:00
wildberries,114258162,26494881,Letto,"Полотенце кухонные махровые в наборе 3шт и для рук, 30х50см",0d4bxJqgTGMHQsc4fuVW,5,2026-09-19 07:55:53,,,,Лавандово-розовый · 30х50 см,0,0,,,,2026-09-21T14:15:25+03:00
wildberries,114258162,26494881,Letto,"Полотенце кухонные махровые в наборе 3шт и для рук, 30х50см",DzcsOsyUhfncExmkC0Uy,5,2026-09-19 07:55:23,,,,Лавандово-розовый · 30х50 см,0,0,,,,2026-09-21T14:15:25+03:00
wildberries,114258162,26494881,Letto,"Полотенце кухонные махровые в наборе 3шт и для рук, 30х50см",5NxMzPmhd5bK1x40bTK1,5,2026-09-19 07:55:17,,,,Серо-синий · 30х50 см,0,0,,,,2026-09-21T14:15:25+03:00
wildberries,114258162,26494881,Letto,"Полотенце кухонные махровые в наборе 3шт и для рук, 30х50см",KIEMGAlDNUBB1kzdpCph,5,2026-09-19 07:40:00,,,,Лавандово-розовый · 30х50 см,0,0,,,,2026-09-21T14:15:25+03:00
wildberries,114258162,26494881,Letto,"Полотенце кухонные махровые в наборе 3шт и для рук, 30х50см",jp9FjKTYpPx4Aszve9OV,5,2026-09-19 07:39:35,"Хорошенькие полотенца, плотные. Спасиюо!!",,,"Светло-коричневый, какао · 30х50 см",0,0,,,,2026-09-21T14:15:25+03:00
wildberries,114258162,26494881,Letto,"Полотенце кухонные махровые в наборе 3шт и для рук, 30х50см",MWTBEzIECl3jvSRY8a8R,5,2026-09-19 07:38:54,,,,Серо-синий · 30х50 см,0,0,,,,2026-09-21T14:15:25+03:00
wildberries,114258162,26494881,Letto,"Полотенце кухонные махровые в наборе 3шт и для рук, 30х50см",UmvBYyQcUBVyn2DrdjV4,5,2026-09-19 07:38:28,,,,Сиреневый · 30х50 см,0,0,,,,2026-09-21T14:15:25+03:00
wildberries,114258162,26494881,Letto,"Полотенце кухонные махровые в наборе 3шт и для рук, 30х50см",pLaxgILs1LJ48iq4ttjs,5,2026-09-19 07:29:49,"Хороший набор полотенец, цвет яркий. размеру соответствуют.",,,розовый,0,0,,,,2026-09-21T14:15:25+03:00
wildberries,114258162,26494881,Letto,"Полотенце кухонные махровые в наборе 3шт и для рук, 30х50см",qliRMj2XL5DdGcWG9rbk,5,2026-09-19 07:14:45,Отличный подарочный набор 👍. Взяла несколько расцветок ( мама подарит подружкам) на день пожилого человека. Спасибо 🌹,,,Сиреневый · 30х50 см,0,0,,,,2026-09-21T14:15:25+03:00
wildberries,114258162,26494881,Letto,"Полотенце кухонные махровые в наборе 3шт и для рук, 30х50см",ZdaavfB96s76eg5Gad1u,3,2026-09-19 07:00:23,"Даже для кухни это как тряпочка, но не полотене",,Очень тонкие и маленькие,"Светло-коричневый, какао · 30х50 см",0,0,,,,2026-09-21T14:15:25+03:00
wildberries,114258162,26494881,Letto,"Полотенце кухонные махровые в наборе 3шт и для рук, 30х50см",fFMdvX8pnI53xTe0ykov,5,2026-09-19 06:37:46,,,,"Серый, темно-серый · 30х50 см",0,0,,,,2026-09-21T14:15:25+03:00
wildberries,114258162,26494881,Letto,"Полотенце кухонные махровые в наборе 3шт и для рук, 30х50см",mT0i3BOMchGO3G9TAK4y,5,2026-09-19 06:04:50,,,,Серо-синий · 30х50 см,0,0,,,,2026-09-21T14:15:25+03:00
wildberries,114258162,26494881,Letto,"Полотенце кухонные махровые в наборе 3шт и для рук, 30х50см",UWURtjDlEvpvYrC92f6v,5,2026-09-19 05:52:48,,,,Черный · 30х50 см,0,0,,,,2026-09-21T14:15:25+03:00
wildberries,114258162,26494881,Letto,"Полотенце кухонные махровые в наборе 3шт и для рук, 30х50см",Bz1YRgnkfCC6EhLNt0nS,5,2026-09-19 05:49:07,Отлично,,,Лавандово-розовый · 30х50 см,0,0,,,,2026-09-21T14:15:25+03:00
wildberries,114258162,26494881,Letto,"Полотенце кухонные махровые в наборе 3шт и для рук, 30х50см",KhPl6llKKX3OQa5MfuBC,5,2026-09-19 05:14:16,,,,Графит · 30х50 см,0,0,,,,2026-09-21T14:15:25+03:00
wildberries,114258162,26494881,Letto,"Полотенце кухонные махровые в наборе 3шт и для рук, 30х50см",6hTFpM5cJT1kc5QAZLvA,5,2026-09-19 05:14:11,,,,Фуксия · 30х50 см,0,0,,,,2026-09-21T14:15:25+03:00
wildberries,114258162,26494881,Letto,"Полотенце кухонные махровые в наборе 3шт и для рук, 30х50см",nSjEDnaYR3F77bA0xc1C,5,2026-09-19 05:13:30,все хорошо,,,фиолетовый,0,0,,,,2026-09-21T14:15:25+03:00
wildberries,114258162,26494881,Letto,"Полотенце кухонные махровые в наборе 3шт и для рук, 30х50см",rwQ5m8IFyPOkudZcmC9C,5,2026-09-19 04:56:32,"Хорошие маленькие полотенца для рук или кухни. Мягкие, не колючие. По ощущениям, как будто синтетика все таки присутствует. Но качество отличное",,,Серо-синий · 30х50 см,0,1,,,,2026-09-21T14:15:25+03:00
wildberries,114258162,26494881,Letto,"Полотенце кухонные махровые в наборе 3шт и для рук, 30х50см",cirvjw4qGoBlYYTTE3lh,5,2026-09-19 04:52:55,"Хорошие, тоненькие полотенчики. Всем спасибо ❤",,,Лавандово-розовый · 30х50 см,0,0,,,,2026-09-21T14:15:25+03:00
wildberries,114258162,26494881,Letto,"Полотенце кухонные махровые в наборе 3шт и для рук, 30х50см",nouWE7TcgbOfj1gMVFXz,5,2026-09-19 04:46:37,"Супер полотенца, рекомендую 👍",,,Какао · 30х50 см,0,0,,,,2026-09-21T14:15:25+03:00
wildberries,114258162,26494881,Letto,"Полотенце кухонные махровые в наборе 3шт и для рук, 30х50см",f9uCb6yrZPnYWY2SxaIv,5,2026-09-19 04:39:51,,,,Темно-серый · 30х50 см,0,0,,,,2026-09-21T14:15:25+03:00
wildberries,114258162,26494881,Letto,"Полотенце кухонные махровые в наборе 3шт и для рук, 30х50см",u6X8LIFTx7m7eLxF1cB5,5,2026-09-19 04:26:23,,,,Лавандово-розовый · 30х50 см,0,0,,,,2026-09-21T14:15:25+03:00
wildberries,114258162,26494881,Letto,"Полотенце кухонные махровые в наборе 3шт и для рук, 30х50см",nwKDr9aOjigPK9eeQoHU,5,2026-09-19 02:36:22,Хорошие полотенца,,,"Зеленый, изумрудный, изумрудно-зеленый · 30х50 см",0,0,,,,2026-09-21T14:15:25+03:00
wildberries,114258162,26494881,Letto,"Полотенце кухонные махровые в наборе 3шт и для рук, 30х50см",VNiZVx5OtjMbsNpqI9TN,5,2026-09-19 02:04:08,Советую на подарок супер,,,Фиолетовый · 30х50 см,0,0,,,,2026-09-21T14:15:25+03:00
wildberries,114258162,26494881,Letto,"Полотенце кухонные махровые в наборе 3шт и для рук, 30х50см",6UF5wRec9VfrlApr7NTU,5,2026-09-19 02:03:45,Советую на подарок супер,,,Лавандово-розовый · 30х50 см,0,0,,,,2026-09-21T14:15:25+03:00
wildberries,114258162,26494881,Letto,"Полотенце кухонные махровые в наборе 3шт и для рук, 30х50см",j9iNMr4YIDnJ3Qo0IqxK,5,2026-09-19 00:49:15,,,,Сиреневый · 30х50 см,0,0,,,,2026-09-21T14:15:25+03:00
wildberries,114258162,26494881,Letto,"Полотенце кухонные махровые в наборе 3шт и для рук, 30х50см",21T8KBBAWCdtYbz0FgeG,5,2026-09-19 00:28:13,,,,Темно-серый · 30х50 см,0,0,,,,2026-09-21T14:15:25+03:00
wildberries,114258162,26494881,Letto,"Полотенце кухонные махровые в наборе 3шт и для рук, 30х50см",KRy4BCheJodirXjqmrCp,5,2026-09-18 23:29:29,,,,Изумрудный · 30х50 см,0,0,,,,2026-09-21T14:15:25+03:00
wildberries,114258162,26494881,Letto,"Полотенце кухонные махровые в наборе 3шт и для рук, 30х50см",YO6t3HnQVXd5bqiX6i11,5,2026-09-18 22:08:21,очень хорошие и качественные полотенца,,,Лавандово-розовый · 30х50 см,0,0,,,,2026-09-21T14:15:25+03:00
wildberries,114258162,26494881,Letto,"Полотенце кухонные махровые в наборе 3шт и для рук, 30х50см",3rPFoyxylxkWYdVArIu6,5,2026-09-18 22:03:42,хорошие достойные полотенца,,,Лавандово-розовый · 30х50 см,0,0,,,,2026-09-21T14:15:25+03:00
wildberries,114258162,26494881,Letto,"Полотенце кухонные махровые в наборе 3шт и для рук, 30х50см",8PFA7YsdSDQbEI67msN1,5,2026-09-18 21:53:26,"полотенца отличные, мягкие, НО из-за полохой упаковки полотенца все мятые...",,,Какао · 30х50 см,0,0,,,,2026-09-21T14:15:25+03:00
wildberries,114258162,26494881,Letto,"Полотенце кухонные махровые в наборе 3шт и для рук, 30х50см",GheChust9ABZ8JxAcWl9,5,2026-09-18 20:40:29,я люблю эти полотенчики) вайб мха,,,green,,0,,,,2026-09-21T14:15:25+03:00
wildberries,114258162,26494881,Letto,"Полотенце кухонные махровые в наборе 3шт и для рук, 30х50см",JhP49hMgt8yfW7pfQwNN,4,2026-09-18 20:11:07,"Тонкие ,но за свой ценник ок!",,,Розово-лавандовый · 30х50 см,0,0,,,,2026-09-21T14:15:25+03:00
wildberries,114258162,26494881,Letto,"Полотенце кухонные махровые в наборе 3шт и для рук, 30х50см",NrCPL1eNuRmp8LUFItli,5,2026-09-18 19:02:13,"Очень удобно  маленькие, хорошо впитывают. Рекомендую.",,,Светло-серый · 30х50 см,0,0,,,,2026-09-21T14:15:25+03:00
wildberries,114258162,26494881,Letto,"Полотенце кухонные махровые в наборе 3шт и для рук, 30х50см",N9hwur82DaIDAFt9a1ot,5,2026-09-18 18:06:25,"Качество для кухни идеальное,красивые,стирать легко,не деформируется, спасибо.",,,Изумрудный · 30х50 см,0,0,,,,2026-09-21T14:15:25+03:00
wildberries,114258162,26494881,Letto,"Полотенце кухонные махровые в наборе 3шт и для рук, 30х50см",XLKadv1VVZYGLJr6321V,5,2026-09-18 16:59:02,"Хорошие полотенца, красивые, хорошо впитывают воду. Рекомендую!",,,фиолетовый,,0,,,,2026-09-21T14:15:25+03:00
wildberries,114258162,26494881,Letto,"Полотенце кухонные махровые в наборе 3шт и для рук, 30х50см",qYmoouXccK6JdPlUwmtH,5,2026-09-18 16:25:12,"Получила полотенца , все 3 штуки , цвет и размер совпадают , мягкие , посмотрим как будет впитываться вода с рук . Пока довольна , рекомендую к покупке",,,Какао · 30х50 см,0,0,,,,2026-09-21T14:15:25+03:00
wildberries,114258162,26494881,Letto,"Полотенце кухонные махровые в наборе 3шт и для рук, 30х50см",qqZqI7RYs0aXH6FzzLG4,5,2026-09-18 16:20:34,,,,Лавандово-розовый · 30х50 см,0,0,,,,2026-09-21T14:15:25+03:00
wildberries,114258162,26494881,Letto,"Полотенце кухонные махровые в наборе 3шт и для рук, 30х50см",vKDZK6vOIoHxfYn3y5Ka,5,2026-09-18 16:04:51,,,,красный,,0,,,,2026-09-21T14:15:25+03:00
wildberries,114258162,26494881,Letto,"Полотенце кухонные махровые в наборе 3шт и для рук, 30х50см",fQnJNqxPVqzINaw3yNbr,5,2026-09-18 15:57:35,"Не плохие, но маленькие",,,"Зеленый, изумрудный, изумрудно-зеленый · 30х50 см",0,0,,,,2026-09-21T14:15:25+03:00
wildberries,114258162,26494881,Letto,"Полотенце кухонные махровые в наборе 3шт и для рук, 30х50см",PO5XUdnbkm30aG0ckots,4,2026-09-18 15:37:40,Полотенца тонкие и цвет не такой яркий как на фото.,,,Лавандово-розовый · 30х50 см,0,0,,,,2026-09-21T14:15:25+03:00
wildberries,114258162,26494881,Letto,"Полотенце кухонные махровые в наборе 3шт и для рук, 30х50см",Ip3ihYY6vbX3wDMxr53E,5,2026-09-18 15:26:42,"Для кухни удобные, вытирают хорошо.",,,Серо-синий · 30х50 см,0,0,,,,2026-09-21T14:15:25+03:00
wildberries,114258162,26494881,Letto,"Полотенце кухонные махровые в наборе 3шт и для рук, 30х50см",HXquIPBDK3LDb3dAravc,5,2026-09-18 15:22:06,,,,фиолетовый,,0,,,,2026-09-21T14:15:25+03:00
wildberries,114258162,26494881,Letto,"Полотенце кухонные махровые в наборе 3шт и для рук, 30х50см",uuTmO6FcAks4Zyocjd2z,5,2026-09-18 14:47:57,,,,коричневый,0,0,,,,2026-09-21T14:15:25+03:00
wildberries,114258162,26494881,Letto,"Полотенце кухонные махровые в наборе 3шт и для рук, 30х50см",VwbpkFGZtL63fpNJsQLb,5,2026-09-18 14:23:19,Отличные полотенца.,,,Оливковый · 30х50 см,0,0,,,,2026-09-21T14:15:25+03:00
wildberries,114258162,26494881,Letto,"Полотенце кухонные махровые в наборе 3шт и для рук, 30х50см",LF5GXFR1UcLJxAaoxQww,5,2026-09-18 14:09:58,,,,Сиреневый · 30х50 см,0,0,,,,2026-09-21T14:15:25+03:00
wildberries,114258162,26494881,Letto,"Полотенце кухонные махровые в наборе 3шт и для рук, 30х50см",2BEQ5mFPUuWlkOxKyUJt,4,2026-09-18 14:01:03,Оочень тонкие,,,Лавандово-розовый · 30х50 см,0,0,,,,2026-09-21T14:15:25+03:00
wildberries,114258162,26494881,Letto,"Полотенце кухонные махровые в наборе 3шт и для рук, 30х50см",2vJVm4pP7XNxIFeNRb3D,5,2026-09-18 13:53:51,,,,Черный · 30х50 см,0,0,,,,2026-09-21T14:15:25+03:00
wildberries,114258162,26494881,Letto,"Полотенце кухонные махровые в наборе 3шт и для рук, 30х50см",4D1AqtcrSJdyOs3g1REI,5,2026-09-18 13:34:39,Немного тонковаты.нл для рук норм,,,Сиреневый · 30х50 см,0,0,,,,2026-09-21T14:15:25+03:00
wildberries,114258162,26494881,Letto,"Полотенце кухонные махровые в наборе 3шт и для рук, 30х50см",MvCWjPX38X75DNMhVLqm,5,2026-09-18 13:24:40,,,,белый,,0,,,,2026-09-21T14:15:25+03:00
wildberries,114258162,26494881,Letto,"Полотенце кухонные махровые в наборе 3шт и для рук, 30х50см",Tde8BkpSqAOVcWxCqmwJ,3,2026-09-18 13:15:42,,,,Лавандово-розовый · 30х50 см,0,0,,,,2026-09-21T14:15:25+03:00
wildberries,114258162,26494881,Letto,"Полотенце кухонные махровые в наборе 3шт и для рук, 30х50см",KJ1Up5dhJvuIsl1qS1Tw,5,2026-09-18 12:37:18,"Хорошие,мягкие,ниток нет,брать можно",,,Фиолетовый · 30х50 см,0,0,,,,2026-09-21T14:15:25+03:00
wildberries,114258162,26494881,Letto,"Полотенце кухонные махровые в наборе 3шт и для рук, 30х50см",1TJQB7LkMNZ2vQZWf7aJ,5,2026-09-18 12:19:34,,,,Графит · 30х50 см,0,0,,,,2026-09-21T14:15:25+03:00
wildberries,114258162,26494881,Letto,"Полотенце кухонные махровые в наборе 3шт и для рук, 30х50см",ye1eahYkZuODFLXRpKTO,5,2026-09-18 12:01:50,,,,Горький шоколад · 30х50 см,0,0,,,,2026-09-21T14:15:25+03:00
wildberries,114258162,26494881,Letto,"Полотенце кухонные махровые в наборе 3шт и для рук, 30х50см",ixLGxb79m9ApC5J75xxY,5,2026-09-18 12:01:35,,,,"Молочный, бежевый, сливочный · 30х50 см",0,0,,,,2026-09-21T14:15:25+03:00
wildberries,114258162,26494881,Letto,"Полотенце кухонные махровые в наборе 3шт и для рук, 30х50см",Zb0uJLbJBLZGJqF3xZae,5,2026-09-18 12:01:26,,,,Графит · 30х50 см,0,0,,,,2026-09-21T14:15:25+03:00
wildberries,114258162,26494881,Letto,"Полотенце кухонные махровые в наборе 3шт и для рук, 30х50см",VGJOdOys3FXNcCpA2cHc,5,2026-09-18 11:45:53,,,,Лавандово-розовый · 30х50 см,0,0,,,,2026-09-21T14:15:25+03:00
wildberries,114258162,26494881,Letto,"Полотенце кухонные махровые в наборе 3шт и для рук, 30х50см",EtapoLtclgLPtPHNnqxH,5,2026-09-18 11:44:46,,,,Лавандово-розовый · 30х50 см,0,0,,,,2026-09-21T14:15:25+03:00
wildberries,114258162,26494881,Letto,"Полотенце кухонные махровые в наборе 3шт и для рук, 30х50см",1EoHRPptJqKtHjUuT32e,5,2026-09-18 11:43:26,"Очень хорошие, махровые, не линяют, плотные",,,Серо-синий · 30х50 см,0,0,,,,2026-09-21T14:15:25+03:00
wildberries,114258162,26494881,Letto,"Полотенце кухонные махровые в наборе 3шт и для рук, 30х50см",mXhP9zm5J3H3wlY50mkv,5,2026-09-18 11:37:46,Красивые! Впитывают воду хорошо. Удобный размер. Заказала еще в другом цвете,,,Сиреневый · 30х50 см,0,0,,,,2026-09-21T14:15:25+03:00
wildberries,114258162,26494881,Letto,"Полотенце кухонные махровые в наборе 3шт и для рук, 30х50см",HREuwJbS7porcP6cHsEN,5,2026-09-18 11:35:46,Хорошее качество,,,Серо-синий · 30х50 см,0,0,,,,2026-09-21T14:15:25+03:00
wildberries,114258162,26494881,Letto,"Полотенце кухонные махровые в наборе 3шт и для рук, 30х50см",9l7VUgjnZVvIaUbWvWXl,1,2026-09-18 11:34:28,Napisonno 3 shtuk a prishla 2,,,Фиолетовый · 30х50 см,0,0,,,,2026-09-21T14:15:25+03:00
wildberries,114258162,26494881,Letto,"Полотенце кухонные махровые в наборе 3шт и для рук, 30х50см",wjLoEpf6g6ImKYQVB2Ps,4,2026-09-18 11:30:36,"Качество среднее, цвет тоже мрачный, но по такой цене нормально",,,Розово-лавандовый · 30х50 см,0,0,,,,2026-09-21T14:15:25+03:00
wildberries,114258162,26494881,Letto,"Полотенце кухонные махровые в наборе 3шт и для рук, 30х50см",aZLUN0FAwcXBiHBtVSSt,5,2026-09-18 10:53:13,"Долгая доставка. С виду нормальные, на кухню руки вытирать пойдут.",,,Светло-серый · 30х50 см,0,0,,,,2026-09-21T14:15:25+03:00
wildberries,114258162,26494881,Letto,"Полотенце кухонные махровые в наборе 3шт и для рук, 30х50см",M9dAJTfA1CyGgnjXFeOY,5,2026-09-18 10:52:35,,,,Фиолетовый · 30х50 см,0,0,,,,2026-09-21T14:15:25+03:00
wildberries,114258162,26494881,Letto,"Полотенце кухонные махровые в наборе 3шт и для рук, 30х50см",unH1dyLTTzS68IdysQu0,5,2026-09-18 10:42:02,"Очень понравились полотенца, хлопок,не синтетика ,и цена сказка . спасибо.",,,Лавандово-розовый · 30х50 см,0,0,,,,2026-09-21T14:15:25+03:00
wildberries,114258162,26494881,Letto,"Полотенце кухонные махровые в наборе 3шт и для рук, 30х50см",aZmzGFy20ynH9ku77i2C,5,2026-09-18 10:35:21,,,,фиолетовый,0,0,,,,2026-09-21T14:15:25+03:00
wildberries,114258162,26494881,Letto,"Полотенце кухонные махровые в наборе 3шт и для рук, 30х50см",QHIdwgLXxaxMgSK2mReH,5,2026-09-18 10:11:25,"Все супер. Очень хорошие полотенца, рекомендую.",,,Оливковый · 30х50 см,0,0,,,,2026-09-21T14:15:25+03:00
wildberries,114258162,26494881,Letto,"Полотенце кухонные махровые в наборе 3шт и для рук, 30х50см",qKx4o2sEUOvUoAqFVAdV,4,2026-09-18 10:06:46,,,,синий,0,0,,,,2026-09-21T14:15:25+03:00
wildberries,114258162,26494881,Letto,"Полотенце кухонные махровые в наборе 3шт и для рук, 30х50см",iS330obtiXljC29LvUYT,4,2026-09-18 10:06:28,,,,фиолетовый,0,0,,,,2026-09-21T14:15:25+03:00
wildberries,114258162,26494881,Letto,"Полотенце кухонные махровые в наборе 3шт и для рук, 30х50см",z6w3lysa2FZGj9Xo8BPA,5,2026-09-18 09:05:31,"Понравились яркие,мягкие, размер подходящий, хорошо упакованы , пришли в срок",,,Изумрудный · 30х50 см,0,0,,,,2026-09-21T14:15:25+03:00
wildberries,114258162,26494881,Letto,"Полотенце кухонные махровые в наборе 3шт и для рук, 30х50см",26uRR6sCnB9pWSx4t035,5,2026-09-18 08:42:10,Классные всё устраивает,,,"Зеленый, изумрудный, изумрудно-зеленый · 30х50 см",0,0,,,,2026-09-21T14:15:25+03:00
wildberries,114258162,26494881,Letto,"Полотенце кухонные махровые в наборе 3шт и для рук, 30х50см",NjHZMb8gQnHcPmnd4ri3,5,2026-09-18 08:41:41,,,,Фиолетовый · 30х50 см,0,0,,,,2026-09-21T14:15:25+03:00
wildberries,114258162,26494881,Letto,"Полотенце кухонные махровые в наборе 3шт и для рук, 30х50см",i31EdzX2xwKjkymJCEWG,5,2026-09-18 08:41:12,,,,Изумрудный · 30х50 см,0,0,,,,2026-09-21T14:15:25+03:00
wildberries,114258162,26494881,Letto,"Полотенце кухонные махровые в наборе 3шт и для рук, 30х50см",cLO8rKEjZZ7wl7jtZxoR,4,2026-09-18 08:21:42,Очень тонкие.,,,Сиреневый · 30х50 см,0,0,,,,2026-09-21T14:15:25+03:00
wildberries,114258162,26494881,Letto,"Полотенце кухонные махровые в наборе 3шт и для рук, 30х50см",3eaYudlneYLcfWBVCkb9,1,2026-09-18 08:15:14,"Очень разочаровали эти полотенца, совершенно не соответствуют фото, тонкие, воду не впитывают, одноразовые",,,"Молочный, бежевый, сливочный · 30х50 см",0,0,,,,2026-09-21T14:15:25+03:00
wildberries,114258162,26494881,Letto,"Полотенце кухонные махровые в наборе 3шт и для рук, 30х50см",Yz4y3TOnko02micN6ME9,5,2026-09-18 08:02:31,,"Хорошие маленькие кухонные полотенца. Не линяют при стирке, тонкие, рекомендую к покупке",,фиолетовый,0,0,,,,2026-09-21T14:15:25+03:00
wildberries,114258162,26494881,Letto,"Полотенце кухонные махровые в наборе 3шт и для рук, 30х50см",AJA7yKGCCA2uZ99sjIqt,5,2026-09-18 07:52:43,,,,Фиолетовый · 30х50 см,0,0,,,,2026-09-21T14:15:25+03:00
wildberries,114258162,26494881,Letto,"Полотенце кухонные махровые в наборе 3шт и для рук, 30х50см",YCNQNTmUNzXNbaNkJEEi,5,2026-09-18 07:26:54,Милые полотенца для кухни,,,Лавандово-розовый · 30х50 см,0,0,,,,2026-09-21T14:15:25+03:00
wildberries,114258162,26494881,Letto,"Полотенце кухонные махровые в наборе 3шт и для рук, 30х50см",mzbQVmt8EYNwACOUs2gp,5,2026-09-18 07:26:21,Хорошие полотенца для кухни,,,Сиреневый · 30х50 см,0,0,,,,2026-09-21T14:15:25+03:00
wildberries,114258162,26494881,Letto,"Полотенце кухонные махровые в наборе 3шт и для рук, 30х50см",7uC8tdOJgqPrBkCkOzMt,5,2026-09-18 06:43:38,,,,Фуксия · 30х50 см,0,0,,,,2026-09-21T14:15:25+03:00
wildberries,114258162,26494881,Letto,"Полотенце кухонные махровые в наборе 3шт и для рук, 30х50см",IcUSvuOZEigKLgVu8Qgi,5,2026-09-18 06:40:23,Отлично 👍,,,Сиреневый · 30х50 см,0,0,,,,2026-09-21T14:15:25+03:00
wildberries,114258162,26494881,Letto,"Полотенце кухонные махровые в наборе 3шт и для рук, 30х50см",GvO9eTfwd4g64Cs1IHYg,5,2026-09-18 06:36:57,,,,Темно-бежевый · 30х50 см,0,0,,,,2026-09-21T14:15:25+03:00
wildberries,114258162,26494881,Letto,"Полотенце кухонные махровые в наборе 3шт и для рук, 30х50см",l584whH85HbIGkBD37jO,5,2026-09-18 06:13:28,"Понралились очень,мягкие, хорошо впитывают влагу, спасибо!",,,Лавандово-розовый · 30х50 см,0,0,,,,2026-09-21T14:15:25+03:00
wildberries,114258162,26494881,Letto,"Полотенце кухонные махровые в наборе 3шт и для рук, 30х50см",7b5H04zToEpG5rPuxjXI,5,2026-09-18 05:46:18,Я уже писала полотенце норм взяла четыре упаковки разного цвета,,,Бежевый · 30х50 см,0,0,,,,2026-09-21T14:15:25+03:00
wildberries,114258162,26494881,Letto,"Полотенце кухонные махровые в наборе 3шт и для рук, 30х50см",8v74CeR61eR64WnyK97R,5,2026-09-18 05:44:22,👌,,,Лавандово-розовый · 30х50 см,0,0,,,,2026-09-21T14:15:25+03:00
wildberries,114258162,26494881,Letto,"Полотенце кухонные махровые в наборе 3шт и для рук, 30х50см",k6UpHWYbhsutxXUxJdjo,5,2026-09-18 05:44:03,👍,,,Фуксия · 30х50 см,0,0,,,,2026-09-21T14:15:25+03:00
wildberries,114258162,26494881,Letto,"Полотенце кухонные махровые в наборе 3шт и для рук, 30х50см",uF6qkxHztk2A8SLfxLEO,5,2026-09-18 05:43:52,Полотенце хорошее правда тонковато но для кухни самато,,,Какао · 30х50 см,0,0,,,,2026-09-21T14:15:25+03:00
wildberries,114258162,26494881,Letto,"Полотенце кухонные махровые в наборе 3шт и для рук, 30х50см",7gITmQ6zjo7yYErTeBf8,5,2026-09-18 05:11:22,Покупаю не первый раз очень нравится.,,,Лавандово-розовый · 30х50 см,0,0,,,,2026-09-21T14:15:25+03:00
wildberries,114258162,26494881,Letto,"Полотенце кухонные махровые в наборе 3шт и для рук, 30х50см",AbxosyVUbMGrRpqKkGwo,5,2026-09-18 05:10:37,Покупаю не в первый раз очень нравится.,,,Серо-синий · 30х50 см,0,0,,,,2026-09-21T14:15:25+03:00
wildberries,114258162,26494881,Letto,"Полотенце кухонные махровые в наборе 3шт и для рук, 30х50см",IDarT1CZp4MIQQeV5l2c,5,2026-09-18 03:56:44,,,,Серо-синий · 30х50 см,0,0,,,,2026-09-21T14:15:25+03:00
wildberries,114258162,26494881,Letto,"Полотенце кухонные махровые в наборе 3шт и для рук, 30х50см",oTiLZ46jDBK3r7Z54Ti6,5,2026-09-18 03:27:33,Замечательные. Мне такие и нужны были.,,,фиолетовый,,0,,,,2026-09-21T14:15:25+03:00
wildberries,114258162,26494881,Letto,"Полотенце кухонные махровые в наборе 3шт и для рук, 30х50см",uiuaxw8APAdg81SzoJG8,5,2026-09-18 03:11:58,Рекомендую,,,Сиреневый · 30х50 см,0,0,,,,2026-09-21T14:15:25+03:00
wildberries,114258162,26494881,Letto,"Полотенце кухонные махровые в наборе 3шт и для рук, 30х50см",i1TdNs2tsgEi3Oc8Mk2q,5,2026-09-18 02:47:17,,,,Сиреневый · 30х50 см,0,0,,,,2026-09-21T14:15:25+03:00
wildberries,114258162,26494881,Letto,"Полотенце кухонные махровые в наборе 3шт и для рук, 30х50см",rPgDoyHQOCFDFmcdXrfc,5,2026-09-18 02:16:19,"Мягкие, влагу впитывают хорошо. Заказала ещё в другом цвете",,,"Светло-коричневый, какао · 30х50 см",0,0,,,,2026-09-21T14:15:25+03:00
wildberries,114258162,26494881,Letto,"Полотенце кухонные махровые в наборе 3шт и для рук, 30х50см",I9G3kBqGGlP1yUsNa79Y,5,2026-09-18 01:42:51,,,,Серо-синий · 30х50 см,0,0,,,,2026-09-21T14:15:25+03:00
wildberries,114258162,26494881,Letto,"Полотенце кухонные махровые в наборе 3шт и для рук, 30х50см",rYB5gnKLPIWdjNL1WVnP,5,2026-09-18 01:19:31,,,,Лавандово-розовый · 30х50 см,0,0,,,,2026-09-21T14:15:25+03:00
wildberries,114258162,26494881,Letto,"Полотенце кухонные махровые в наборе 3шт и для рук, 30х50см",5bQt70CfKY1nEp4kQiLm,5,2026-09-18 01:05:17,,,,Какао · 30х50 см,0,0,,,,2026-09-21T14:15:25+03:00
wildberries,114258162,26494881,Letto,"Полотенце кухонные махровые в наборе 3шт и для рук, 30х50см",q8JVb5fCzjmAWWzOowWb,5,2026-09-18 01:04:44,,,,Лавандово-розовый · 30х50 см,0,0,,,,2026-09-21T14:15:25+03:00
wildberries,114258162,26494881,Letto,"Полотенце кухонные махровые в наборе 3шт и для рук, 30х50см",cmQXOZY5siAIIyWjReH3,3,2026-09-17 20:10:44,"Здравствуйте. Пришлось отказаться от товара. Полотенца внутри пакета с одной стороны оказались в коричневых пятнах. Практически весь пакет был испачкан. Я не знаю, кто и что вылил на товар, и чья это вина, но может стоит придумать более качественную упаковку товара, а не один простенький пакетик? Неприятненько.",,,Фиолетовый · 30х50 см,0,1,,,,2026-09-21T14:15:25+03:00
wildberries,114258162,26494881,Letto,"Полотенце кухонные махровые в наборе 3шт и для рук, 30х50см",LL005ZmW0XOLfQucIQtE,5,2026-09-17 19:02:08,"Тонкие, маленькие, хорошие полотенца",,,Лавандово-розовый · 30х50 см,0,0,,,,2026-09-21T14:15:25+03:00
wildberries,114258162,26494881,Letto,"Полотенце кухонные махровые в наборе 3шт и для рук, 30х50см",ccjxNqfrdR0rGhjQGFe9,5,2026-09-17 16:45:56,"Очень мягкие, удобные, рекомендую",,,Лавандово-розовый · 30х50 см,0,0,,,,2026-09-21T14:15:25+03:00
wildberries,114258162,26494881,Letto,"Полотенце кухонные махровые в наборе 3шт и для рук, 30х50см",lqAfvqUegOCqKE8HtTKq,5,2026-09-17 16:42:52,🩷 супер,,,фиолетовый,,0,,,,2026-09-21T14:15:25+03:00
wildberries,114258162,26494881,Letto,"Полотенце кухонные махровые в наборе 3шт и для рук, 30х50см",I22m8S5ZKZwbOmCYOTiz,5,2026-09-17 16:42:34,Соответствует описанию,,,Фиолетовый · 30х50 см,0,0,,,,2026-09-21T14:15:25+03:00
wildberries,114258162,26494881,Letto,"Полотенце кухонные махровые в наборе 3шт и для рук, 30х50см",a79QziWxakZKeKZJyAAu,5,2026-09-17 16:07:09,,,,Изумрудный · 30х50 см,0,0,,,,2026-09-21T14:15:25+03:00
wildberries,114258162,26494881,Letto,"Полотенце кухонные махровые в наборе 3шт и для рук, 30х50см",ZYFM9QeV6gC1b6cbrGzJ,5,2026-09-17 16:06:56,,,,Изумрудный · 30х50 см,0,0,,,,2026-09-21T14:15:25+03:00
wildberries,114258162,26494881,Letto,"Полотенце кухонные махровые в наборе 3шт и для рук, 30х50см",qWqPT4IbaipA04JdaseT,5,2026-09-17 16:06:12,,,,фиолетовый,0,0,,,,2026-09-21T14:15:25+03:00
wildberries,114258162,26494881,Letto,"Полотенце кухонные махровые в наборе 3шт и для рук, 30х50см",GNleVcJS7hPjPUBtLVmU,5,2026-09-17 15:58:13,"Пришли быстро, упаковано хорошо. Такую расцветку беру второй раз. Цвет соответствует описанию. Рекомендую продавца. Спасибо.",,,Серо-синий · 30х50 см,0,0,,,,2026-09-21T14:15:25+03:00
wildberries,114258162,26494881,Letto,"Полотенце кухонные махровые в наборе 3шт и для рук, 30х50см",bxZY55qpsnnp7rzfrJN2,5,2026-09-17 15:55:10,"Мне нравится. Цвет и размер соответствует описанию. После стирки не полиняли, стали мягче. Рекомендую продавца. 👍",,,Изумрудный · 30х50 см,0,2,,,,2026-09-21T14:15:25+03:00
wildberries,114258162,26494881,Letto,"Полотенце кухонные махровые в наборе 3шт и для рук, 30х50см",9szkIwrQzxvG4EDARzbr,5,2026-09-17 15:42:11,"Яркие, удобные. Спасибо",,,Фиолетовый · 30х50 см,0,0,,,,2026-09-21T14:15:25+03:00
wildberries,114258162,26494881,Letto,"Полотенце кухонные махровые в наборе 3шт и для рук, 30х50см",KW3vmS9oJFZn02D2l3B4,5,2026-09-17 15:39:30,"Очень даже хорошие полотенца, мягкие.",,,Сиреневый · 30х50 см,0,0,,,,2026-09-21T14:15:25+03:00
wildberries,114258162,26494881,Letto,"Полотенце кухонные махровые в наборе 3шт и для рук, 30х50см",kpMzV44KxjtkFVPil1Q8,5,2026-09-17 15:36:52,"Супер полотенца,спасибо продавцу!",,,Сиреневый · 30х50 см,0,0,,,,2026-09-21T14:15:25+03:00
wildberries,114258162,26494881,Letto,"Полотенце кухонные махровые в наборе 3шт и для рук, 30х50см",BFUTZrNSCPsxqNHUeWPS,5,2026-09-17 15:19:35,,,,Фуксия · 30х50 см,0,0,,,,2026-09-21T14:15:25+03:00
wildberries,114258162,26494881,Letto,"Полотенце кухонные махровые в наборе 3шт и для рук, 30х50см",RjtCN6BZlFs9t4uX1iT7,5,2026-09-17 15:19:18,,,,Светло-серый · 30х50 см,0,0,,,,2026-09-21T14:15:25+03:00
wildberries,114258162,26494881,Letto,"Полотенце кухонные махровые в наборе 3шт и для рук, 30х50см",N1qwEOYJ3U4BGzRBHbTJ,5,2026-09-17 15:02:56,Супер спасибо большое,,,Фиолетовый · 30х50 см,0,0,,,,2026-09-21T14:15:25+03:00
wildberries,114258162,26494881,Letto,"Полотенце кухонные махровые в наборе 3шт и для рук, 30х50см",CMtZc9JKWkDJTdjmWoJQ,5,2026-09-17 14:49:20,,,,Сиреневый · 30х50 см,0,0,,,,2026-09-21T14:15:25+03:00
wildberries,114258162,26494881,Letto,"Полотенце кухонные махровые в наборе 3шт и для рук, 30х50см",Mk3hpzB4ZKE0YNBEqT8k,5,2026-09-17 14:47:51,,,,Серо-синий · 30х50 см,0,0,,,,2026-09-21T14:15:25+03:00
wildberries,114258162,26494881,Letto,"Полотенце кухонные махровые в наборе 3шт и для рук, 30х50см",jTCNJO0KAieZ2NkX7xET,5,2026-09-17 14:33:31,"Отличное качество, красивый цвет, спасибо большое!",,,Сиреневый · 30х50 см,0,0,,,,2026-09-21T14:15:25+03:00
wildberries,114258162,26494881,Letto,"Полотенце кухонные махровые в наборе 3шт и для рук, 30х50см",Vt9sSbz6CB8lCyjXe3P6,5,2026-09-17 14:29:23,,,,Лавандово-розовый · 30х50 см,0,0,,,,2026-09-21T14:15:25+03:00
wildberries,114258162,26494881,Letto,"Полотенце кухонные махровые в наборе 3шт и для рук, 30х50см",3fn7DFwWrh0V5ySmScic,5,2026-09-17 14:20:08,,Все пришло вовремя качество на ощупь хорошее будем пользоваться оценим,,Какао · 30х50 см,0,0,,,,2026-09-21T14:15:25+03:00
wildberries,114258162,26494881,Letto,"Полотенце кухонные махровые в наборе 3шт и для рук, 30х50см",fzrdzJV5dh6QDFQTdCIw,5,2026-09-17 13:58:41,"Хорошие полотенца, хорошо впитывают. За эту цену отличные",,,Графит · 30х50 см,0,0,,,,2026-09-21T14:15:25+03:00
wildberries,114258162,26494881,Letto,"Полотенце кухонные махровые в наборе 3шт и для рук, 30х50см",cQr9xLx9FT6HgIy0C7p4,5,2026-09-17 13:58:15,"Спасибо за заботу обо мне,отличный товар.",,,Фиолетовый · 30х50 см,0,0,,,,2026-09-21T14:15:25+03:00
wildberries,114258162,26494881,Letto,"Полотенце кухонные махровые в наборе 3шт и для рук, 30х50см",V8PNgyuwvTe1MnA5TbKz,5,2026-09-17 13:57:45,"Хороший набор, уже много купила, спасибо.",,,Какао · 30х50 см,0,0,,,,2026-09-21T14:15:25+03:00
wildberries,114258162,26494881,Letto,"Полотенце кухонные махровые в наборе 3шт и для рук, 30х50см",7yqo2ZXhp0CPCCSRWVbA,5,2026-09-17 13:35:05,,,,"Светло-коричневый, какао · 30х50 см",0,0,,,,2026-09-21T14:15:25+03:00
wildberries,114258162,26494881,Letto,"Полотенце кухонные махровые в наборе 3шт и для рук, 30х50см",Rm233oVmkID1TuvxgYPN,5,2026-09-17 13:34:47,,,,Серо-голубой · 30х50 см,0,0,,,,2026-09-21T14:15:25+03:00
wildberries,114258162,26494881,Letto,"Полотенце кухонные махровые в наборе 3шт и для рук, 30х50см",097Awm4jYvqdivwA7gvV,5,2026-09-17 13:21:42,Хорошие,,,Какао · 30х50 см,0,0,,,,2026-09-21T14:15:25+03:00
wildberries,114258162,26494881,Letto,"Полотенце кухонные махровые в наборе 3шт и для рук, 30х50см",KrkPLuC58dgGKhgZk4Xr,5,2026-09-17 12:47:44,"Понравился размер,цвет и качество для полотенца кухонного",,,синий,,0,,,,2026-09-21T14:15:25+03:00
wildberries,114258162,26494881,Letto,"Полотенце кухонные махровые в наборе 3шт и для рук, 30х50см",oxnjETVHpP3lUSzgJQRr,5,2026-09-17 12:37:29,"Хорошенькие, мягенькие, а цена -пестня",,,Лавандово-розовый · 30х50 см,0,0,,,,2026-09-21T14:15:25+03:00
wildberries,114258162,26494881,Letto,"Полотенце кухонные махровые в наборе 3шт и для рук, 30х50см",ZNw5HsVspqVWQtzvMh9W,5,2026-09-17 12:27:52,"Очень мягкое полотенце. Делаю из него бонбоньерки - и красиво, и полезный подарок",,,Розово-лавандовый · 30х50 см,0,2,,,,2026-09-21T14:15:25+03:00
wildberries,114258162,26494881,Letto,"Полотенце кухонные махровые в наборе 3шт и для рук, 30х50см",iL2RINZNRYI7cZLtreeQ,5,2026-09-17 12:08:14,"хорошие полотенца, мягкие и не лезут",,,Лавандово-розовый · 30х50 см,0,0,,,,2026-09-21T14:15:25+03:00
wildberries,114258162,26494881,Letto,"Полотенце кухонные махровые в наборе 3шт и для рук, 30х50см",A5aJbLaLScSLufH8tYqH,5,2026-09-17 12:08:10,"хорошие полотенца, мягкие и не лезут",,,Бежевый · 30х50 см,0,0,,,,2026-09-21T14:15:25+03:00
wildberries,678519502,470619230,Guten Morgen,Полотенце кухонное махровое набор 10 шт 30х30,h6tOh0BijXhhFdiCZOqu,5,2026-09-21 10:07:37,,,,Белый · 30х30 см,0,0,,,,2026-09-21T14:15:25+03:00
wildberries,678519502,470619230,Guten Morgen,Полотенце кухонное махровое набор 10 шт 30х30,iHa7cf9TDN0aQnbu6r6R,5,2026-09-21 03:50:48,"Приятные, хорошие полотенца, плотные, мягкие, натуральные. Заказала еще набор, чтобы цвета на кухне получились в паре.",,,бежевый,,0,,,,2026-09-21T14:15:25+03:00
wildberries,678519502,470619230,Guten Morgen,Полотенце кухонное махровое набор 10 шт 30х30,slM4fAvGSIoXLRbGN7Ml,5,2026-09-20 11:58:23,Очень хорошие,,,серый,,0,,,,2026-09-21T14:15:25+03:00
wildberries,678519502,470619230,Guten Morgen,Полотенце кухонное махровое набор 10 шт 30х30,KobL9dZCZMAXlOOS0oMU,5,2026-09-19 17:18:09,"Очень крутые, 100% хлопок",,,Белый · 30х30 см,0,0,,,,2026-09-21T14:15:25+03:00
wildberries,678519502,470619230,Guten Morgen,Полотенце кухонное махровое набор 10 шт 30х30,000uxsuXRED0R70vx3Ov,5,2026-09-19 09:15:48,,,,Черный · 48х70 см,0,0,,,,2026-09-21T14:15:25+03:00
wildberries,678519502,470619230,Guten Morgen,Полотенце кухонное махровое набор 10 шт 30х30,PcAVjnIiryW0jvb8Jj6C,5,2026-09-19 07:24:20,,,,Черный · 48х70 см,0,0,,,,2026-09-21T14:15:25+03:00
wildberries,678519502,470619230,Guten Morgen,Полотенце кухонное махровое набор 10 шт 30х30,suiyY5yznIis9vAZP46c,5,2026-09-19 07:01:31,"Мягкие, приятные по текстуре, размер хороший",,,черный,,0,,,,2026-09-21T14:15:25+03:00
wildberries,678519502,470619230,Guten Morgen,Полотенце кухонное махровое набор 10 шт 30х30,96j3BM86MTeBQtxije6C,5,2026-09-19 03:55:07,"Полотенца мягкие, хорошо впитывают",,,Бежевый · 48х70 см,0,0,,,,2026-09-21T14:15:25+03:00
wildberries,678519502,470619230,Guten Morgen,Полотенце кухонное махровое набор 10 шт 30х30,TZAVd9fh8SxCU8yPbmp1,5,2026-09-18 22:55:34,,,,Бежевый · 48х70 см,0,0,,,,2026-09-21T14:15:25+03:00
wildberries,678519502,470619230,Guten Morgen,Полотенце кухонное махровое набор 10 шт 30х30,PpvPWYwCb9fdYAnjOcGR,5,2026-09-18 19:32:38,Советую !🥺😍😍😍😍😍,,,бежевый,,0,,,,2026-09-21T14:15:25+03:00
wildberries,678519502,470619230,Guten Morgen,Полотенце кухонное махровое набор 10 шт 30х30,kXvK2sU41oD7tGhoVMfy,5,2026-09-18 19:28:26,Очень дешево 😍😍😍,,,бежевый,,0,,,,2026-09-21T14:15:25+03:00
wildberries,678519502,470619230,Guten Morgen,Полотенце кухонное махровое набор 10 шт 30х30,CcXS1K96ylEScexMhfKI,1,2026-09-18 16:25:10,Отказ. Пришли полотенца  Diana,,,Бежевый · 48х70 см,0,0,,,,2026-09-21T14:15:25+03:00
wildberries,678519502,470619230,Guten Morgen,Полотенце кухонное махровое набор 10 шт 30х30,B5eJ5hxkLizb1UF9CySk,5,2026-09-18 11:21:06,,,,бежевый,0,0,,,,2026-09-21T14:15:25+03:00
wildberries,678519502,470619230,Guten Morgen,Полотенце кухонное махровое набор 10 шт 30х30,UTJJbOI14DG3dgChnRJI,5,2026-09-18 09:17:37,"Покупали в подарок, думаю, понравились.",,,серый,,0,,,,2026-09-21T14:15:25+03:00
wildberries,678519502,470619230,Guten Morgen,Полотенце кухонное махровое набор 10 шт 30х30,3Zmtv6bqtDNvKUAfwCFo,5,2026-09-18 08:33:24,"Полотенчики понравились, вообще люблю вафельные полотенца, всё подошло, до этого брала постельное бельё этой фирмы, так что не сомневалась, что получу то, что ожидала. Спасибо.",,,"Бежевый, серый · 48х70 см",0,0,,,,2026-09-21T14:15:25+03:00
wildberries,678519502,470619230,Guten Morgen,Полотенце кухонное махровое набор 10 шт 30х30,ocSuovBY22EYpUAveZ4W,5,2026-09-18 07:21:58,"Хлопок, хорошо впитывают. Удобный размер.",,,Серый · 48х70 см,0,0,,,,2026-09-21T14:15:25+03:00
wildberries,678519502,470619230,Guten Morgen,Полотенце кухонное махровое набор 10 шт 30х30,PdHlapIqyUHWdkb3mFRL,5,2026-09-18 06:51:03,,,,Черный · 48х70 см,0,0,,,,2026-09-21T14:15:25+03:00
wildberries,678519502,470619230,Guten Morgen,Полотенце кухонное махровое набор 10 шт 30х30,hhR7arat8WNyZKTrlDPp,5,2026-09-17 18:26:03,Полотенца супер. Спасибо.,,,"Бежевый, коричневый · 48х70 см",0,0,,,,2026-09-21T14:15:25+03:00
wildberries,678519502,470619230,Guten Morgen,Полотенце кухонное махровое набор 10 шт 30х30,BzfVjvGSw8UylsV3zm2c,4,2026-09-17 16:26:00,Фото после 2 стирки. Качество не очень,,,черный,,0,,,,2026-09-21T14:15:25+03:00
wildberries,678519502,470619230,Guten Morgen,Полотенце кухонное махровое набор 10 шт 30х30,EJP9yhtLwbB4ohV7b10T,5,2026-09-17 13:26:29,"Качество очень хорошее, большие, мягкие",,,"Бежевый, серый · 48х70 см",0,0,,,,2026-09-21T14:15:25+03:00
wildberries,678519502,470619230,Guten Morgen,Полотенце кухонное махровое набор 10 шт 30х30,FbFZVxy2lnzkfJzlG8wK,5,2026-09-17 12:17:26,"Хорошее качество, после стирки не сели",,,Серый · 48х70 см,0,0,,,,2026-09-21T14:15:25+03:00
wildberries,678519502,470619230,Guten Morgen,Полотенце кухонное махровое набор 10 шт 30х30,ozYYiJVpLqImnGX4FDAj,5,2026-09-17 10:19:56,Замечательные малышки!,,,коричневый,,0,,,,2026-09-21T14:15:25+03:00
wildberries,678519502,470619230,Guten Morgen,Полотенце кухонное махровое набор 10 шт 30х30,nEHs6mqWgE3cnCbYkTKa,5,2026-09-17 07:55:34,,,,белый,0,0,,,,2026-09-21T14:15:25+03:00
wildberries,678519502,470619230,Guten Morgen,Полотенце кухонное махровое набор 10 шт 30х30,aD0UfSvvDxZRNp0eYnsn,5,2026-09-17 04:50:33,,,,черный,,0,,,,2026-09-21T14:15:25+03:00
wildberries,678519502,470619230,Guten Morgen,Полотенце кухонное махровое набор 10 шт 30х30,L4jFwqjpbl9dczHBMqHi,5,2026-09-16 20:17:54,"Отличные полотешки. Покупали у разных продавцов, но всё было не то. То цвет не тот, то качество плохое и тд. Взяла эти уже без надежды, но оказались просо супер. То что искала, впитывают влагу отлично, после стирки не линяют, после Сушки в сушилке не скукоживаются, по всем параметрам 👍 фото после стирки и сушки",,,"Бежевый, серый · 48х70 см",0,0,,,,2026-09-21T14:15:25+03:00
wildberries,678519502,470619230,Guten Morgen,Полотенце кухонное махровое набор 10 шт 30х30,krpLqqGENsuTXK78N5Uc,4,2026-09-16 16:43:41,"Хорошо впитывают, но оставляют ворсинки на посуде",,,черный,,0,,,,2026-09-21T14:15:25+03:00
wildberries,678519502,470619230,Guten Morgen,Полотенце кухонное махровое набор 10 шт 30х30,VWcIcSIaWY5DxysxH5mz,5,2026-09-16 15:06:10,,,,"Бежевый, коричневый · 48х70 см",0,0,,,,2026-09-21T14:15:25+03:00
wildberries,678519502,470619230,Guten Morgen,Полотенце кухонное махровое набор 10 шт 30х30,HLLDfVgyQnL6l2s89yE5,5,2026-09-16 08:59:46,"Качество отличное, размер тоже хороший.",,,"Бежевый, коричневый · 48х70 см",0,0,,,,2026-09-21T14:15:25+03:00
wildberries,678519502,470619230,Guten Morgen,Полотенце кухонное махровое набор 10 шт 30х30,LZpayNii1fvKYIyOrrzZ,5,2026-09-15 15:05:32,,,,серый,,0,,,,2026-09-21T14:15:25+03:00
wildberries,678519502,470619230,Guten Morgen,Полотенце кухонное махровое набор 10 шт 30х30,3Xmd96h6G0mTp4VUL1Yc,5,2026-09-15 15:04:44,,,,серый,,0,,,,2026-09-21T14:15:25+03:00
wildberries,678519502,470619230,Guten Morgen,Полотенце кухонное махровое набор 10 шт 30х30,QpVwBAq0VYVbPmlEExW9,5,2026-09-15 15:04:24,,,,серый,,0,,,,2026-09-21T14:15:25+03:00
wildberries,678519502,470619230,Guten Morgen,Полотенце кухонное махровое набор 10 шт 30х30,KJKXL2TgFTtb03KLWGtj,5,2026-09-15 14:22:58,Рекомендую к покупке,,,Серый · 48х70 см,0,0,,,,2026-09-21T14:15:25+03:00
wildberries,678519502,470619230,Guten Morgen,Полотенце кухонное махровое набор 10 шт 30х30,yEHRR8SQFxTkOGPAmErX,1,2026-09-15 13:33:14,"Я очень удивлена, но вместо 3 полотенец пришло 1 ? Большое я не могу сказать 😳",,,бежевый,,0,,,,2026-09-21T14:15:25+03:00
wildberries,678519502,470619230,Guten Morgen,Полотенце кухонное махровое набор 10 шт 30х30,5DLrglUAXnM8SgVyZPmS,4,2026-09-15 13:30:35,,,,бежевый,,0,,,,2026-09-21T14:15:25+03:00
wildberries,678519502,470619230,Guten Morgen,Полотенце кухонное махровое набор 10 шт 30х30,LCSFeVBhjEL1xFXnLgZo,5,2026-09-15 11:35:40,Всё хорошо,,,"Бежевый, коричневый · 48х70 см",0,0,,,,2026-09-21T14:15:25+03:00
wildberries,678519502,470619230,Guten Morgen,Полотенце кухонное махровое набор 10 шт 30х30,eFyoDukH2jKZqSLyyWbD,5,2026-09-14 10:48:28,"Полотенце хорошие,впитывает хорошо 👍",,,"Бежевый, коричневый · 48х70 см",0,0,,,,2026-09-21T14:15:25+03:00
wildberries,678519502,470619230,Guten Morgen,Полотенце кухонное махровое набор 10 шт 30х30,61OcqImiKZSkjx2p3EU0,5,2026-09-14 10:15:40,"Спасибо! Качество понравилось. На кухню самое то! Упаковка была вскрыта, но товар пришёл чистый",,,"Бежевый, коричневый · 48х70 см",0,0,,,,2026-09-21T14:15:25+03:00
wildberries,678519502,470619230,Guten Morgen,Полотенце кухонное махровое набор 10 шт 30х30,JKEB3uea3K2NeQERHIXn,5,2026-09-14 00:49:50,"Полотенчики настолько мягинькие и  хорошо впитывают воду,что я им пользуюсь не только как кухонными ,а ещё вытираю лицо ну уж ооооочень они мягенькие, нежные,приятные к телу.Спасибо большое продавцу,добросовестному продавцу,рекомендую.",,,Коричневый · 30х30 см,0,0,,,,2026-09-21T14:15:25+03:00
wildberries,678519502,470619230,Guten Morgen,Полотенце кухонное махровое набор 10 шт 30х30,tzbnbt0OoaJGitQ6vM5M,5,2026-09-14 00:18:53,"Полотенчики хорошие,качественные,заказывала второй раз ,уж ооооочень понравились.Рекомендую.",,,Коричневый · 30х30 см,0,0,,,,2026-09-21T14:15:25+03:00
wildberries,678519502,470619230,Guten Morgen,Полотенце кухонное махровое набор 10 шт 30х30,BDB666uqWHPelhQtkmYy,5,2026-09-13 16:51:55,Классные полотенца. Беру второй набор. К покупке рекомендую. Спасибо производителю.,,,Бежевый · 48х70 см,0,0,,,,2026-09-21T14:15:25+03:00
wildberries,678519502,470619230,Guten Morgen,Полотенце кухонное махровое набор 10 шт 30х30,qjMcnkDHCcRxU16G6TTk,5,2026-09-13 16:11:18,,,,бежевый,0,0,,,,2026-09-21T14:15:25+03:00
wildberries,678519502,470619230,Guten Morgen,Полотенце кухонное махровое набор 10 шт 30х30,vYiJyIkaUnuzAYCWpsDh,5,2026-09-13 16:10:51,,,,бежевый,0,0,,,,2026-09-21T14:15:25+03:00
wildberries,678519502,470619230,Guten Morgen,Полотенце кухонное махровое набор 10 шт 30х30,gQxMAaBHwH7x3xUGzLEs,5,2026-09-13 15:14:37,,,,Черный · 48х70 см,0,0,,,,2026-09-21T14:15:25+03:00
wildberries,678519502,470619230,Guten Morgen,Полотенце кухонное махровое набор 10 шт 30х30,8By7aTC6fnqNG3EujEr7,5,2026-09-13 13:47:04,"Очень хорошие полотенца. Мне понравились. Хорошо впитывают влагу, а это самое главное и очень мягкие. Советую к покупке. Продавцу спасибо",,,"Бежевый, коричневый · 48х70 см",0,0,,,,2026-09-21T14:15:25+03:00
wildberries,678519502,470619230,Guten Morgen,Полотенце кухонное махровое набор 10 шт 30х30,lGj5acw6LBzY2WfqZTus,4,2026-09-13 13:02:16,,,,"Бежевый, серый · 48х70 см",0,0,,,,2026-09-21T14:15:25+03:00
wildberries,678519502,470619230,Guten Morgen,Полотенце кухонное махровое набор 10 шт 30х30,nBTzXfioUfptN2u6S9lx,5,2026-09-12 20:46:26,"Хорошо впитывают, и очень приятный запах, рекомендую👍",,,Коричневый · 30х30 см,0,0,,,,2026-09-21T14:15:25+03:00
wildberries,678519502,470619230,Guten Morgen,Полотенце кухонное махровое набор 10 шт 30х30,NIKBf3gMUFvSzIme7vAb,1,2026-09-12 12:42:38,После стирки растянулись,,,"Бежевый, коричневый · 48х70 см",0,0,,,,2026-09-21T14:15:25+03:00
wildberries,678519502,470619230,Guten Morgen,Полотенце кухонное махровое набор 10 шт 30х30,0BLeUl1iM2QCMs7pYRW3,5,2026-09-12 08:50:45,,,,"Бежевый, серый · 48х70 см",0,0,,,,2026-09-21T14:15:25+03:00
wildberries,678519502,470619230,Guten Morgen,Полотенце кухонное махровое набор 10 шт 30х30,dDCAj5UcnTr6lVSiuwgv,3,2026-09-11 19:33:08,"Полотенца белоснежные, но не чистый хлопок, смесь с синтетикой, плохо впитывают.  И голубая петелька очень смущает, лучше бы была нейтрального серого цвета. Три балла  только лишь за  белоснежность. Продавец ввел в заблуждение,  что полотенца хлопковые. Не понравились. Да и цена 908 рублей за синтетику - это слишком!",,,Белый · 30х30 см,0,1,,,,2026-09-21T14:15:25+03:00
wildberries,678519502,470619230,Guten Morgen,Полотенце кухонное махровое набор 10 шт 30х30,i9shXABTOjqmxLVGCnjw,5,2026-09-11 12:02:04,"Очень хорошие полотенца. Удобный размер, не маленькие. Хорошо впитывают.",,,"Бежевый, коричневый · 48х70 см",0,0,,,,2026-09-21T14:15:25+03:00
wildberries,678519502,470619230,Guten Morgen,Полотенце кухонное махровое набор 10 шт 30х30,3sQfVhJUaDaxr3Ntxwfa,5,2026-09-11 09:57:30,Рекомендую к покупке,,,Серый · 48х70 см,0,0,,,,2026-09-21T14:15:25+03:00
wildberries,678519502,470619230,Guten Morgen,Полотенце кухонное махровое набор 10 шт 30х30,oYcnFeMY2VF6163aYqSl,5,2026-09-11 08:16:26,Отличные полотенце) Качество хорошее),,,Черный · 48х70 см,0,0,,,,2026-09-21T14:15:25+03:00
wildberries,678519502,470619230,Guten Morgen,Полотенце кухонное махровое набор 10 шт 30х30,7sJsJdULHSkZ8toIXZjG,5,2026-09-11 08:09:14,,,,"Бежевый, коричневый · 48х70 см",0,0,,,,2026-09-21T14:15:25+03:00
wildberries,678519502,470619230,Guten Morgen,Полотенце кухонное махровое набор 10 шт 30х30,XLdpc3X4QvPeCUJS48aM,5,2026-09-11 07:25:33,,Хороший размер полотенец,,серый,,0,,,,2026-09-21T14:15:25+03:00
wildberries,678519502,470619230,Guten Morgen,Полотенце кухонное махровое набор 10 шт 30х30,sG1N60KsED4TJkf2Upqn,5,2026-09-11 01:38:30,"Удобные и для рук, быстро сохнут, не пахнут",,,серый,,0,,,,2026-09-21T14:15:25+03:00
wildberries,678519502,470619230,Guten Morgen,Полотенце кухонное махровое набор 10 шт 30х30,CwI2EAsdFdMA2wUSRkDW,5,2026-09-10 14:11:46,Хорошо впитывает влагу,,,"Бежевый, коричневый · 48х70 см",0,0,,,,2026-09-21T14:15:25+03:00
wildberries,678519502,470619230,Guten Morgen,Полотенце кухонное махровое набор 10 шт 30х30,yvj6ClFV6vmFeSYhacmD,5,2026-09-10 13:07:37,"Хорошее качество, отлично впитывают",,,Коричневый · 30х30 см,0,0,,,,2026-09-21T14:15:25+03:00
wildberries,678519502,470619230,Guten Morgen,Полотенце кухонное махровое набор 10 шт 30х30,AmRbeO9RELqur9RTtrNL,4,2026-09-09 19:57:40,"После первой стирки, полезли нитки. Распоролся край",Размер,,"Бежевый, коричневый · 48х70 см",0,0,,,,2026-09-21T14:15:25+03:00
wildberries,678519502,470619230,Guten Morgen,Полотенце кухонное махровое набор 10 шт 30х30,c4oihnG4q4WrjctxKXpZ,5,2026-09-09 13:44:29,,,,бежевый,0,0,,,,2026-09-21T14:15:25+03:00
wildberries,678519502,470619230,Guten Morgen,Полотенце кухонное махровое набор 10 шт 30х30,mkVfDOEcCdNqOsKVENqg,5,2026-09-08 14:57:04,,,,"Бежевый, коричневый · 48х70 см",0,0,,,,2026-09-21T14:15:25+03:00
wildberries,678519502,470619230,Guten Morgen,Полотенце кухонное махровое набор 10 шт 30х30,bvtGR4d7lCMCb1qSmZQX,5,2026-09-08 14:55:37,,,,"Белый, бежевый · 40х60 см",0,0,,,,2026-09-21T14:15:25+03:00
wildberries,678519502,470619230,Guten Morgen,Полотенце кухонное махровое набор 10 шт 30х30,Uq6IVtEEz2khC15PsIa1,1,2026-09-08 14:36:24,,,"Полотенца не такие как на карточке товара. На фото они выглядят достаточно плотными, на деле очень тонкие. Заказ забирал сын. Дома распаковала, поняла, что не та вещь на которую рассчитывала. Оформила возврат. Продавец отказался принять. При заказе учитывайте это. Фото этого изделия в реале прилагаю. В упаковке три полотенца.",бежевый,0,0,,,,2026-09-21T14:15:25+03:00
wildberries,678519502,470619230,Guten Morgen,Полотенце кухонное махровое набор 10 шт 30х30,Ine7SrdfMeS9xwj6kmvE,1,2026-09-08 10:17:51,"Полотенца вроде нормальные,но вместо 3х пришло 2 и в каком то мешке резинкой завязанном.Крайне не рекомендую продавца",,,Черный · 48х70 см,0,0,,,,2026-09-21T14:15:25+03:00
wildberries,678519502,470619230,Guten Morgen,Полотенце кухонное махровое набор 10 шт 30х30,DbDGPFoWTwaLxcxBUsyr,3,2026-09-08 07:15:10,"Расположение петли неудобное. Сочетание голубой петли с тёмно-коричневым - неудачное. Цвет полотенца в реальности намного темнее, чем моё фото.",,,коричневый,0,0,,,,2026-09-21T14:15:25+03:00
wildberries,678519502,470619230,Guten Morgen,Полотенце кухонное махровое набор 10 шт 30х30,6uqp5EaThUoyPPBZJ9RF,5,2026-09-08 02:33:23,,,,"Бежевый, коричневый · 48х70 см",0,0,,,,2026-09-21T14:15:25+03:00
wildberries,678519502,470619230,Guten Morgen,Полотенце кухонное махровое набор 10 шт 30х30,6DfLouoAu4uhVp8L62Au,5,2026-09-07 20:22:54,"Классные , впитывают",,,серый,,0,,,,2026-09-21T14:15:25+03:00
wildberries,678519502,470619230,Guten Morgen,Полотенце кухонное махровое набор 10 шт 30х30,sn2uSopHUOUFrg5r5JhS,5,2026-09-07 09:06:39,Купила за 277 ₽. Отличные полотенца,,,бежевый,,0,,,,2026-09-21T14:15:25+03:00
wildberries,678519502,470619230,Guten Morgen,Полотенце кухонное махровое набор 10 шт 30х30,Z4Y1YglerEu3kyZUbmLD,5,2026-09-07 08:05:12,"Пришли быстро,качество устраивает,но ещё не стирала . Мягкие,хорошо впитывают",,,Черный · 48х70 см,0,0,,,,2026-09-21T14:15:25+03:00
wildberries,678519502,470619230,Guten Morgen,Полотенце кухонное махровое набор 10 шт 30х30,M5xaTCv062EUjOHz2t4G,5,2026-09-07 02:40:24,,,,Бежевый · 48х70 см,0,0,,,,2026-09-21T14:15:25+03:00
wildberries,678519502,470619230,Guten Morgen,Полотенце кухонное махровое набор 10 шт 30х30,MDmTq9H8VIMlGkqkuEip,5,2026-09-06 21:14:22,,,,серый,,0,,,,2026-09-21T14:15:25+03:00
wildberries,678519502,470619230,Guten Morgen,Полотенце кухонное махровое набор 10 шт 30х30,ZF58jszbchOGnxEggIf5,5,2026-09-06 20:41:14,"Чудесные полотенца, большой размер, мягкие, после стирки не изменились. Заказывала у других продавцов -Ваши самые лучшие для меня, спасибо за качественный товар👍",,,"Бежевый, коричневый · 48х70 см",0,0,,,,2026-09-21T14:15:25+03:00
wildberries,678519502,470619230,Guten Morgen,Полотенце кухонное махровое набор 10 шт 30х30,wNHg8qWjqZGr5BpQeVBV,5,2026-09-06 19:35:30,,,,"Бежевый, коричневый · 48х70 см",0,0,,,,2026-09-21T14:15:25+03:00
wildberries,678519502,470619230,Guten Morgen,Полотенце кухонное махровое набор 10 шт 30х30,I25upJhB8GqHNJJrDD8F,5,2026-09-06 15:15:25,,,,"Бежевый, коричневый · 48х70 см",0,0,,,,2026-09-21T14:15:25+03:00
wildberries,678519502,470619230,Guten Morgen,Полотенце кухонное махровое набор 10 шт 30х30,mwH8WLkSKcnMPinM3mV1,5,2026-09-06 09:11:48,,,,"Бежевый, коричневый · 48х70 см",0,0,,,,2026-09-21T14:15:25+03:00
wildberries,678519502,470619230,Guten Morgen,Полотенце кухонное махровое набор 10 шт 30х30,nqR6SEFN8FY6sgdduesa,5,2026-09-06 06:56:58,"Этот набор заказываю второй раз. Очень довольна этими полотенцами. Спустя год сохранились хорошо: нет пятен, дыр, торчащих ниток. Размер идеальный, удобно пользоваться. Другие полотенца для кухни короче- не так удобны.быстро сохнут, хорошо отстирываются.",,,бежевый,,0,,,,2026-09-21T14:15:25+03:00
wildberries,678519502,470619230,Guten Morgen,Полотенце кухонное махровое набор 10 шт 30х30,efb55zbEXi8ppc4yUySs,5,2026-09-04 19:12:43,"товар вполне устраивает. Хороший материал, красивая расцветка, хорошо впитывает воду.",,,серый,,0,,,,2026-09-21T14:15:25+03:00
wildberries,678519502,470619230,Guten Morgen,Полотенце кухонное махровое набор 10 шт 30х30,s5FAYiry8EYxsfyw8HT3,4,2026-09-04 18:06:14,,,,серый,,0,,,,2026-09-21T14:15:25+03:00
wildberries,678519502,470619230,Guten Morgen,Полотенце кухонное махровое набор 10 шт 30х30,jiDjzvSqyfJgtD0kKBYQ,4,2026-09-04 07:29:25,"Хорошо впитывают влагу, буду заказывать ещё",,,Серый · 48х70 см,0,0,,,,2026-09-21T14:15:25+03:00
wildberries,678519502,470619230,Guten Morgen,Полотенце кухонное махровое набор 10 шт 30х30,P2Ud3AlIQ4uq00mDnC9J,5,2026-09-04 07:20:32,Тонкие. Качество хорошее,,,бежевый,,0,,,,2026-09-21T14:15:25+03:00
wildberries,678519502,470619230,Guten Morgen,Полотенце кухонное махровое набор 10 шт 30х30,6KHxWz7AHgEYOLH9h3l7,5,2026-09-04 07:20:05,,,,бежевый,,0,,,,2026-09-21T14:15:25+03:00
wildberries,678519502,470619230,Guten Morgen,Полотенце кухонное махровое набор 10 шт 30х30,O5KtHuUJWK4r8ccpXUms,5,2026-09-04 04:54:22,Всё круто Давно мечтала такие полотенца купить 👍,,,бежевый,,0,,,,2026-09-21T14:15:25+03:00
wildberries,678519502,470619230,Guten Morgen,Полотенце кухонное махровое набор 10 шт 30х30,Rcmc24LOmrplkrKPLfQM,5,2026-09-03 19:07:27,,,,Черный · 48х70 см,0,0,,,,2026-09-21T14:15:25+03:00
wildberries,678519502,470619230,Guten Morgen,Полотенце кухонное махровое набор 10 шт 30х30,ymvqFuFQm9Mc4XkojzaR,5,2026-09-03 15:52:54,Хорошие качества впитоваег влагиу вытерпет . быстро сохнет,,,"Бежевый, коричневый · 48х70 см",0,0,,,,2026-09-21T14:15:25+03:00
wildberries,678519502,470619230,Guten Morgen,Полотенце кухонное махровое набор 10 шт 30х30,kcw3CFLJK4MIQLBhddyn,5,2026-09-03 15:48:03,"Очень плотненькие и выглядят качественно, достойно.",,,коричневый,,0,,,,2026-09-21T14:15:25+03:00
wildberries,678519502,470619230,Guten Morgen,Полотенце кухонное махровое набор 10 шт 30х30,HbHCaOUhhlgeK4vGuT9h,5,2026-09-03 14:00:38,,,,"Бежевый, коричневый · 48х70 см",0,0,,,,2026-09-21T14:15:25+03:00
wildberries,678519502,470619230,Guten Morgen,Полотенце кухонное махровое набор 10 шт 30х30,FWtMpNWpnLHT6QKpF5KF,5,2026-09-03 13:16:44,"Полотенца качественные, хорошо впитывают  влагу и быстро сохнут",,,"Бежевый, коричневый · 48х70 см",0,0,,,,2026-09-21T14:15:25+03:00
wildberries,678519502,470619230,Guten Morgen,Полотенце кухонное махровое набор 10 шт 30х30,5OvFBMAgiHOoZmifgvfm,4,2026-09-03 10:44:49,,быстро теряют форму,,бежевый,0,0,,,,2026-09-21T14:15:25+03:00
wildberries,678519502,470619230,Guten Morgen,Полотенце кухонное махровое набор 10 шт 30х30,tvdej0lwrokhRK5cEAxF,5,2026-09-03 09:20:27,,"Полотенца замечательные, мягкие, хорошо впитывают влагу, чувствуется натуральный состав, незаменимые помощники на кухне. При стирке слегка деформируются по краям, ну, да ладно, в домашнем обиходе это не так важно.",,серый,,0,,,,2026-09-21T14:15:25+03:00
wildberries,678519502,470619230,Guten Morgen,Полотенце кухонное махровое набор 10 шт 30х30,wkMKfguoXo7KKdlD9yu8,5,2026-09-03 08:16:58,"Шикарные полотенца , покупкой довольна , на кухне незаменимая вещь",,,Бежевый · 48х70 см,0,0,,,,2026-09-21T14:15:25+03:00
wildberries,678519502,470619230,Guten Morgen,Полотенце кухонное махровое набор 10 шт 30х30,PZ51Ik1TpESW9PtK6j1j,5,2026-09-03 06:41:46,Хорошее качество,,,"Бежевый, коричневый · 48х70 см",0,0,,,,2026-09-21T14:15:25+03:00
wildberries,678519502,470619230,Guten Morgen,Полотенце кухонное махровое набор 10 шт 30х30,gMPGycqEULBlmAjl27HZ,5,2026-09-02 20:57:05,,,,"Бежевый, коричневый · 48х70 см",0,0,,,,2026-09-21T14:15:25+03:00
wildberries,678519502,470619230,Guten Morgen,Полотенце кухонное махровое набор 10 шт 30х30,I9QU2oQeujfxrJDW9Tqx,5,2026-09-02 17:25:51,,,,Серый · 48х70 см,0,0,,,,2026-09-21T14:15:25+03:00
wildberries,678519502,470619230,Guten Morgen,Полотенце кухонное махровое набор 10 шт 30х30,gWNn3AEN9ck13d08RjMx,5,2026-09-02 17:00:30,,,,черный,0,0,,,,2026-09-21T14:15:25+03:00
wildberries,678519502,470619230,Guten Morgen,Полотенце кухонное махровое набор 10 шт 30х30,k8aS1AVxfwgW75U82Xr0,5,2026-09-02 16:21:23,Хлопок🔥🔥🔥,,,"Бежевый, серый · 48х70 см",0,0,,,,2026-09-21T14:15:25+03:00
wildberries,678519502,470619230,Guten Morgen,Полотенце кухонное махровое набор 10 шт 30х30,wiChMi8W4h2rkf66UB9I,5,2026-09-02 15:43:58,"Хлопок,Ивановский текстиль,плотные ,хорошие полотенца для кухни",,,"Бежевый, коричневый · 48х70 см",0,0,,,,2026-09-21T14:15:25+03:00
wildberries,678519502,470619230,Guten Morgen,Полотенце кухонное махровое набор 10 шт 30х30,8jEVkELYQWIYzXyjMuO4,5,2026-09-02 12:55:03,,,,Серый · 48х70 см,0,0,,,,2026-09-21T14:15:25+03:00
wildberries,678519502,470619230,Guten Morgen,Полотенце кухонное махровое набор 10 шт 30х30,dJ47bjSBA5vgauyzLE4R,5,2026-09-02 12:54:54,,,,Бежевый · 48х70 см,0,0,,,,2026-09-21T14:15:25+03:00
wildberries,678519502,470619230,Guten Morgen,Полотенце кухонное махровое набор 10 шт 30х30,v3k7mN6SsH7M95NCOJBo,5,2026-09-02 03:53:06,,,,серый,,0,,,,2026-09-21T14:15:25+03:00
wildberries,678519502,470619230,Guten Morgen,Полотенце кухонное махровое набор 10 шт 30х30,cWhUxPwYz4k7Fs1kyzz6,5,2026-09-01 06:19:43,Отличный товар. Очень практичные полотенца в использовании.,,,"Бежевый, коричневый · 48х70 см",0,0,,,,2026-09-21T14:15:25+03:00
wildberries,678519502,470619230,Guten Morgen,Полотенце кухонное махровое набор 10 шт 30х30,JQw861tIlxaHY8RBxM2s,5,2026-08-31 18:31:21,"То, что искала👍🏽 они тонкие, именно такие и хотела, лично мне, больше нравится кухонные полотенца тонкие. Закажу еще пару комплектов. Спасибо продавцу 💐",,,белый,,0,,,,2026-09-21T14:15:25+03:00
wildberries,678519502,470619230,Guten Morgen,Полотенце кухонное махровое набор 10 шт 30х30,MVP3jN55m5A6Yc0J8S5g,5,2026-08-31 14:22:53,"Заказываю не в первый раз, цена приятная и качество.",,,бежевый,,0,,,,2026-09-21T14:15:25+03:00
wildberries,678519502,470619230,Guten Morgen,Полотенце кухонное махровое набор 10 шт 30х30,OZ53CXyK0GmHFlMwMf9g,5,2026-08-31 08:14:44,,,,серый,0,0,,,,2026-09-21T14:15:25+03:00
wildberries,678519502,470619230,Guten Morgen,Полотенце кухонное махровое набор 10 шт 30х30,RQGqoqhs5a2knYnjyRUj,5,2026-08-30 15:41:50,,,,"Бежевый, коричневый · 48х70 см",0,0,,,,2026-09-21T14:15:25+03:00
wildberries,678519502,470619230,Guten Morgen,Полотенце кухонное махровое набор 10 шт 30х30,rXw1JPpDEelZwHnzi5WE,5,2026-08-30 11:15:10,,,,бежевый,,0,,,,2026-09-21T14:15:25+03:00
wildberries,678519502,470619230,Guten Morgen,Полотенце кухонное махровое набор 10 шт 30х30,qPerkSEa2qP37yRnQCHQ,5,2026-08-30 10:30:21,"Постирала. Полотенца ни уменьшились, ни полиняли... Я довольна покупкой:). РЕКОМЕНДУЮ полотенца к ПОКУПКЕ!!!",,,Серый · 48х70 см,0,0,,,,2026-09-21T14:15:25+03:00
wildberries,678519502,470619230,Guten Morgen,Полотенце кухонное махровое набор 10 шт 30х30,3Pi2HTJRr4ayIsbBFNdD,5,2026-08-30 07:46:19,"Мягенькое, отличное !!!",,,Черный · 48х70 см,0,0,,,,2026-09-21T14:15:25+03:00
wildberries,678519502,470619230,Guten Morgen,Полотенце кухонное махровое набор 10 шт 30х30,ojCNmoROSJz9eBkf1pHn,5,2026-08-30 05:46:09,"Брала для парикмахерской , очень классные полотенца",,,Черный · 48х70 см,0,0,,,,2026-09-21T14:15:25+03:00
wildberries,678519502,470619230,Guten Morgen,Полотенце кухонное махровое набор 10 шт 30х30,01LeIpufYMF8Vgc2eGZk,5,2026-08-30 03:10:15,,,,"Бежевый, коричневый · 48х70 см",0,0,,,,2026-09-21T14:15:25+03:00
wildberries,678519502,470619230,Guten Morgen,Полотенце кухонное махровое набор 10 шт 30х30,jaolLKGrfzSafjZCWXpG,5,2026-08-30 03:09:37,Хорошие,,,"Бежевый, серый · 48х70 см",0,0,,,,2026-09-21T14:15:25+03:00
wildberries,678519502,470619230,Guten Morgen,Полотенце кухонное махровое набор 10 шт 30х30,f6RIPMSklsoNXrNSn4sr,5,2026-08-29 20:39:32,,,,"Бежевый, коричневый · 48х70 см",0,0,,,,2026-09-21T14:15:25+03:00
wildberries,678519502,470619230,Guten Morgen,Полотенце кухонное махровое набор 10 шт 30х30,b0sf8xW6cHrF5Vcg1e6C,5,2026-08-29 19:57:13,,,,"Бежевый, коричневый · 48х70 см",0,0,,,,2026-09-21T14:15:25+03:00
wildberries,678519502,470619230,Guten Morgen,Полотенце кухонное махровое набор 10 шт 30х30,MBQC2PV2sAL0NdWizvDn,5,2026-08-29 13:27:57,Хорошее качество,,,серый,,0,,,,2026-09-21T14:15:25+03:00
wildberries,678519502,470619230,Guten Morgen,Полотенце кухонное махровое набор 10 шт 30х30,hFGHVU4RWpYqiiyymbSB,4,2026-08-29 11:30:45,"Полотенца, к сожалению, без петелек, что очень не удобно.  Впитывают хорошо, смотрятся нормально.",,,Серый · 48х70 см,0,0,,,,2026-09-21T14:15:25+03:00
wildberries,678519502,470619230,Guten Morgen,Полотенце кухонное махровое набор 10 шт 30х30,ryPJY0n5wjSsCmZ5PSQ7,5,2026-08-29 10:38:19,,,,бежевый,,0,,,,2026-09-21T14:15:25+03:00
wildberries,678519502,470619230,Guten Morgen,Полотенце кухонное махровое набор 10 шт 30х30,SEymzVEMyqmqWZVO0E5R,5,2026-08-28 21:03:50,Классные кухонные полотенца!,,,"Бежевый, коричневый · 48х70 см",0,0,,,,2026-09-21T14:15:25+03:00
wildberries,678519502,470619230,Guten Morgen,Полотенце кухонное махровое набор 10 шт 30х30,te8wNsgjrJ5k3IKnNKXF,5,2026-08-27 17:24:09,,,,бежевый,,0,,,,2026-09-21T14:15:25+03:00
wildberries,678519502,470619230,Guten Morgen,Полотенце кухонное махровое набор 10 шт 30х30,xd7HwbPhNgxcBi4TOkdk,5,2026-08-27 12:12:39,,,,Бежевый · 48х70 см,0,0,,,,2026-09-21T14:15:25+03:00
wildberries,678519502,470619230,Guten Morgen,Полотенце кухонное махровое набор 10 шт 30х30,aMJGROndxNKJ7B75vDfh,3,2026-08-27 06:58:55,,,,серый,,0,,,,2026-09-21T14:15:25+03:00
wildberries,678519502,470619230,Guten Morgen,Полотенце кухонное махровое набор 10 шт 30х30,2CeBXMoFse1xHEaqwVLX,5,2026-08-27 05:38:54,,,,"Бежевый, коричневый · 48х70 см",0,0,,,,2026-09-21T14:15:25+03:00
wildberries,678519502,470619230,Guten Morgen,Полотенце кухонное махровое набор 10 шт 30х30,rSuxTC9FqXaRWJHhGm6h,5,2026-08-27 04:56:41,,,,"Бежевый, коричневый · 48х70 см",0,0,,,,2026-09-21T14:15:25+03:00
wildberries,678519502,470619230,Guten Morgen,Полотенце кухонное махровое набор 10 шт 30х30,4OIs3xNppRuPFem4jS2s,5,2026-08-26 17:47:44,,,,серый,,0,,,,2026-09-21T14:15:25+03:00
wildberries,678519502,470619230,Guten Morgen,Полотенце кухонное махровое набор 10 шт 30х30,SLiXrIlCGkjnlEg770uP,5,2026-08-26 12:14:27,Пришло вовремя. Все 10штук.хорошие,,,Коричневый · 30х30 см,0,0,,,,2026-09-21T14:15:25+03:00
wildberries,678519502,470619230,Guten Morgen,Полотенце кухонное махровое набор 10 шт 30х30,WbH0J7KmUPwrk8Own34y,5,2026-08-25 19:06:12,,,,бежевый,,0,,,,2026-09-21T14:15:25+03:00
wildberries,678519502,470619230,Guten Morgen,Полотенце кухонное махровое набор 10 шт 30х30,Rxu1jxPZ92S2V4n3rwaK,5,2026-08-25 13:30:13,Полотенца понравились.Посмотрим в использовании,,,Бежевый · 48х70 см,0,0,,,,2026-09-21T14:15:25+03:00
wildberries,678519502,470619230,Guten Morgen,Полотенце кухонное махровое набор 10 шт 30х30,jRFBcq4UCZUeEyF0fGJ9,5,2026-08-25 11:33:37,"Беру всегда только такие , замечательные, всё впитывается, мягкие , цвет после стирки не теряют",,,бежевый,,1,,,,2026-09-21T14:15:25+03:00
wildberries,678519502,470619230,Guten Morgen,Полотенце кухонное махровое набор 10 шт 30х30,rL8FPUplDGOd5JWZSGnM,5,2026-08-25 03:17:04,Отличные полотенца!Хорошо впитывают влагу,,,серый,,0,,,,2026-09-21T14:15:25+03:00
wildberries,678519502,470619230,Guten Morgen,Полотенце кухонное махровое набор 10 шт 30х30,mwDUXUTumwUJ0s32Gmuq,5,2026-08-24 17:42:04,"Хороший набор,",,,серый,,0,,,,2026-09-21T14:15:25+03:00
wildberries,678519502,470619230,Guten Morgen,Полотенце кухонное махровое набор 10 шт 30х30,DiEdrQcfFsfEu4Bubaan,5,2026-08-24 14:18:49,"Отличные полотенца, рекомендую к покупке 👍",,,"Бежевый, серый · 48х70 см",0,0,,,,2026-09-21T14:15:25+03:00
wildberries,678519502,470619230,Guten Morgen,Полотенце кухонное махровое набор 10 шт 30х30,vx80VzYsIjjXItn8lFfj,5,2026-08-24 12:06:27,,,,бежевый,0,0,,,,2026-09-21T14:15:25+03:00
wildberries,678519502,470619230,Guten Morgen,Полотенце кухонное махровое набор 10 шт 30х30,bWUswXD2XqYNrpa1wUBB,1,2026-08-24 07:38:50,,,,Черный · 48х70 см,0,0,,,,2026-09-21T14:15:25+03:00
wildberries,678519502,470619230,Guten Morgen,Полотенце кухонное махровое набор 10 шт 30х30,G7xJY5TZEawAQiTxTpaY,5,2026-08-23 17:57:41,Все отлично. Люблю эти полотенца,,,Серый · 48х70 см,0,0,,,,2026-09-21T14:15:25+03:00
wildberries,678519502,470619230,Guten Morgen,Полотенце кухонное махровое набор 10 шт 30х30,zZ3uQ2sGHfwjssV91IjJ,5,2026-08-23 15:38:00,Доставка быстрая. Качество высокое. Рекомендую к покупке.,,,Черный · 48х70 см,0,0,,,,2026-09-21T14:15:25+03:00
wildberries,678519502,470619230,Guten Morgen,Полотенце кухонное махровое набор 10 шт 30х30,fuHtCmasIzumTRF4PvGw,5,2026-08-23 14:47:52,,,,Черный · 48х70 см,0,0,,,,2026-09-21T14:15:25+03:00
wildberries,678519502,470619230,Guten Morgen,Полотенце кухонное махровое набор 10 шт 30х30,KWjIUiuUmFuJM8H3XIIK,5,2026-08-22 16:42:19,"Нормальные кухонные полотенца, с хорошей впитывающей составляющей. Можно брать, разочарования не испытал",,,"Бежевый, коричневый · 48х70 см",0,0,,,,2026-09-21T14:15:25+03:00
wildberries,678519502,470619230,Guten Morgen,Полотенце кухонное махровое набор 10 шт 30х30,FsWh6eX82QT6en2H4Nas,5,2026-08-22 13:57:00,,,,Серый · 48х70 см,0,0,,,,2026-09-21T14:15:25+03:00
wildberries,678519502,470619230,Guten Morgen,Полотенце кухонное махровое набор 10 шт 30х30,TojT1d83ZyeZGTpvMuQB,3,2026-08-22 11:01:14,Очень жёсткие после стирки,,,Бежевый · 48х70 см,0,0,,,,2026-09-21T14:15:25+03:00
wildberries,678519502,470619230,Guten Morgen,Полотенце кухонное махровое набор 10 шт 30х30,J2GgM8VKzDhApCdfaeWJ,5,2026-08-21 23:33:15,,,,"Белый, красный · 45х60 см",0,0,,,,2026-09-21T14:15:25+03:00
wildberries,678519502,470619230,Guten Morgen,Полотенце кухонное махровое набор 10 шт 30х30,ieBdRMrMfisRAdMb9Pav,5,2026-08-21 17:24:06,,,,"Бежевый, коричневый · 48х70 см",0,0,,,,2026-09-21T14:15:25+03:00
wildberries,678519502,470619230,Guten Morgen,Полотенце кухонное махровое набор 10 шт 30х30,vupwwNVieG5zyPRAxco2,5,2026-08-21 13:02:29,"К товару претензий нет. Качество хорошее, но упаковка вся порвана. Вместо трех штук полотенец доставили два. Либо вытащили, либо выпало (пакет даже не запаен). Как идет в заводской упаковке с тоненькой клейкой ленточкой так и отправляете покупателю.",,,Серый · 48х70 см,0,1,,,,2026-09-21T14:15:25+03:00
wildberries,678519502,470619230,Guten Morgen,Полотенце кухонное махровое набор 10 шт 30х30,Kv8wDwBq9CISCKD3Ag79,5,2026-08-21 12:16:37,"Полотенца хорошие. Впитывают хорошо. Заказала 2 упаковки по 3 штуки.  Но огорчило то, что одна упаковка хотябы запаяна, а вторая просто на  липкой тоненькой полоске. Вот она была вскрыта. И полотенец всего два вместо трех. Понятно, что продавец отправил, как положено. НО, т.к. кроме тоненького пакета дополнительно больше никак не упаковано, очень легко открыть и достать товар. Если бы получалв сама я бы конечно просмотрела, но попросила мужа и он привез мне такую неописуемую красоту открытый пакет. Конечно 120 руб не большой убыток, но сам факт неприятен. Просьба относиться добросоветно к обязанностям и упаковывать товар так, чтоб до покупателя дошел в надлежащем виде. К товару претензий не имею пошив аккуратный, качество хорошее. Делаю у вас не первый заказ  и всегда нет дополнительной опаковки. Просто в прозрачном заводском пакете. Не",,,Серый · 48х70 см,0,0,,,,2026-09-21T14:15:25+03:00
wildberries,678519502,470619230,Guten Morgen,Полотенце кухонное махровое набор 10 шт 30х30,AEySodhSPLRV38dF0yDz,5,2026-08-21 12:05:31,,,,"Бежевый, коричневый · 48х70 см",0,0,,,,2026-09-21T14:15:25+03:00
wildberries,678519502,470619230,Guten Morgen,Полотенце кухонное махровое набор 10 шт 30х30,zvqddJMCJW8YjRbLMfC9,3,2026-08-21 09:06:50,,,,бежевый,,0,,,,2026-09-21T14:15:25+03:00
wildberries,678519502,470619230,Guten Morgen,Полотенце кухонное махровое набор 10 шт 30х30,A9eUObVU41SnVps5DW9p,5,2026-08-21 07:01:51,"Мне очень понравился этот товар, и я обязательно закажу его снова. Благодарю продавца за отличную работу!",,,бежевый,,0,,,,2026-09-21T14:15:25+03:00
wildberries,678519502,470619230,Guten Morgen,Полотенце кухонное махровое набор 10 шт 30х30,0EcIKw9J2goLxorjNtAr,5,2026-08-20 22:58:52,"Хорошие полотенца, беру не в первый раз.",,,черный,,1,,,,2026-09-21T14:15:25+03:00
wildberries,678519502,470619230,Guten Morgen,Полотенце кухонное махровое набор 10 шт 30х30,j3p7VCnEgaDlAgVCTuW3,4,2026-08-20 16:52:29,Очень тонкие,,,белый,,0,,,,2026-09-21T14:15:25+03:00
wildberries,678519502,470619230,Guten Morgen,Полотенце кухонное махровое набор 10 шт 30х30,OQ8JbRsQDoMX8cE3AksF,5,2026-08-20 11:51:58,,,,Серый · 48х70 см,0,0,,,,2026-09-21T14:15:25+03:00
wildberries,678519502,470619230,Guten Morgen,Полотенце кухонное махровое набор 10 шт 30х30,MnFJym2VguID88xfoECv,3,2026-08-20 09:02:08,"Скользкие, качество дешевой синтетики, но цена - качество.",,,бежевый,,0,,,,2026-09-21T14:15:25+03:00
wildberries,678519502,470619230,Guten Morgen,Полотенце кухонное махровое набор 10 шт 30х30,wkBgQMrhwes93SMtLfqm,3,2026-08-19 07:42:46,,,,бежевый,,0,,,,2026-09-21T14:15:25+03:00
wildberries,678519502,470619230,Guten Morgen,Полотенце кухонное махровое набор 10 шт 30х30,Ulnes5xEfOGISde1k2C4,5,2026-08-19 04:57:35,,,,бежевый,,0,,,,2026-09-21T14:15:25+03:00
wildberries,678519502,470619230,Guten Morgen,Полотенце кухонное махровое набор 10 шт 30х30,EaBaEzldoxylFpX3vwJL,5,2026-08-18 18:48:08,Отличные полотенца.,,,Бежевый · 48х70 см,0,0,,,,2026-09-21T14:15:25+03:00
wildberries,678519502,470619230,Guten Morgen,Полотенце кухонное махровое набор 10 шт 30х30,QCl5WwhuEI1EeDSxduYz,5,2026-08-17 09:22:02,Размер и качество шикарные. Рекомендую однозначно.,,,Бежевый · 48х70 см,0,0,,,,2026-09-21T14:15:25+03:00
wildberries,678519502,470619230,Guten Morgen,Полотенце кухонное махровое набор 10 шт 30х30,TyIh19tLYZSVQyxKprs8,5,2026-08-17 08:16:35,,"Отличные полотенце, идально подходят для лица. Умылся и бросил в стирку",-,"Серый, графит · 30х30 см",0,0,,,,2026-09-21T14:15:25+03:00
wildberries,678519502,470619230,Guten Morgen,Полотенце кухонное махровое набор 10 шт 30х30,eQEvtFOhtxTmmlkp4dBt,5,2026-08-17 06:01:35,Хорошие полотенца!!!,,,"Бежевый, коричневый · 48х70 см",0,0,,,,2026-09-21T14:15:25+03:00
wildberries,678519502,470619230,Guten Morgen,Полотенце кухонное махровое набор 10 шт 30х30,QWl19hQhHiPQQNBFVB2X,5,2026-08-16 07:59:31,,,,бежевый,0,0,,,,2026-09-21T14:15:25+03:00
wildberries,678519502,470619230,Guten Morgen,Полотенце кухонное махровое набор 10 шт 30х30,6t94qTEGl9csGTNWltYw,5,2026-08-16 06:05:09,,,,"Бежевый, коричневый · 48х70 см",0,0,,,,2026-09-21T14:15:25+03:00
wildberries,678519502,470619230,Guten Morgen,Полотенце кухонное махровое набор 10 шт 30х30,h6LuQD7fEDweG1otWZim,5,2026-08-16 05:45:22,"Одна из лучший покупок, отличные полотенчики, качество на высоте  приятная цена😍",,,Белый · 30х30 см,0,0,,,,2026-09-21T14:15:25+03:00
wildberries,678519502,470619230,Guten Morgen,Полотенце кухонное махровое набор 10 шт 30х30,3LtMqiSv15FrO1FnmzBJ,5,2026-08-15 16:07:30,,Отличное качество,,бежевый,0,0,,,,2026-09-21T14:15:25+03:00
wildberries,678519502,470619230,Guten Morgen,Полотенце кухонное махровое набор 10 шт 30х30,VbgeFaLOGccx1wjswxL0,5,2026-08-15 13:22:39,👍,,,Черный · 48х70 см,0,0,,,,2026-09-21T14:15:25+03:00
wildberries,678519502,470619230,Guten Morgen,Полотенце кухонное махровое набор 10 шт 30х30,BscqPfmb8JM9oVPw0GMZ,5,2026-08-15 12:59:31,,,,"Бежевый, коричневый · 48х70 см",0,0,,,,2026-09-21T14:15:25+03:00
wildberries,678519502,470619230,Guten Morgen,Полотенце кухонное махровое набор 10 шт 30х30,9tC5CNMXgUZdrGIZaeof,5,2026-08-15 11:49:07,,,,Бежевый · 48х70 см,0,0,,,,2026-09-21T14:15:25+03:00
wildberries,678519502,470619230,Guten Morgen,Полотенце кухонное махровое набор 10 шт 30х30,Tb98Ph2ZweNpmjV0WNw6,4,2026-08-14 15:59:50,,,,бежевый,,0,,,,2026-09-21T14:15:25+03:00
wildberries,678519502,470619230,Guten Morgen,Полотенце кухонное махровое набор 10 шт 30х30,BMBU4Qsx1tX9xMNsXBup,5,2026-08-14 09:44:21,"Офигенные полотенца, и размер и качество, все совпало. Спасибо продавцу. А то я как то заказала примерно стоимость одинаковая, но другие были чуть ли не как из марли сделаны, а здесь добротный ткань, не толстые, и не тонкие, короче они идеальные.",,,Бежевый · 48х70 см,0,0,,,,2026-09-21T14:15:25+03:00
wildberries,678519502,470619230,Guten Morgen,Полотенце кухонное махровое набор 10 шт 30х30,zyYDESyRkuBd7QWG6qZ7,5,2026-08-14 03:04:33,,,,Белый · 30х30 см,0,0,,,,2026-09-21T14:15:25+03:00
wildberries,678519502,470619230,Guten Morgen,Полотенце кухонное махровое набор 10 шт 30х30,dQP8jy3V4vRRWqqKkwi5,5,2026-08-14 03:04:18,,,,Белый · 30х30 см,0,0,,,,2026-09-21T14:15:25+03:00
wildberries,678519502,470619230,Guten Morgen,Полотенце кухонное махровое набор 10 шт 30х30,aBIpFAdUQDJu430n8Xkk,5,2026-08-13 13:03:51,"Качество хорошее, впитывают воду, цвет особенно приятный.",,,"Бежевый, коричневый · 48х70 см",0,0,,,,2026-09-21T14:15:25+03:00
wildberries,678519502,470619230,Guten Morgen,Полотенце кухонное махровое набор 10 шт 30х30,HKZAbCpkm2C97OHh9FGR,5,2026-08-13 08:11:59,Отличные полотенца 👍🏻🩷рекомендую 🤝,,,белый,,0,,,,2026-09-21T14:15:25+03:00
wildberries,678519502,470619230,Guten Morgen,Полотенце кухонное махровое набор 10 шт 30х30,RpyNIW6QgfiWjZyumDaR,5,2026-08-13 03:36:09,,,,Черный · 48х70 см,0,0,,,,2026-09-21T14:15:25+03:00
wildberries,678519502,470619230,Guten Morgen,Полотенце кухонное махровое набор 10 шт 30х30,5AVDJWgIfh75bDzEp62B,4,2026-08-12 20:05:58,Полотенчики очень понравились!!! Беру второй раз!,,,бежевый,,0,,,,2026-09-21T14:15:25+03:00
wildberries,678519502,470619230,Guten Morgen,Полотенце кухонное махровое набор 10 шт 30х30,qvHu41bUEi6qAgF2RAQ9,5,2026-08-12 18:48:56,,"Мягкие ,приятные к телу",,белый,,0,,,,2026-09-21T14:15:25+03:00
wildberries,678519502,470619230,Guten Morgen,Полотенце кухонное махровое набор 10 шт 30х30,Og7Q83ISNVhouIWqwjgd,5,2026-08-12 10:42:31,,,,серый,0,0,,,,2026-09-21T14:15:25+03:00
wildberries,678519502,470619230,Guten Morgen,Полотенце кухонное махровое набор 10 шт 30х30,Fwq0RrxHiivC3HaoY7OS,5,2026-08-12 10:05:34,,,,бежевый,0,0,,,,2026-09-21T14:15:25+03:00
wildberries,678519502,470619230,Guten Morgen,Полотенце кухонное махровое набор 10 шт 30х30,3qbkHlxGZZbr5aACNXW9,5,2026-08-11 12:59:50,,,,бежевый,,0,,,,2026-09-21T14:15:25+03:00
wildberries,678519502,470619230,Guten Morgen,Полотенце кухонное махровое набор 10 шт 30х30,WemrLPNffwaCBa2u7ZvT,5,2026-08-10 17:18:10,полотенце вообще бомбу прям отличный большие класс,,,"Бежевый, коричневый · 48х70 см",0,0,,,,2026-09-21T14:15:25+03:00
wildberries,678519502,470619230,Guten Morgen,Полотенце кухонное махровое набор 10 шт 30х30,C0fLhJC1yWvlECsnf1ip,1,2026-08-10 16:33:13,Это Диана а не Гутен Морген😡,,,"Бежевый, серый · 48х70 см",0,0,,,,2026-09-21T14:15:25+03:00
wildberries,678519502,470619230,Guten Morgen,Полотенце кухонное махровое набор 10 шт 30х30,rij2c1rYbDTvZmA6LJ7W,1,2026-08-10 16:32:18,От Гутен Морген одно название через дробь.,,,"Бежевый, коричневый · 48х70 см",0,0,,,,2026-09-21T14:15:25+03:00
wildberries,678519502,470619230,Guten Morgen,Полотенце кухонное махровое набор 10 шт 30х30,Ey7vLF0JK1nWJftmayu0,5,2026-08-10 11:15:51,Хорошие полотенца,,,"Бежевый, коричневый · 48х70 см",0,0,,,,2026-09-21T14:15:25+03:00
wildberries,678519502,470619230,Guten Morgen,Полотенце кухонное махровое набор 10 шт 30х30,u3zK200wa5l0atzC4wV3,4,2026-08-10 06:35:44,"Полотенца норм, но упаковка плохая и вместо 10 пришло 9",,,белый,,0,,,,2026-09-21T14:15:25+03:00
wildberries,678519502,470619230,Guten Morgen,Полотенце кухонное махровое набор 10 шт 30х30,3HNbY1cI99l15M8CW7p5,5,2026-08-10 04:43:14,"Хорошие полотенца, плотные. После стирки не полиняли и не сели",,,бежевый,,0,,,,2026-09-21T14:15:25+03:00
wildberries,678519502,470619230,Guten Morgen,Полотенце кухонное махровое набор 10 шт 30х30,ysUDEZqEasHA4kfra43o,5,2026-08-09 21:42:41,"Супер полотенца, я довольна",,,Черный · 48х70 см,0,0,,,,2026-09-21T14:15:25+03:00
wildberries,678519502,470619230,Guten Morgen,Полотенце кухонное махровое набор 10 шт 30х30,hsWf3eBS1e0W3zMqBAUX,5,2026-08-09 20:08:09,Очень приличные полотенца,,,бежевый,,0,,,,2026-09-21T14:15:25+03:00
wildberries,678519502,470619230,Guten Morgen,Полотенце кухонное махровое набор 10 шт 30х30,Ncjkn5YS1cYLEM32GaUF,5,2026-08-09 08:11:52,,,,черный,,0,,,,2026-09-21T14:15:25+03:00
wildberries,678519502,470619230,Guten Morgen,Полотенце кухонное махровое набор 10 шт 30х30,lSVKXL81PiPE2O3u0ZOJ,5,2026-08-09 04:38:02,Очень хорошие полотенца! Недостатков нет. Рекомендую,,,"Бежевый, коричневый · 48х70 см",0,0,,,,2026-09-21T14:15:25+03:00
wildberries,678519502,470619230,Guten Morgen,Полотенце кухонное махровое набор 10 шт 30х30,lTigVQjl9iwxoAPV5iIe,5,2026-08-08 17:21:19,"Ещё не пользовалась, но первое впечатление продолжительное - удачный размер.  Хотелось бы чуть поплотнее, но что есть, то есть. Дальше будет видно",,,Серый · 48х70 см,0,0,,,,2026-09-21T14:15:25+03:00
wildberries,678519502,470619230,Guten Morgen,Полотенце кухонное махровое набор 10 шт 30х30,3my4kKlrh2BJup6d5sic,5,2026-08-08 15:29:17,,,,"Бежевый, коричневый · 48х70 см",0,0,,,,2026-09-21T14:15:25+03:00
wildberries,678519502,470619230,Guten Morgen,Полотенце кухонное махровое набор 10 шт 30х30,JkjAbNqQh8jsd2P9aWod,5,2026-08-08 02:22:15,"Хорошие. Но после стирки-сушки стали серыми, но это мне на руку сыграло только)",,,бежевый,,1,,,,2026-09-21T14:15:25+03:00
wildberries,678519502,470619230,Guten Morgen,Полотенце кухонное махровое набор 10 шт 30х30,1mbv3ST6oO31SIeYhlrW,5,2026-08-07 18:26:20,"Приобрела ещё набор, очень удобные и приятные во всех отношениях, спасибо.",Всё ☺,,бежевый,0,0,,,,2026-09-21T14:15:25+03:00
wildberries,678519502,470619230,Guten Morgen,Полотенце кухонное махровое набор 10 шт 30х30,tUoahRzAAtBBE5g6lSeo,5,2026-08-07 15:47:32,,,,"Бежевый, коричневый · 48х70 см",0,0,,,,2026-09-21T14:15:25+03:00
wildberries,678519502,470619230,Guten Morgen,Полотенце кухонное махровое набор 10 шт 30х30,1KKrFSRVAqZ7zNNxTzn1,4,2026-08-07 14:58:39,,,,Серый · 48х70 см,0,0,,,,2026-09-21T14:15:25+03:00
wildberries,678519502,470619230,Guten Morgen,Полотенце кухонное махровое набор 10 шт 30х30,qMHWr1jW45hQBzOMzGqC,5,2026-08-07 07:34:33,,,,серый,,0,,,,2026-09-21T14:15:25+03:00
wildberries,678519502,470619230,Guten Morgen,Полотенце кухонное махровое набор 10 шт 30х30,pSjFEqZwxrb7DwSkWOos,5,2026-08-07 02:56:08,,,,"Бежевый, серый · 48х70 см",0,0,,,,2026-09-21T14:15:25+03:00
wildberries,678519502,470619230,Guten Morgen,Полотенце кухонное махровое набор 10 шт 30х30,uRDLK3kjU1jmSNAGLX9R,5,2026-08-06 19:18:02,,,,"Бежевый, коричневый · 48х70 см",0,0,,,,2026-09-21T14:15:25+03:00
wildberries,678519502,470619230,Guten Morgen,Полотенце кухонное махровое набор 10 шт 30х30,cGFAaYGPTVqQ6hCmKgWz,5,2026-08-06 06:24:54,Понравилось качество,,,"Бежевый, коричневый · 48х70 см",0,1,,,,2026-09-21T14:15:25+03:00
wildberries,678519502,470619230,Guten Morgen,Полотенце кухонное махровое набор 10 шт 30х30,Ith5DpVoG2qJJ0eqpi0r,5,2026-08-05 13:55:45,,,,бежевый,0,0,,,,2026-09-21T14:15:25+03:00
wildberries,678519502,470619230,Guten Morgen,Полотенце кухонное махровое набор 10 шт 30х30,MOmvjKPdssMtaSLc5FD2,4,2026-08-05 08:35:07,,,"После стирки, край стал волнистый.  Ткань мягкая, пользоваться можно. Но вид не очень..",бежевый,0,1,,,,2026-09-21T14:15:25+03:00
wildberries,678519502,470619230,Guten Morgen,Полотенце кухонное махровое набор 10 шт 30х30,uzHwxGRnIT55oi1hojwI,5,2026-08-05 06:01:39,,,,"Бежевый, коричневый · 48х70 см",0,0,,,,2026-09-21T14:15:25+03:00
wildberries,678519502,470619230,Guten Morgen,Полотенце кухонное махровое набор 10 шт 30х30,ocnuHDTfxE9RdVEcWiuQ,5,2026-08-05 03:02:25,"Полотенце в деле еще не испытывали,но на ощупь приятно и размер устраивает 46х70",,,Бежевый · 48х70 см,0,0,,,,2026-09-21T14:15:25+03:00
wildberries,678519502,470619230,Guten Morgen,Полотенце кухонное махровое набор 10 шт 30х30,1cmCZtojJwOKSEc1nUhm,5,2026-08-05 01:34:06,"Отличные полотенца, хорошо впитывают, рекомендую!",,,"Бежевый, коричневый · 48х70 см",0,0,,,,2026-09-21T14:15:25+03:00
wildberries,678519502,470619230,Guten Morgen,Полотенце кухонное махровое набор 10 шт 30х30,BVclQ3R1hJHx8W5gpU3s,5,2026-08-04 09:32:31,,,,серый,0,0,,,,2026-09-21T14:15:25+03:00
wildberries,678519502,470619230,Guten Morgen,Полотенце кухонное махровое набор 10 шт 30х30,B4bpQdGlspziL4MdPxT7,5,2026-08-04 09:25:08,"Хорошие кухонные полотенца,как из СССР.",,,Черный · 48х70 см,0,0,,,,2026-09-21T14:15:25+03:00
wildberries,678519502,470619230,Guten Morgen,Полотенце кухонное махровое набор 10 шт 30х30,Ur6wNYyGM2THjXyVpAhV,5,2026-08-04 08:05:48,,,,бежевый,,0,,,,2026-09-21T14:15:25+03:00
wildberries,678519502,470619230,Guten Morgen,Полотенце кухонное махровое набор 10 шт 30х30,TzACzFMrgMw8w37WcZDf,5,2026-08-04 06:05:34,"Хороший размер, хорошее качество, все понравилось",,,"Бежевый, коричневый · 48х70 см",0,0,,,,2026-09-21T14:15:25+03:00
wildberries,678519502,470619230,Guten Morgen,Полотенце кухонное махровое набор 10 шт 30х30,6zuFRRQpPtaHpppreTVB,5,2026-08-04 03:46:53,,,,"Бежевый, коричневый · 48х70 см",0,0,,,,2026-09-21T14:15:25+03:00
wildberries,678519502,470619230,Guten Morgen,Полотенце кухонное махровое набор 10 шт 30х30,gewRT77xUnCoEAWsK3ip,5,2026-08-04 03:46:47,,,,Бежевый · 48х70 см,0,0,,,,2026-09-21T14:15:25+03:00
wildberries,678519502,470619230,Guten Morgen,Полотенце кухонное махровое набор 10 шт 30х30,1Kn0BFT57XOSJHCDJDft,5,2026-08-04 03:19:12,Как всегда на высоте. Очень хорошие полотенчики,,,"Бежевый, коричневый · 48х70 см",0,0,,,,2026-09-21T14:15:25+03:00
wildberries,678519502,470619230,Guten Morgen,Полотенце кухонное махровое набор 10 шт 30х30,TRMAiQgvCbLWgAEN3DPl,5,2026-08-03 17:44:09,,,,бежевый,,0,,,,2026-09-21T14:15:25+03:00
wildberries,678519502,470619230,Guten Morgen,Полотенце кухонное махровое набор 10 шт 30х30,r42RMR9O3ekzMtExJbYd,5,2026-08-03 14:51:37,"Отличные полетенечки,качество огонь👍 рекомендую",,,"Бежевый, коричневый · 48х70 см",0,0,,,,2026-09-21T14:15:25+03:00
wildberries,678519502,470619230,Guten Morgen,Полотенце кухонное махровое набор 10 шт 30х30,c1gEU3SRLaBlf7IrEUXb,5,2026-08-03 12:34:37,,,,Белый · 30х30 см,0,0,,,,2026-09-21T14:15:25+03:00
wildberries,678519502,470619230,Guten Morgen,Полотенце кухонное махровое набор 10 шт 30х30,0iZ60Fn1SraxhCCNhqe8,5,2026-08-03 09:49:55,,,,"Бежевый, коричневый · 48х70 см",0,0,,,,2026-09-21T14:15:25+03:00
wildberries,678519502,470619230,Guten Morgen,Полотенце кухонное махровое набор 10 шт 30х30,GogtsfbrP6ScSNduUZu1,5,2026-08-02 10:29:00,Качество хорошее,,,"Бежевый, коричневый · 48х70 см",0,0,,,,2026-09-21T14:15:25+03:00
wildberries,678519502,470619230,Guten Morgen,Полотенце кухонное махровое набор 10 шт 30х30,irMiNp6U3QQ4iiiH2caf,4,2026-08-01 16:43:31,,,,"Бежевый, коричневый · 48х70 см",0,0,,,,2026-09-21T14:15:25+03:00
wildberries,678519502,470619230,Guten Morgen,Полотенце кухонное махровое набор 10 шт 30х30,g9NY5kpoMvPPUIVNX5mQ,5,2026-08-01 15:32:50,,,,серый,,0,,,,2026-09-21T14:15:25+03:00
wildberries,678519502,470619230,Guten Morgen,Полотенце кухонное махровое набор 10 шт 30х30,LJ6hMgTwQAgcSVKhsJXC,5,2026-08-01 13:18:04,"Отличные полотенца, только чёрный цвет, как-то непривычно.",,,"Бежевый, серый · 48х70 см",0,0,,,,2026-09-21T14:15:25+03:00
wildberries,678519502,470619230,Guten Morgen,Полотенце кухонное махровое набор 10 шт 30х30,HU7sutm5uHyrxoS2uJH8,5,2026-08-01 07:30:05,Отличного качества полотенчики,,,бежевый,,0,,,,2026-09-21T14:15:25+03:00
wildberries,678519502,470619230,Guten Morgen,Полотенце кухонное махровое набор 10 шт 30х30,JpVH0t8rq9CiWOe9V5Mv,5,2026-07-31 14:17:19,,,,"Бежевый, коричневый · 48х70 см",0,0,,,,2026-09-21T14:15:25+03:00
wildberries,678519502,470619230,Guten Morgen,Полотенце кухонное махровое набор 10 шт 30х30,rVv2WnR8ixv4LIjsULwo,5,2026-07-31 12:17:41,,,,черный,,0,,,,2026-09-21T14:15:25+03:00
wildberries,678519502,470619230,Guten Morgen,Полотенце кухонное махровое набор 10 шт 30х30,oaCXKvyWbKmaKYrWrhfE,5,2026-07-31 10:10:24,,,,белый,0,0,,,,2026-09-21T14:15:25+03:00
wildberries,678519502,470619230,Guten Morgen,Полотенце кухонное махровое набор 10 шт 30х30,Fikrmj2PdJbkln6dbKqX,5,2026-07-30 14:26:33,,,,бежевый,,0,,,,2026-09-21T14:15:25+03:00
wildberries,678519502,470619230,Guten Morgen,Полотенце кухонное махровое набор 10 шт 30х30,z66k2MT8ZbbFSqD41vts,5,2026-07-30 10:01:08,"Универсальные, хорошо впитывают, на ощупь материал приятный. Рекомендую к покупке",,,"Белый, бежевый · 40х60 см",0,1,,,,2026-09-21T14:15:25+03:00
wildberries,678519502,470619230,Guten Morgen,Полотенце кухонное махровое набор 10 шт 30х30,pGc1a9dUrV0UJd3Mowi6,5,2026-07-30 05:51:46,,,,бежевый,,0,,,,2026-09-21T14:15:25+03:00
wildberries,678519502,470619230,Guten Morgen,Полотенце кухонное махровое набор 10 шт 30х30,vUuqAW9kcmr0nTZv7odq,1,2026-07-30 03:21:55,"Тонкие как марля,сразу мокрые.",,,черный,,0,,,,2026-09-21T14:15:25+03:00
wildberries,678519502,470619230,Guten Morgen,Полотенце кухонное махровое набор 10 шт 30х30,iZmOMX8boW9GiV08htpT,5,2026-07-29 18:39:37,"Очень мягкие, легкие, единственное упущение- без петелькой, но не страшно, закрепим, я довольна",,,"Бежевый, коричневый · 48х70 см",0,1,,,,2026-09-21T14:15:25+03:00
wildberries,678519502,470619230,Guten Morgen,Полотенце кухонное махровое набор 10 шт 30х30,KOQwMAaRKdSS30d2mdVi,5,2026-07-29 12:40:20,"Здравствуйте, качество отличное, средней плотности.",,,Белый · 30х30 см,0,2,,,,2026-09-21T14:15:25+03:00
wildberries,678519502,470619230,Guten Morgen,Полотенце кухонное махровое набор 10 шт 30х30,BFFxlpwAho92u2IE1CYp,5,2026-07-28 11:54:35,,,,бежевый,,0,,,,2026-09-21T14:15:25+03:00
wildberries,678519502,470619230,Guten Morgen,Полотенце кухонное махровое набор 10 шт 30х30,pARFPa6iTtdA0CH3ZBms,5,2026-07-28 06:17:23,"Хорошее качество, только производитель другой не GM…",,,серый,,0,,,,2026-09-21T14:15:25+03:00
wildberries,678519502,470619230,Guten Morgen,Полотенце кухонное махровое набор 10 шт 30х30,QJrMtnw1DKNYILLOvcBT,5,2026-07-28 06:17:11,"Хорошее качество, только производитель другой не GM…",,,черный,,0,,,,2026-09-21T14:15:25+03:00
wildberries,678519502,470619230,Guten Morgen,Полотенце кухонное махровое набор 10 шт 30х30,0QrteON4MCICDKw3IFDt,5,2026-07-27 15:38:46,,,,"Бежевый, коричневый · 48х70 см",0,0,,,,2026-09-21T14:15:25+03:00
wildberries,678519502,470619230,Guten Morgen,Полотенце кухонное махровое набор 10 шт 30х30,nOwy1x5wYmUsVwy0we1C,5,2026-07-27 15:21:21,,,,серый,,0,,,,2026-09-21T14:15:25+03:00
wildberries,678519502,470619230,Guten Morgen,Полотенце кухонное махровое набор 10 шт 30х30,ml4iAIGTXf2wsGzvtz6x,5,2026-07-27 10:22:30,"Очень хорошие полотенца,,хб,,👍",,,"Бежевый, коричневый · 48х70 см",0,0,,,,2026-09-21T14:15:25+03:00
wildberries,678519502,470619230,Guten Morgen,Полотенце кухонное махровое набор 10 шт 30х30,APFf0QRRvXga0Hf9tjnS,5,2026-07-27 04:48:33,Отличные. Впитывают хорошо. Строчки ровные.рекомендую.,,,бежевый,,0,,,,2026-09-21T14:15:25+03:00
wildberries,678519502,470619230,Guten Morgen,Полотенце кухонное махровое набор 10 шт 30х30,Adr1fHNVQgPhHActjPzT,5,2026-07-27 04:18:40,Вполне нормальные полотенца.Хорошо впитывают влагу. Пользуюсь и рекомендую.,,,"Бежевый, коричневый · 48х70 см",0,0,,,,2026-09-21T14:15:25+03:00
wildberries,678519502,470619230,Guten Morgen,Полотенце кухонное махровое набор 10 шт 30х30,bYErYR8Hmz9ndVhhUlRy,5,2026-07-26 15:56:10,"Хорошо впитывают влагу, внешний вид, цена офигенная",,,"Бежевый, коричневый · 48х70 см",0,0,,,,2026-09-21T14:15:25+03:00
wildberries,678519502,470619230,Guten Morgen,Полотенце кухонное махровое набор 10 шт 30х30,E6mA9lLpvU0ew09XAGIG,5,2026-07-26 11:46:20,,,,белый,,1,,,,2026-09-21T14:15:25+03:00
wildberries,678519502,470619230,Guten Morgen,Полотенце кухонное махровое набор 10 шт 30х30,KIaHZifgEix0X21k4Hbi,4,2026-07-26 02:20:29,,,,Бежевый · 48х70 см,0,0,,,,2026-09-21T14:15:25+03:00
wildberries,678519502,470619230,Guten Morgen,Полотенце кухонное махровое набор 10 шт 30х30,P0y2HgH0tryFuAnBeGeL,5,2026-07-25 17:44:06,"Классные полотенца, оптимальный размер для лица. Есть петелька",Качество,,белый,,0,,,,2026-09-21T14:15:25+03:00
wildberries,678519502,470619230,Guten Morgen,Полотенце кухонное махровое набор 10 шт 30х30,L47B7QYNIaVQolXrqrzy,5,2026-07-25 09:02:42,,,,"Бежевый, коричневый · 48х70 см",0,0,,,,2026-09-21T14:15:25+03:00
wildberries,678519502,470619230,Guten Morgen,Полотенце кухонное махровое набор 10 шт 30х30,MxHINZ78mZGkTBvWAX2k,4,2026-07-24 21:19:59,"не понравилось что нету крючков чтобы вешать полотенца, а так хорошие",,,бежевый,,0,,,,2026-09-21T14:15:25+03:00
wildberries,678519502,470619230,Guten Morgen,Полотенце кухонное махровое набор 10 шт 30х30,9HpdeUfWjcTCpWjLJPIx,4,2026-07-24 16:19:30,"Ткань и размер норм, но нет вешалки",,,бежевый,,0,,,,2026-09-21T14:15:25+03:00
wildberries,678519502,470619230,Guten Morgen,Полотенце кухонное махровое набор 10 шт 30х30,sdAPk7174oAewEuOeSve,1,2026-07-24 13:53:03,Пришли полотенца другого цвета.,,,"Бежевый, коричневый · 48х70 см",0,1,,,,2026-09-21T14:15:25+03:00
wildberries,678519502,470619230,Guten Morgen,Полотенце кухонное махровое набор 10 шт 30х30,fhpPOUVjTGTLrspU2ebk,3,2026-07-24 11:08:17,,Вообще не впитывают воду,,Черный · 48х70 см,0,0,,,,2026-09-21T14:15:25+03:00
wildberries,678519502,470619230,Guten Morgen,Полотенце кухонное махровое набор 10 шт 30х30,1BtQFrbMMgIlGoYUsJwF,5,2026-07-24 06:11:57,,,,бежевый,,0,,,,2026-09-21T14:15:25+03:00
wildberries,678519502,470619230,Guten Morgen,Полотенце кухонное махровое набор 10 шт 30х30,5G1tqW4XThAGOiVMPAsX,5,2026-07-23 17:43:41,Отличные полотенца и мягкие и в меру плотные.,,,бежевый,,0,,,,2026-09-21T14:15:25+03:00
wildberries,678519502,470619230,Guten Morgen,Полотенце кухонное махровое набор 10 шт 30х30,eOKKljcgCNGny6K2k9iw,5,2026-07-22 12:52:10,"Отличные полотенца, взяла даже два набора! Спасибо продавцу, советую к покупке!",,,бежевый,,0,,,,2026-09-21T14:15:25+03:00
wildberries,678519502,470619230,Guten Morgen,Полотенце кухонное махровое набор 10 шт 30х30,9Ih4xktMOTr3tAtph1oH,5,2026-07-22 10:46:52,Шикарные! ♥️ Спасибо!),,,"Бежевый, коричневый · 48х70 см",0,7,,,,2026-09-21T14:15:25+03:00
wildberries,678519502,470619230,Guten Morgen,Полотенце кухонное махровое набор 10 шт 30х30,i8Gq9dGSEMLrcqjQVjRE,5,2026-07-21 15:48:29,,,,"Бежевый, серый · 48х70 см",0,0,,,,2026-09-21T14:15:25+03:00
wildberries,678519502,470619230,Guten Morgen,Полотенце кухонное махровое набор 10 шт 30х30,D8wyN7h3kdz78NkDlXC3,5,2026-07-21 14:55:26,,"Полотенца хорошие, качественные. Перезаказала другой размер.",,Серый · 48х70 см,0,0,,,,2026-09-21T14:15:25+03:00
wildberries,678519502,470619230,Guten Morgen,Полотенце кухонное махровое набор 10 шт 30х30,1lM763jPBofQ1i9oslcN,5,2026-07-21 13:59:57,,хорошо впитывают влагу,,"Белый, синий · 35х60 см",0,0,,,,2026-09-21T14:15:25+03:00
wildberries,678519502,470619230,Guten Morgen,Полотенце кухонное махровое набор 10 шт 30х30,rpaZa6t3miDDjrxrN1G6,5,2026-07-21 12:57:29,,"Хорошие полотенца, второй раз покую, первые дочь испортила белизной.",,Серый · 48х70 см,0,0,,,,2026-09-21T14:15:25+03:00
wildberries,678519502,470619230,Guten Morgen,Полотенце кухонное махровое набор 10 шт 30х30,vr0DG5u3geZI6XUn5jww,1,2026-07-21 07:22:21,"Длина не 70, 65",,,Бежевый · 48х70 см,0,0,,,,2026-09-21T14:15:25+03:00
wildberries,678519502,470619230,Guten Morgen,Полотенце кухонное махровое набор 10 шт 30х30,tIjrLsvSwtZku3J4u42w,5,2026-07-21 06:11:27,,,,Серый · 48х70 см,0,0,,,,2026-09-21T14:15:25+03:00
wildberries,678519502,470619230,Guten Morgen,Полотенце кухонное махровое набор 10 шт 30х30,FdNRdcUun9bit9Hoa7tV,5,2026-07-20 20:11:05,,Хорошо впитывают,,бежевый,,0,,,,2026-09-21T14:15:25+03:00
wildberries,678519502,470619230,Guten Morgen,Полотенце кухонное махровое набор 10 шт 30х30,AlAzuwKBA3Ngb9hmHpOk,5,2026-07-20 16:21:35,Супер ! 👍,,,Белый · 30х30 см,0,0,,,,2026-09-21T14:15:25+03:00
wildberries,678519502,470619230,Guten Morgen,Полотенце кухонное махровое набор 10 шт 30х30,4hJ6rk25kRD5i9dznqdQ,5,2026-07-20 15:50:52,,,,бежевый,,0,,,,2026-09-21T14:15:25+03:00
wildberries,678519502,470619230,Guten Morgen,Полотенце кухонное махровое набор 10 шт 30х30,i0QwvKKfvC0bDShmb2u2,5,2026-07-20 08:51:25,,,,бежевый,,0,,,,2026-09-21T14:15:25+03:00
wildberries,678519502,470619230,Guten Morgen,Полотенце кухонное махровое набор 10 шт 30х30,yri9JtonlYl0jYKe6bt9,5,2026-07-20 07:39:59,,,,Серый · 48х70 см,0,0,,,,2026-09-21T14:15:25+03:00
wildberries,678519502,470619230,Guten Morgen,Полотенце кухонное махровое набор 10 шт 30х30,6WgejBb7rGpIu4cRk3lE,5,2026-07-20 06:09:19,Хорошие. В меру плотные. Приятные на ощупь.,,,Серый · 48х70 см,0,0,,,,2026-09-21T14:15:25+03:00
wildberries,678519502,470619230,Guten Morgen,Полотенце кухонное махровое набор 10 шт 30х30,2zyMKD7hMjD51lDsz9rp,5,2026-07-19 15:48:14,Второй раз заказываю Супер качество!!!!!,,,черный,,0,,,,2026-09-21T14:15:25+03:00
wildberries,678519502,470619230,Guten Morgen,Полотенце кухонное махровое набор 10 шт 30х30,Qecw5YPVUYeu1F8xIdec,5,2026-07-19 15:17:38,Лего отстирываются,Отличные полотенца и хорошо впитывают,-,бежевый,,0,,,,2026-09-21T14:15:25+03:00
wildberries,678519502,470619230,Guten Morgen,Полотенце кухонное махровое набор 10 шт 30х30,XjOewhxchAJLgxjnhuMs,5,2026-07-19 13:13:07,"Отличные полотенца 👍 Белоснежные, без постороннего запаха, мягкие. Очень понравились, спасибо!",,,белый,,3,,,,2026-09-21T14:15:25+03:00
wildberries,678519502,470619230,Guten Morgen,Полотенце кухонное махровое набор 10 шт 30х30,GJCNvyuESQ9wPpobXXTo,5,2026-07-19 13:13:05,"Хорошее качество, впитывают хорошо. Покупкой довольна. Рекомендую",,,"Бежевый, коричневый · 48х70 см",0,0,,,,2026-09-21T14:15:25+03:00
wildberries,678519502,470619230,Guten Morgen,Полотенце кухонное махровое набор 10 шт 30х30,wXRgeG2oPNREu06tl2YL,5,2026-07-19 11:32:02,"Отлично впитывает, очень довольны. Спасибо, закажу еще",,,Серый · 48х70 см,0,0,,,,2026-09-21T14:15:25+03:00
wildberries,678519502,470619230,Guten Morgen,Полотенце кухонное махровое набор 10 шт 30х30,pC3wJmpSjaWrP9YFwCUu,5,2026-07-19 10:11:12,,,,Бежевый · 48х70 см,0,0,,,,2026-09-21T14:15:25+03:00
wildberries,678519502,470619230,Guten Morgen,Полотенце кухонное махровое набор 10 шт 30х30,8l5s9kxUNp9eIZNwZGFw,5,2026-07-19 09:41:02,"Полотенца супер, к сожалению ошиблась с размером. Сейчас нужны побольше.",,,белый,,0,,,,2026-09-21T14:15:25+03:00
wildberries,678519502,470619230,Guten Morgen,Полотенце кухонное махровое набор 10 шт 30х30,kujKuXDgUBdGzBc3vkH6,5,2026-07-19 08:13:55,,,,"Бежевый, коричневый · 48х70 см",0,0,,,,2026-09-21T14:15:25+03:00
wildberries,678519502,470619230,Guten Morgen,Полотенце кухонное махровое набор 10 шт 30х30,0sCHQLCNnEg6l4uzJJFo,5,2026-07-18 19:00:47,"Большое спасибо продавцу!!! Качество супер, беру 2 й раз для своей невестки. 👍🙏",,,Белый · 30х30 см,0,0,,,,2026-09-21T14:15:25+03:00
wildberries,678519502,470619230,Guten Morgen,Полотенце кухонное махровое набор 10 шт 30х30,LRZuzYzlxrwYRHNFaww3,5,2026-07-18 15:39:16,,,,"Бежевый, коричневый · 48х70 см",0,0,,,,2026-09-21T14:15:25+03:00
wildberries,678519502,470619230,Guten Morgen,Полотенце кухонное махровое набор 10 шт 30х30,yjY9NAaCeu4rn2WrTaDG,5,2026-07-18 13:09:22,"Не маленькие , красивые  , а принт бабочки - красота",,,"Молочный, серый · 45х60 см",0,0,,,,2026-09-21T14:15:25+03:00
wildberries,678519502,470619230,Guten Morgen,Полотенце кухонное махровое набор 10 шт 30х30,TwLKTqvMxIq6vFYDxlwx,5,2026-07-18 10:23:01,,,,Серый · 48х70 см,0,0,,,,2026-09-21T14:15:25+03:00
wildberries,678519502,470619230,Guten Morgen,Полотенце кухонное махровое набор 10 шт 30х30,ikf2RfGR1eCfuHkBVY7s,5,2026-07-18 04:04:55,,,,Бежевый · 48х70 см,0,0,,,,2026-09-21T14:15:25+03:00
wildberries,678519502,470619230,Guten Morgen,Полотенце кухонное махровое набор 10 шт 30х30,bpbmZMDT88PMqvr4w0I3,4,2026-07-17 17:19:15,Очень тонкие,,,Черный · 48х70 см,0,0,,,,2026-09-21T14:15:25+03:00
wildberries,678519502,470619230,Guten Morgen,Полотенце кухонное махровое набор 10 шт 30х30,CuUm8ZTGwDfAsHZkWiiR,5,2026-07-17 17:18:24,,,,"Бежевый, коричневый · 48х70 см",0,0,,,,2026-09-21T14:15:25+03:00
wildberries,678519502,470619230,Guten Morgen,Полотенце кухонное махровое набор 10 шт 30х30,omY6684mN0hk0Z75OX8j,4,2026-07-17 17:11:25,,"Брала раньше,качество ткани было лучше - плотность не соответствует.",,Бежевый · 48х70 см,0,1,,,,2026-09-21T14:15:25+03:00
wildberries,678519502,470619230,Guten Morgen,Полотенце кухонное махровое набор 10 шт 30х30,w0DBl1pq8krRz4wfXJvZ,4,2026-07-17 14:56:45,,,,коричневый,,0,,,,2026-09-21T14:15:25+03:00
wildberries,678519502,470619230,Guten Morgen,Полотенце кухонное махровое набор 10 шт 30х30,F9IbJb2aT8rnhcMZlTCL,5,2026-07-17 09:51:13,"Хорошие полотенца, быстро впитывают воду, Сохнут!",,,"Бежевый, коричневый · 48х70 см",0,0,,,,2026-09-21T14:15:25+03:00
wildberries,678519502,470619230,Guten Morgen,Полотенце кухонное махровое набор 10 шт 30х30,qjs97WhsoyZxaAM6AUcI,5,2026-07-17 07:53:01,"Отличные полотенца,впитывают воду моментально,очень мягкие. Размер оптимальный. Куплю ещё такие",,,Бежевый · 48х70 см,0,0,,,,2026-09-21T14:15:25+03:00
wildberries,678519502,470619230,Guten Morgen,Полотенце кухонное махровое набор 10 шт 30х30,YtbzddM86MKlShxmi0mS,5,2026-07-16 10:17:00,,,,"Белый, синий · 35х60 см",0,0,,,,2026-09-21T14:15:25+03:00
wildberries,678519502,470619230,Guten Morgen,Полотенце кухонное махровое набор 10 шт 30х30,7F1Yn6wIA6Y2fh3CMW9k,5,2026-07-16 06:02:59,,Отличное качество!,,Белый · 30х30 см,0,0,,,,2026-09-21T14:15:25+03:00
wildberries,678519502,470619230,Guten Morgen,Полотенце кухонное махровое набор 10 шт 30х30,i79Dbj6lFn5YTOfXZMfr,5,2026-07-15 13:51:45,,,,серый,0,0,,,,2026-09-21T14:15:25+03:00
wildberries,678519502,470619230,Guten Morgen,Полотенце кухонное махровое набор 10 шт 30х30,FOQSMCNj2fzyyQwUhSN7,5,2026-07-15 13:31:56,,,,"Бежевый, коричневый · 48х70 см",0,0,,,,2026-09-21T14:15:25+03:00
wildberries,678519502,470619230,Guten Morgen,Полотенце кухонное махровое набор 10 шт 30х30,k5laOKYXYgwpaq567TFq,5,2026-07-15 13:31:51,,,,"Бежевый, коричневый · 48х70 см",0,0,,,,2026-09-21T14:15:25+03:00
wildberries,678519502,470619230,Guten Morgen,Полотенце кухонное махровое набор 10 шт 30х30,wmlK6aBMeLcIB4qXkpaJ,4,2026-07-14 18:59:30,"После стирки на 30 градусов, сели. Впитывают воду не очень хорошо",,,Серый · 48х70 см,0,0,,,,2026-09-21T14:15:25+03:00
wildberries,678519502,470619230,Guten Morgen,Полотенце кухонное махровое набор 10 шт 30х30,KlQ1pOVZSU3iz0DYLwBC,5,2026-07-14 13:27:48,,,,серый,,0,,,,2026-09-21T14:15:25+03:00
wildberries,678519502,470619230,Guten Morgen,Полотенце кухонное махровое набор 10 шт 30х30,MpBFXbFuBrsZJDxMO8kF,5,2026-07-14 07:55:51,Полотенца хорошие! Плотные и большие,,,бежевый,,1,,,,2026-09-21T14:15:25+03:00
wildberries,678519502,470619230,Guten Morgen,Полотенце кухонное махровое набор 10 шт 30х30,IiLQIz5bHP2fx5XGVXxs,5,2026-07-14 06:43:14,"Очень понравились полотенца, качество хорошее, впитывают отлично. Буду брать ещё",,,серый,,0,,,,2026-09-21T14:15:25+03:00
wildberries,678519502,470619230,Guten Morgen,Полотенце кухонное махровое набор 10 шт 30х30,qUSfRWdV3vR7zsUCD4ID,5,2026-07-14 01:53:10,"Качество супер, рекомендую девочки, на кухню очень отличные! Спасибо большое",,,Бежевый · 48х70 см,0,0,,,,2026-09-21T14:15:25+03:00
wildberries,678519502,470619230,Guten Morgen,Полотенце кухонное махровое набор 10 шт 30х30,np4GfjOIX23YPQwcfgE2,5,2026-07-13 13:58:19,Хорошие👍,,,бежевый,,0,,,,2026-09-21T14:15:25+03:00
wildberries,678519502,470619230,Guten Morgen,Полотенце кухонное махровое набор 10 шт 30х30,RdQ1PthXLgELvuYdvNNv,3,2026-07-13 12:23:40,,Ровные швы,Плохо впитывают воду. На 6 из 10,бежевый,,0,,,,2026-09-21T14:15:25+03:00
wildberries,678519502,470619230,Guten Morgen,Полотенце кухонное махровое набор 10 шт 30х30,ZQeLNCJt0W3uyTBTiHyU,5,2026-07-12 18:56:55,"Хорошая база, село отлично 💚",,,бежевый,,0,,,,2026-09-21T14:15:25+03:00
wildberries,678519502,470619230,Guten Morgen,Полотенце кухонное махровое набор 10 шт 30х30,l4gF7KS3tv5MWcoR68bv,1,2026-07-12 17:48:48,,,,"Бежевый, коричневый · 48х70 см",0,0,,,,2026-09-21T14:15:25+03:00
wildberries,678519502,470619230,Guten Morgen,Полотенце кухонное махровое набор 10 шт 30х30,Y2JsoMsqXL1lxbL34x1P,5,2026-07-12 17:30:39,,"Отличное качество. Получила именно то , что нужно. Спасибо👍",,Черный · 48х70 см,0,0,,,,2026-09-21T14:15:25+03:00
wildberries,678519502,470619230,Guten Morgen,Полотенце кухонное махровое набор 10 шт 30х30,25E4BxQNDouY9D9CKb2d,5,2026-07-12 15:23:22,,,,Белый · 30х30 см,0,0,,,,2026-09-21T14:15:25+03:00
wildberries,678519502,470619230,Guten Morgen,Полотенце кухонное махровое набор 10 шт 30х30,L3qH3XltH8EbQVNGnqw9,5,2026-07-12 10:58:16,"Очень хорошие!!! Всё на 5 и качество и размер. Беру не в первый раз,рекомендовала всем подругам! Спасибо производителю и ВБ",,,Бежевый · 48х70 см,0,0,,,,2026-09-21T14:15:25+03:00
wildberries,678519502,470619230,Guten Morgen,Полотенце кухонное махровое набор 10 шт 30х30,8zIWW7EGlNzOy92rSyES,5,2026-07-12 08:27:22,Отличное качество!,,,белый,,0,,,,2026-09-21T14:15:25+03:00
wildberries,678519502,470619230,Guten Morgen,Полотенце кухонное махровое набор 10 шт 30х30,xtm4RTfAnwKpyWOja1vG,3,2026-07-11 17:41:15,,,"Не впитывает влагу.Внешний вид приятный,хорошо стирается.","Белый, бежевый · 40х60 см",0,0,,,,2026-09-21T14:15:25+03:00
wildberries,678519502,470619230,Guten Morgen,Полотенце кухонное махровое набор 10 шт 30х30,1uY5lkouCHl7G4OJytbN,5,2026-07-11 15:57:10,,,,"Бежевый, коричневый · 48х70 см",0,0,,,,2026-09-21T14:15:25+03:00
wildberries,678519502,470619230,Guten Morgen,Полотенце кухонное махровое набор 10 шт 30х30,tbE20YAOw7SOPpBXFWvl,5,2026-07-11 08:10:34,"Отличные полотенца. Хорошийг размер, плотные",,,Черный · 48х70 см,0,0,,,,2026-09-21T14:15:25+03:00
wildberries,678519502,470619230,Guten Morgen,Полотенце кухонное махровое набор 10 шт 30х30,CdEwkMc3HSincDPxAFwr,5,2026-07-11 05:39:35,"Качество отличное, спасибо, понравились!",,,Бежевый · 48х70 см,0,0,,,,2026-09-21T14:15:25+03:00
wildberries,678519502,470619230,Guten Morgen,Полотенце кухонное махровое набор 10 шт 30х30,f3fGPW3ruGXNBy1oHe2A,5,2026-07-10 14:14:57,,,,"Бежевый, коричневый · 48х70 см",0,0,,,,2026-09-21T14:15:25+03:00
wildberries,678519502,470619230,Guten Morgen,Полотенце кухонное махровое набор 10 шт 30х30,ctPLZlTugGgJymyOFbJl,5,2026-07-10 11:27:17,,,,Белый · 30х30 см,0,0,,,,2026-09-21T14:15:25+03:00
wildberries,678519502,470619230,Guten Morgen,Полотенце кухонное махровое набор 10 шт 30х30,CaxHkzgx4qIx8YPpjLO0,5,2026-07-09 18:10:08,,,,бежевый,,0,,,,2026-09-21T14:15:25+03:00
wildberries,678519502,470619230,Guten Morgen,Полотенце кухонное махровое набор 10 шт 30х30,3iVw2qsTmKPUCo4Fg0El,1,2026-07-09 12:01:00,,,Недокомплект пришел(,бежевый,,0,,,,2026-09-21T14:15:25+03:00
wildberries,212124157,114913078,Modjimoda,Набор махровых кухонных полотенец 30х30. В комплекте 10 штук,LgPqO6Qtq7S0bFm8bDSH,5,2026-09-21 10:20:52,"Отличные полотенчики , второй раз покупаю. И черный цвет нравится, не маркий для салфеток.",,,Черный · 30х30 см,0,0,,,,2026-09-21T14:15:25+03:00
wildberries,212124157,114913078,Modjimoda,Набор махровых кухонных полотенец 30х30. В комплекте 10 штук,F1GzVU1M3tJgLUQ4b2PC,1,2026-09-21 10:11:26,"Не рекомендую. После стирки, расползлись в разные стороны, очень плохо впитывают, выглядят как тряпки. Подойдут только если сто-то закрывать.",,,черный,,0,,,,2026-09-21T14:15:25+03:00
wildberries,212124157,114913078,Modjimoda,Набор махровых кухонных полотенец 30х30. В комплекте 10 штук,JSGmdugcR4kBmfRgLMZC,5,2026-09-21 09:52:42,,,,Черный · 30х30 см,0,0,,,,2026-09-21T14:15:25+03:00
wildberries,212124157,114913078,Modjimoda,Набор махровых кухонных полотенец 30х30. В комплекте 10 штук,crEHNJJ9qjeArzDGOkOg,3,2026-09-21 08:51:16,,,,серый,,0,,,,2026-09-21T14:15:25+03:00
wildberries,212124157,114913078,Modjimoda,Набор махровых кухонных полотенец 30х30. В комплекте 10 штук,oPVaSKdaH8HRCN84DemT,4,2026-09-21 07:34:11,"После стирки потеряли форму, впитывают хорошо",,,"Серый, графит, черный · 45х70 см",0,0,,,,2026-09-21T14:15:25+03:00
wildberries,212124157,114913078,Modjimoda,Набор махровых кухонных полотенец 30х30. В комплекте 10 штук,mEU1oxpi9dE8LPQs3phi,3,2026-09-08 06:10:55,,,,"Серый, графит, черный · 45х70 см",0,0,,,,2026-09-21T14:15:25+03:00
wildberries,212124157,114913078,Modjimoda,Набор махровых кухонных полотенец 30х30. В комплекте 10 штук,Pl29CCm7zBbFlpP9XbeK,5,2026-09-21 04:29:30,,,,Черный · 30х30 см,0,0,,,,2026-09-21T14:15:25+03:00
wildberries,212124157,114913078,Modjimoda,Набор махровых кухонных полотенец 30х30. В комплекте 10 штук,vh9ANosNyAUNKs9Ortoy,5,2026-09-20 20:09:32,"Ок, спасибо",,,"Серый, графит, черный · 45х70 см",0,0,,,,2026-09-21T14:15:25+03:00
wildberries,212124157,114913078,Modjimoda,Набор махровых кухонных полотенец 30х30. В комплекте 10 штук,g43TG52lZBuBrW1CrfID,5,2026-09-20 19:11:14,,Хорошие полотенца,,Черный · 30х30 см,0,0,,,,2026-09-21T14:15:25+03:00
wildberries,212124157,114913078,Modjimoda,Набор махровых кухонных полотенец 30х30. В комплекте 10 штук,mbovFxpzIxzEictPb21D,2,2026-09-20 18:43:59,,,,"Серый, графит, черный · 45х70 см",0,0,,,,2026-09-21T14:15:25+03:00
wildberries,212124157,114913078,Modjimoda,Набор махровых кухонных полотенец 30х30. В комплекте 10 штук,Kx4WdFb5VkhVAD86iQZM,2,2026-09-20 18:43:51,,,,"Серый, графит, черный · 45х70 см",0,0,,,,2026-09-21T14:15:25+03:00
wildberries,212124157,114913078,Modjimoda,Набор махровых кухонных полотенец 30х30. В комплекте 10 штук,wYmNI7ntT2ui87ccHsii,2,2026-09-20 18:43:22,Плотность не соответствует описанию.,,,"Серый, графит, черный · 45х70 см",0,0,,,,2026-09-21T14:15:25+03:00
wildberries,212124157,114913078,Modjimoda,Набор махровых кухонных полотенец 30х30. В комплекте 10 штук,YXL1wxuNTUVVxbrMrgWi,5,2026-09-20 11:28:42,"Хорошо выручают, когда в гостях дети. Спасают от пятен на одежде.",,,Черный · 30х30 см,0,0,,,,2026-09-21T14:15:25+03:00
wildberries,212124157,114913078,Modjimoda,Набор махровых кухонных полотенец 30х30. В комплекте 10 штук,q21Fk3VyX8HNkTu4ru5e,5,2026-09-20 09:18:33,"Беру такие полотенца второй раз . Чтобы были на запас. Качество на высоте, сшиты аккуратно. Впитываемость хорошая. Рекомендую",,,"Серый, графит, черный · 45х70 см",0,0,,,,2026-09-21T14:15:25+03:00
wildberries,212124157,114913078,Modjimoda,Набор махровых кухонных полотенец 30х30. В комплекте 10 штук,r0rIsATrUyZpThYNjHiR,5,2026-09-20 09:03:19,,,,серый,,0,,,,2026-09-21T14:15:25+03:00
wildberries,212124157,114913078,Modjimoda,Набор махровых кухонных полотенец 30х30. В комплекте 10 штук,OMiN3OKVIl0ynZJHM7ia,3,2026-09-20 07:40:52,"Это скорее не полотенца, а салфетки для рук, жесткие и рыхлые",,,черный,,0,,,,2026-09-21T14:15:25+03:00
wildberries,212124157,114913078,Modjimoda,Набор махровых кухонных полотенец 30х30. В комплекте 10 штук,LjEwbR1yRQBsExdiAOYg,5,2026-09-20 07:06:11,Спасибо.Как хорошо что я купила.,,,Белый · 30х30 см,0,0,,,,2026-09-21T14:15:25+03:00
wildberries,212124157,114913078,Modjimoda,Набор махровых кухонных полотенец 30х30. В комплекте 10 штук,1iNTOhBX3q49ny1Bmgz1,5,2026-09-20 03:44:35,,,,"Темно-бежевый, серо-бежевый, графит · 45х70 см",0,0,,,,2026-09-21T14:15:25+03:00
wildberries,212124157,114913078,Modjimoda,Набор махровых кухонных полотенец 30х30. В комплекте 10 штук,Fmf6OBZDjmDCIrX4CK8r,5,2026-09-20 03:29:52,,,,Черный · 45х70 см,0,0,,,,2026-09-21T14:15:25+03:00
wildberries,212124157,114913078,Modjimoda,Набор махровых кухонных полотенец 30х30. В комплекте 10 штук,rcmCOS9yhrRHcDZQNMpv,5,2026-09-19 20:44:29,"Полотенца хорошо впитывают, отличная цена",,,серый,,0,,,,2026-09-21T14:15:25+03:00
wildberries,212124157,114913078,Modjimoda,Набор махровых кухонных полотенец 30х30. В комплекте 10 штук,ScQXqP0UUCRc0yMIIkeb,5,2026-09-19 18:57:04,,,,черный,,0,,,,2026-09-21T14:15:25+03:00
wildberries,212124157,114913078,Modjimoda,Набор махровых кухонных полотенец 30х30. В комплекте 10 штук,yw0fXFBz0xdtjll5cxPV,5,2026-09-19 17:03:40,Получила заказ в полном объеме! Качество полотенчиков отличное! Спасибо производителям и спасибо за приятную цену! Рекомендую!👍❤,,,Черный · 45х70 см,0,0,,,,2026-09-21T14:15:25+03:00
wildberries,212124157,114913078,Modjimoda,Набор махровых кухонных полотенец 30х30. В комплекте 10 штук,dSgS1wlZl5dxvnHRHNbv,5,2026-09-19 17:01:33,Спасибо! Отличное качество пошива! Получила заказ в полном объеме! Спасибо за приятную цену! Рекомендую!👍❤,,,"Серый, графит, черный · 45х70 см",0,0,,,,2026-09-21T14:15:25+03:00
wildberries,212124157,114913078,Modjimoda,Набор махровых кухонных полотенец 30х30. В комплекте 10 штук,qBbB8nYj3dUA8B1yKqOZ,3,2026-09-19 16:03:44,Плохо впитывают,,,серый,,0,,,,2026-09-21T14:15:25+03:00
wildberries,212124157,114913078,Modjimoda,Набор махровых кухонных полотенец 30х30. В комплекте 10 штук,EfpcfD7zAnNJXKtgdr1A,5,2026-09-19 14:42:15,,,,серый,,0,,,,2026-09-21T14:15:25+03:00
wildberries,212124157,114913078,Modjimoda,Набор махровых кухонных полотенец 30х30. В комплекте 10 штук,CyOqR4MypCdIB2K1HHin,4,2026-09-19 12:42:00,"Заказала 2 комплекта, но 1 вернула. Цвет не такой красивый как в карточке, а какой то грязно- коричневый.  Но воду впитывает полотенце хорошо,  стирается легко.",,,"Кофе, коричневый · 35х60 см",0,0,,,,2026-09-21T14:15:25+03:00
wildberries,212124157,114913078,Modjimoda,Набор махровых кухонных полотенец 30х30. В комплекте 10 штук,g4kX1yPIYMoqsynToWAa,5,2026-09-19 11:26:03,,,,Белый · 30х30 см,0,0,,,,2026-09-21T14:15:25+03:00
wildberries,212124157,114913078,Modjimoda,Набор махровых кухонных полотенец 30х30. В комплекте 10 штук,NRyGh0ujWHle5u7B2VOV,5,2026-09-19 11:05:05,,,,серый,,0,,,,2026-09-21T14:15:25+03:00
wildberries,212124157,114913078,Modjimoda,Набор махровых кухонных полотенец 30х30. В комплекте 10 штук,yN9SY90oFRPLxU24IKOv,3,2026-09-19 09:41:24,Очень толстая обработка краёв,,,черный,,0,,,,2026-09-21T14:15:25+03:00
wildberries,212124157,114913078,Modjimoda,Набор махровых кухонных полотенец 30х30. В комплекте 10 штук,lrtP3ow7n09WJqJqH3Ff,4,2026-09-19 09:39:13,На 4,,,"Темно-бежевый, серо-бежевый, графит · 45х70 см",0,0,,,,2026-09-21T14:15:25+03:00
wildberries,212124157,114913078,Modjimoda,Набор махровых кухонных полотенец 30х30. В комплекте 10 штук,vLfxdHyWPPsSUaqTv3uW,2,2026-09-19 08:58:35,"Заказывала зеленые, они хорошо впитывают влагу, решила попробовать черные. У них качество ткани хуже, ткань тонкая, просвечивает. Влагу впитывает плохо.",,,черный,,0,,,,2026-09-21T14:15:25+03:00
wildberries,212124157,114913078,Modjimoda,Набор махровых кухонных полотенец 30х30. В комплекте 10 штук,GpPTeKYMSdwRFXPYdgYL,5,2026-09-19 04:26:02,"Мягкие, красивые, хорошо впитывают влагу",,,"Серый, графит, черный · 45х70 см",0,0,,,,2026-09-21T14:15:25+03:00
wildberries,212124157,114913078,Modjimoda,Набор махровых кухонных полотенец 30х30. В комплекте 10 штук,ihkvW7n5Z8fPepFMWtw1,5,2026-09-18 19:34:18,,,,Черный · 30х30 см,0,0,,,,2026-09-21T14:15:25+03:00
wildberries,212124157,114913078,Modjimoda,Набор махровых кухонных полотенец 30х30. В комплекте 10 штук,oPZ0hSs5NwXe5iYJmgv8,1,2026-09-18 17:45:23,,,,черный,,0,,,,2026-09-21T14:15:25+03:00
wildberries,212124157,114913078,Modjimoda,Набор махровых кухонных полотенец 30х30. В комплекте 10 штук,lKjU6hNN9JIgu3VO8fv0,5,2026-09-18 17:10:56,,,,черный,0,0,,,,2026-09-21T14:15:25+03:00
wildberries,212124157,114913078,Modjimoda,Набор махровых кухонных полотенец 30х30. В комплекте 10 штук,NLOD30eLxvi8VJGteVEU,5,2026-09-18 15:32:36,"Мягкие, хорошие, качество высокое, но эти с прошлого года. Новые в этом году брала здесь же, не то совсем",,,Черный · 30х30 см,0,0,,,,2026-09-21T14:15:25+03:00
wildberries,212124157,114913078,Modjimoda,Набор махровых кухонных полотенец 30х30. В комплекте 10 штук,6UoivJFExMkHPQsWlvWK,5,2026-09-18 14:24:40,"Качество хорошее,прострочены,хорошо упакованы,не линяют,не садятся.",,,черный,,0,,,,2026-09-21T14:15:25+03:00
wildberries,212124157,114913078,Modjimoda,Набор махровых кухонных полотенец 30х30. В комплекте 10 штук,HG2meMWtQkI6ZtKwCnMI,1,2026-09-18 13:36:35,,,,белый,,0,,,,2026-09-21T14:15:25+03:00
wildberries,212124157,114913078,Modjimoda,Набор махровых кухонных полотенец 30х30. В комплекте 10 штук,181ZU4kY81HZE7dEORTk,1,2026-09-18 12:48:13,"Фигня, оставляет ворсинки при малейшем контакте с чем угодно (любая поверхность, руки и тело и тп). Растянулось после первой же предварительной стирке … выкинула сразу же. Не выполняет функции свои вообще",,,черный,,0,,,,2026-09-21T14:15:25+03:00
wildberries,212124157,114913078,Modjimoda,Набор махровых кухонных полотенец 30х30. В комплекте 10 штук,Xcclx7jQZlOXbe5MTy6E,5,2026-09-18 11:45:02,,,,Черный · 30х30 см,0,0,,,,2026-09-21T14:15:25+03:00
wildberries,212124157,114913078,Modjimoda,Набор махровых кухонных полотенец 30х30. В комплекте 10 штук,aASH9J07av4K29iqKfcL,1,2026-09-18 10:14:30,,,,белый,,0,,,,2026-09-21T14:15:25+03:00
wildberries,212124157,114913078,Modjimoda,Набор махровых кухонных полотенец 30х30. В комплекте 10 штук,wfV8UTVYRDbq6y4t8PIt,5,2026-09-18 08:46:38,,,,черный,,0,,,,2026-09-21T14:15:25+03:00
wildberries,212124157,114913078,Modjimoda,Набор махровых кухонных полотенец 30х30. В комплекте 10 штук,zZtmNS3oSrshNPo33Im1,5,2026-09-18 08:46:24,,,,черный,,0,,,,2026-09-21T14:15:25+03:00
wildberries,212124157,114913078,Modjimoda,Набор махровых кухонных полотенец 30х30. В комплекте 10 штук,R5cIzGE5LihPRKICObdi,4,2026-09-18 08:16:39,,,,"Серый, графит, черный · 45х70 см",0,0,,,,2026-09-21T14:15:25+03:00
wildberries,212124157,114913078,Modjimoda,Набор махровых кухонных полотенец 30х30. В комплекте 10 штук,fpnHylKlhYUFaEyXfrND,4,2026-09-18 08:16:33,,,,"Серый, графит, черный · 45х70 см",0,0,,,,2026-09-21T14:15:25+03:00
wildberries,212124157,114913078,Modjimoda,Набор махровых кухонных полотенец 30х30. В комплекте 10 штук,fSvIxEbzy78c0GkG5b8a,3,2026-09-18 07:47:59,,,,черный,,0,,,,2026-09-21T14:15:25+03:00
wildberries,212124157,114913078,Modjimoda,Набор махровых кухонных полотенец 30х30. В комплекте 10 штук,dLqtr48JvTfoPF3gRNaJ,5,2026-09-18 07:02:39,,"Хорошего качества, хорошо впитывают, выглядят.",Сели после стирки 40 гр,Черный · 45х70 см,0,0,,,,2026-09-21T14:15:25+03:00
wildberries,212124157,114913078,Modjimoda,Набор махровых кухонных полотенец 30х30. В комплекте 10 штук,LVReEPpWY70wucFYgasW,2,2026-09-18 05:50:13,"Слишком рыхлые , затяжки прям от каждого движения полотенцем , пожалела что выкупила",,,серый,,1,,,,2026-09-21T14:15:25+03:00
wildberries,212124157,114913078,Modjimoda,Набор махровых кухонных полотенец 30х30. В комплекте 10 штук,XTiWDsrLqXioZ6aggp2T,3,2026-09-18 04:04:19,"После стирки ткань деформируется, форма теряется.",,,"Серый, графит, черный · 45х70 см",0,1,,,,2026-09-21T14:15:25+03:00
wildberries,212124157,114913078,Modjimoda,Набор махровых кухонных полотенец 30х30. В комплекте 10 штук,qzyd5TcHD7PLFS37em02,5,2026-09-17 19:54:18,,,,белый,0,0,,,,2026-09-21T14:15:25+03:00
wildberries,212124157,114913078,Modjimoda,Набор махровых кухонных полотенец 30х30. В комплекте 10 штук,b20xjqTGDwxjBsCU5KRF,1,2026-09-17 19:45:34,После первой же стирки ...теряет форму,,,"Серый, графит, черный · 45х70 см",0,2,,,,2026-09-21T14:15:25+03:00
wildberries,212124157,114913078,Modjimoda,Набор махровых кухонных полотенец 30х30. В комплекте 10 штук,m1ru24yNKeT5HRt54oYq,5,2026-09-17 15:06:35,,Для кухни отличные салфетки.,,Черный · 30х30 см,0,0,,,,2026-09-21T14:15:25+03:00
wildberries,212124157,114913078,Modjimoda,Набор махровых кухонных полотенец 30х30. В комплекте 10 штук,XKFrOwA3pKZWvh5RqA1I,5,2026-09-17 14:47:54,"Всё в порядке, то, что хотела  Описанию соответствует",,,Белый · 30х30 см,0,0,,,,2026-09-21T14:15:25+03:00
wildberries,212124157,114913078,Modjimoda,Набор махровых кухонных полотенец 30х30. В комплекте 10 штук,TBmdQdOof0CsFgoJBY6M,5,2026-09-17 14:21:29,За свою цену хорошие полотенца,,,серый,,0,,,,2026-09-21T14:15:25+03:00
wildberries,212124157,114913078,Modjimoda,Набор махровых кухонных полотенец 30х30. В комплекте 10 штук,kbyaIMncdfXuqsFQHsYJ,5,2026-09-17 13:39:22,Класс,,,"Серый, графит, черный · 45х70 см",0,0,,,,2026-09-21T14:15:25+03:00
wildberries,212124157,114913078,Modjimoda,Набор махровых кухонных полотенец 30х30. В комплекте 10 штук,OxrTcnAJPPTabfdUc9tP,5,2026-09-17 13:20:39,,,,Белый · 30х30 см,0,0,,,,2026-09-21T14:15:25+03:00
wildberries,212124157,114913078,Modjimoda,Набор махровых кухонных полотенец 30х30. В комплекте 10 штук,ZJIwnMg7lHobxnBlE74c,5,2026-09-17 12:42:52,Хорошие,,,Белый · 30х30 см,0,0,,,,2026-09-21T14:15:25+03:00
wildberries,212124157,114913078,Modjimoda,Набор махровых кухонных полотенец 30х30. В комплекте 10 штук,y6Z5B6YyrgLUJDAtD1SE,5,2026-09-17 12:21:24,Афигенные. 👍👍 все впитывают. 👍 буду еще брать. Рекомендую 👍👍,,,Белый · 30х30 см,0,0,,,,2026-09-21T14:15:25+03:00
wildberries,212124157,114913078,Modjimoda,Набор махровых кухонных полотенец 30х30. В комплекте 10 штук,iq3VsKcOurtoGPmp3CfV,3,2026-09-17 11:03:15,,,,"Темно-бежевый, серо-бежевый, графит · 45х70 см",0,0,,,,2026-09-21T14:15:25+03:00
wildberries,212124157,114913078,Modjimoda,Набор махровых кухонных полотенец 30х30. В комплекте 10 штук,e4aI4hbvCFvQYJD0KYhQ,5,2026-09-17 10:29:47,"Все отлично, ткань плотная, не просвечивает, нитки не то рчат.",,,Белый · 30х30 см,0,0,,,,2026-09-21T14:15:25+03:00
wildberries,212124157,114913078,Modjimoda,Набор махровых кухонных полотенец 30х30. В комплекте 10 штук,2wIOZ6yaAl2gJt251FP8,5,2026-09-17 10:09:06,,,,Черный · 30х30 см,0,0,,,,2026-09-21T14:15:25+03:00
wildberries,212124157,114913078,Modjimoda,Набор махровых кухонных полотенец 30х30. В комплекте 10 штук,1Z7ZyGvkRZD4IkkkzeSE,5,2026-09-17 10:03:15,,,,серый,,0,,,,2026-09-21T14:15:25+03:00
wildberries,212124157,114913078,Modjimoda,Набор махровых кухонных полотенец 30х30. В комплекте 10 штук,YnyekXtjQXAx9nBcaABk,5,2026-09-17 09:02:43,,,,серый,0,0,,,,2026-09-21T14:15:25+03:00
wildberries,212124157,114913078,Modjimoda,Набор махровых кухонных полотенец 30х30. В комплекте 10 штук,K89ohizgaoVNnJ5ElOxN,5,2026-09-17 08:46:22,,,,черный,0,0,,,,2026-09-21T14:15:25+03:00
wildberries,212124157,114913078,Modjimoda,Набор махровых кухонных полотенец 30х30. В комплекте 10 штук,p5SM7O1Mwfc66VfNw7bj,5,2026-09-17 07:57:37,Стирать только при температуре 30а то цвета  теряет пятнами,,,"Темно-бежевый, серо-бежевый, графит · 45х70 см",0,0,,,,2026-09-21T14:15:25+03:00
wildberries,212124157,114913078,Modjimoda,Набор махровых кухонных полотенец 30х30. В комплекте 10 штук,60xhxoujlv4FCqXcgiRS,1,2026-09-17 07:54:33,"Купила, кинула в стирку, вытащила растянутую тряпку",,,Черный · 45х70 см,0,0,,,,2026-09-21T14:15:25+03:00
wildberries,212124157,114913078,Modjimoda,Набор махровых кухонных полотенец 30х30. В комплекте 10 штук,rF3JOZ7lRNtqrMEwJxK3,5,2026-09-17 07:01:00,,,,"Серый, графит, черный · 45х70 см",0,0,,,,2026-09-21T14:15:25+03:00
wildberries,212124157,114913078,Modjimoda,Набор махровых кухонных полотенец 30х30. В комплекте 10 штук,dnmwKvfW2JbKY9YqfNdw,5,2026-09-17 06:29:20,,,,серый,,0,,,,2026-09-21T14:15:25+03:00
wildberries,212124157,114913078,Modjimoda,Набор махровых кухонных полотенец 30х30. В комплекте 10 штук,Rn5fIsBLgpYQT5Xwb3qm,5,2026-09-17 04:46:35,,,,серый,,0,,,,2026-09-21T14:15:25+03:00
wildberries,212124157,114913078,Modjimoda,Набор махровых кухонных полотенец 30х30. В комплекте 10 штук,Q3L6EmgO2JRZ00TJzH74,5,2026-09-17 04:40:37,,,,черный,,0,,,,2026-09-21T14:15:25+03:00
wildberries,212124157,114913078,Modjimoda,Набор махровых кухонных полотенец 30х30. В комплекте 10 штук,98VRdVlaFaO77YV1HUSc,5,2026-09-17 04:40:34,,,,серый,,0,,,,2026-09-21T14:15:25+03:00
wildberries,212124157,114913078,Modjimoda,Набор махровых кухонных полотенец 30х30. В комплекте 10 штук,jlSRz7c2XWkFYXTnXHWY,5,2026-09-16 20:04:57,,,,"Серый, графит, черный · 45х70 см",0,0,,,,2026-09-21T14:15:25+03:00
wildberries,212124157,114913078,Modjimoda,Набор махровых кухонных полотенец 30х30. В комплекте 10 штук,jXr3FQCl4SBa0y797Mpb,1,2026-09-16 19:55:01,"Салфетки вообще не впитывают влагу, плохое качество изделия. После протирки столешницы, она так и осталась мокрой. Такое впечатление, что салфетки не из хлопка.",,,черный,,0,,,,2026-09-21T14:15:25+03:00
wildberries,212124157,114913078,Modjimoda,Набор махровых кухонных полотенец 30х30. В комплекте 10 штук,B1EbSRx1iWQrQajZ21Hn,5,2026-09-16 19:19:55,"Хорошие, недорогие салфетки на кухню. Ткань не плотная, но для кухни пойдет, цвет насыщенный черный, самое то!",,,Черный · 30х30 см,0,0,,,,2026-09-21T14:15:25+03:00
wildberries,212124157,114913078,Modjimoda,Набор махровых кухонных полотенец 30х30. В комплекте 10 штук,nNNo45qjtUyaslmyT3S0,5,2026-09-16 19:10:13,,,,Черный · 30х30 см,0,0,,,,2026-09-21T14:15:25+03:00
wildberries,212124157,114913078,Modjimoda,Набор махровых кухонных полотенец 30х30. В комплекте 10 штук,nx6vORB97Ctc8GHAU87d,5,2026-09-16 18:07:55,,,,Белый · 30х30 см,0,0,,,,2026-09-21T14:15:25+03:00
wildberries,212124157,114913078,Modjimoda,Набор махровых кухонных полотенец 30х30. В комплекте 10 штук,KWqdOrPHwLi8PnB14bB2,5,2026-09-16 17:36:02,Салфетки хлопок махровые нужная вещь.,,,черный,,0,,,,2026-09-21T14:15:25+03:00
wildberries,212124157,114913078,Modjimoda,Набор махровых кухонных полотенец 30х30. В комплекте 10 штук,sWJxLXHtLNk3uGzh4HOj,5,2026-09-16 17:35:31,Салфетки хлопок. Нужная вещь дома,,,белый,,0,,,,2026-09-21T14:15:25+03:00
wildberries,212124157,114913078,Modjimoda,Набор махровых кухонных полотенец 30х30. В комплекте 10 штук,BTqXukbB3VgYx16eA0b4,5,2026-09-16 16:49:49,"ЛЕГКИЕ,МЯГКИЕ-ХОРОШИЕ ДЛЯ ТАКОЙ ЦЕНЫ!Размер хорош!Спасибо!Советуем!Я выбирала для кухни.(Серый,черный,иногда беру бордовый,темно-синий).🤩",,,"Серый, графит, черный · 45х70 см",0,2,,,,2026-09-21T14:15:25+03:00
wildberries,212124157,114913078,Modjimoda,Набор махровых кухонных полотенец 30х30. В комплекте 10 штук,297ucc6I9dyJBNw92e5f,5,2026-09-16 15:32:12,,,,коричневый,,0,,,,2026-09-21T14:15:25+03:00
wildberries,212124157,114913078,Modjimoda,Набор махровых кухонных полотенец 30х30. В комплекте 10 штук,0pRDPeuEb4qvDPv8eaXY,2,2026-09-16 15:07:12,,,"Плохо впитывают влагу, садятся плсле стирки",Черный · 45х70 см,0,0,,,,2026-09-21T14:15:25+03:00
wildberries,212124157,114913078,Modjimoda,Набор махровых кухонных полотенец 30х30. В комплекте 10 штук,TNGmc40vZRIi0L2bKRNt,5,2026-09-16 14:48:31,,,,Черный · 30х30 см,0,0,,,,2026-09-21T14:15:25+03:00
wildberries,212124157,114913078,Modjimoda,Набор махровых кухонных полотенец 30х30. В комплекте 10 штук,4COArIAjrLEjcoJQYroQ,5,2026-09-16 14:07:38,Соответствует.,,,"Темно-бежевый, серо-бежевый, графит · 45х70 см",0,0,,,,2026-09-21T14:15:25+03:00
wildberries,212124157,114913078,Modjimoda,Набор махровых кухонных полотенец 30х30. В комплекте 10 штук,Vwi5mg03kgsGluaBt2i7,5,2026-09-16 13:48:27,,,,Черный · 45х70 см,0,0,,,,2026-09-21T14:15:25+03:00
wildberries,212124157,114913078,Modjimoda,Набор махровых кухонных полотенец 30х30. В комплекте 10 штук,y9inP42mjgHaC29CHPxj,5,2026-09-16 10:09:24,,,,Белый · 30х30 см,0,0,,,,2026-09-21T14:15:25+03:00
wildberries,212124157,114913078,Modjimoda,Набор махровых кухонных полотенец 30х30. В комплекте 10 штук,TrQe7cEqWVhrXiH9OWjK,5,2026-09-16 09:49:51,"Приятное качество. Но либо дают усадку после стирки, либо размер меньше заявленного. До стирки не измерила. Но на бирке написано +-5см,так что претензий нет)",,,"Серый, графит, черный · 45х70 см",0,0,,,,2026-09-21T14:15:25+03:00
wildberries,212124157,114913078,Modjimoda,Набор махровых кухонных полотенец 30х30. В комплекте 10 штук,y35QShYsxh8ZJ1pOOgis,5,2026-09-16 09:38:24,,,,Черный · 30х30 см,0,0,,,,2026-09-21T14:15:25+03:00
wildberries,212124157,114913078,Modjimoda,Набор махровых кухонных полотенец 30х30. В комплекте 10 штук,C0yEHnQdrx9FhoZR886X,3,2026-09-16 07:54:19,,,Ткань тонкая,"Серый, графит, черный · 45х70 см",0,0,,,,2026-09-21T14:15:25+03:00
wildberries,212124157,114913078,Modjimoda,Набор махровых кухонных полотенец 30х30. В комплекте 10 штук,NyN1Xm9Ba4VOZtj3iWda,5,2026-09-16 07:31:17,Для меня они самые лучшие! Для кухни,,,Черный · 30х30 см,0,0,,,,2026-09-21T14:15:25+03:00
wildberries,212124157,114913078,Modjimoda,Набор махровых кухонных полотенец 30х30. В комплекте 10 штук,MijnSHCCE1BVQOMmWEoG,5,2026-09-16 06:44:23,,,,серый,0,0,,,,2026-09-21T14:15:25+03:00
wildberries,212124157,114913078,Modjimoda,Набор махровых кухонных полотенец 30х30. В комплекте 10 штук,pzukBTJYMsusDC3y5bS8,5,2026-09-16 03:41:20,,,,белый,,0,,,,2026-09-21T14:15:25+03:00
wildberries,212124157,114913078,Modjimoda,Набор махровых кухонных полотенец 30х30. В комплекте 10 штук,tHHEZbjawQuabJK5UtFH,4,2026-09-15 20:04:09,Тоньше материал чем брала раньше.,,,"Серый, графит, черный · 45х70 см",0,0,,,,2026-09-21T14:15:25+03:00
wildberries,212124157,114913078,Modjimoda,Набор махровых кухонных полотенец 30х30. В комплекте 10 штук,EQUW4ObLZ0aq4U1etwpr,5,2026-09-15 19:58:53,,,,белый,0,0,,,,2026-09-21T14:15:25+03:00
wildberries,212124157,114913078,Modjimoda,Набор махровых кухонных полотенец 30х30. В комплекте 10 штук,nq4BNfQe7Ct9AK16mkfB,4,2026-09-15 18:11:10,Дают усадку,,,"Серый, графит, черный · 45х70 см",0,0,,,,2026-09-21T14:15:25+03:00
wildberries,212124157,114913078,Modjimoda,Набор махровых кухонных полотенец 30х30. В комплекте 10 штук,9TrzqxwN5wSW42CtqvlK,5,2026-09-15 16:21:17,,,,Белый · 30х30 см,0,0,,,,2026-09-21T14:15:25+03:00
wildberries,212124157,114913078,Modjimoda,Набор махровых кухонных полотенец 30х30. В комплекте 10 штук,ga6E2eR3jw39xBA4hkrY,5,2026-09-15 16:21:15,,,,Белый · 30х30 см,0,0,,,,2026-09-21T14:15:25+03:00
wildberries,212124157,114913078,Modjimoda,Набор махровых кухонных полотенец 30х30. В комплекте 10 штук,u11NAFGBtHRDGnWvaovc,5,2026-09-15 16:21:12,,,,Белый · 30х30 см,0,0,,,,2026-09-21T14:15:25+03:00
wildberries,212124157,114913078,Modjimoda,Набор махровых кухонных полотенец 30х30. В комплекте 10 штук,DP5o195FA4KqsUVJAiMX,3,2026-09-15 15:05:14,"Я не знаю что там в них находят суперского. Фиговые полотенца. Брала черные. На ощупь как синтетика, после стирки и сушки в машине- все равно ворса очень много оставляют, и на теле, и по ванной. НЕТ ПЕТЕЛЬКИ! Неудобные, тонкие, не пушистые, так себе качество.",,,черный,,0,,,,2026-09-21T14:15:25+03:00
wildberries,212124157,114913078,Modjimoda,Набор махровых кухонных полотенец 30х30. В комплекте 10 штук,r26pMTcMIxZHormy6Vl1,5,2026-09-15 13:39:21,,,,"Серый, графит, черный · 45х70 см",0,0,,,,2026-09-21T14:15:25+03:00
wildberries,212124157,114913078,Modjimoda,Набор махровых кухонных полотенец 30х30. В комплекте 10 штук,bWJhaTdDcCxaCae6Ko3e,5,2026-09-15 11:49:39,Отлично 👌,,,Черный · 45х70 см,0,0,,,,2026-09-21T14:15:25+03:00
wildberries,212124157,114913078,Modjimoda,Набор махровых кухонных полотенец 30х30. В комплекте 10 штук,Djrckw1T4TKwQU5WW8Ai,4,2026-09-15 10:14:12,"Снизила оценку за  то что не соответствует заявленному , должно было быть три цвета а на самом деле два А так за такие деньги очень даже хорошо можно было поставить пять ⭐",,,"Серый, графит, черный · 45х70 см",0,0,,,,2026-09-21T14:15:25+03:00
wildberries,212124157,114913078,Modjimoda,Набор махровых кухонных полотенец 30х30. В комплекте 10 штук,TBpe4AdVAMIuzYjgk6eP,5,2026-09-15 07:28:05,,,,Черный · 45х70 см,0,0,,,,2026-09-21T14:15:25+03:00
wildberries,212124157,114913078,Modjimoda,Набор махровых кухонных полотенец 30х30. В комплекте 10 штук,3PSBzPqklKWbf6edhQRr,5,2026-09-15 06:09:03,"Хорошие полотенца, впитывают, не остаётся ворс",,,Черный · 30х30 см,0,0,,,,2026-09-21T14:15:25+03:00
wildberries,212124157,114913078,Modjimoda,Набор махровых кухонных полотенец 30х30. В комплекте 10 штук,TBWurZH1EyGVmnq8FL5U,5,2026-09-15 06:04:59,Хорошие салфеточки,,,Черный · 30х30 см,0,0,,,,2026-09-21T14:15:25+03:00
wildberries,212124157,114913078,Modjimoda,Набор махровых кухонных полотенец 30х30. В комплекте 10 штук,vyUNgwlfT5e9DqBCeclk,5,2026-09-15 05:08:08,Супер,,,Черный · 30х30 см,0,0,,,,2026-09-21T14:15:25+03:00
wildberries,212124157,114913078,Modjimoda,Набор махровых кухонных полотенец 30х30. В комплекте 10 штук,wELlKy5GwAMVrvEnOYvC,5,2026-09-14 21:42:07,,,,Черный · 30х30 см,0,0,,,,2026-09-21T14:15:25+03:00
wildberries,212124157,114913078,Modjimoda,Набор махровых кухонных полотенец 30х30. В комплекте 10 штук,cMpBKpzqPoiwXG1ia3Mv,2,2026-09-14 20:14:11,,,,серый,,0,,,,2026-09-21T14:15:25+03:00
wildberries,212124157,114913078,Modjimoda,Набор махровых кухонных полотенец 30х30. В комплекте 10 штук,EGgFMmBtO4Hb0zkmF8QZ,2,2026-09-14 20:13:59,,,,серый,,0,,,,2026-09-21T14:15:25+03:00
wildberries,212124157,114913078,Modjimoda,Набор махровых кухонных полотенец 30х30. В комплекте 10 штук,y17do8bTHuAMsxzDYFHA,5,2026-09-14 17:02:56,"Очень удобно, покупаю 3й раз. Использую для лица, потом на кухню)",,,белый,0,0,,,,2026-09-21T14:15:25+03:00
wildberries,212124157,114913078,Modjimoda,Набор махровых кухонных полотенец 30х30. В комплекте 10 штук,xgI9ahmM6jYHfMXk6VDW,1,2026-09-14 16:53:18,"Не понравились, качество ужасное, после стирки съежились",,,"Серый, графит, черный · 45х70 см",0,1,,,,2026-09-21T14:15:25+03:00
wildberries,212124157,114913078,Modjimoda,Набор махровых кухонных полотенец 30х30. В комплекте 10 штук,NwLgtm7ONnUbJszOECW8,2,2026-09-14 16:39:13,"Черный цвет линяет сильно, лучше брать другой цвет",,,черный,,0,,,,2026-09-21T14:15:25+03:00
wildberries,212124157,114913078,Modjimoda,Набор махровых кухонных полотенец 30х30. В комплекте 10 штук,c5QeCcfhhtkU98WtCozQ,3,2026-09-14 16:38:13,"Качество полотенец испортилось. Заказывала 2 года назад и была ими очень довольна. Получив полотенца в этот раз разочаровали, жаль конечно.",,,серый,,0,,,,2026-09-21T14:15:25+03:00
wildberries,212124157,114913078,Modjimoda,Набор махровых кухонных полотенец 30х30. В комплекте 10 штук,YZBIG87pLDwXWS3AKaXX,5,2026-09-14 16:18:04,,,,черный,,0,,,,2026-09-21T14:15:25+03:00
wildberries,212124157,114913078,Modjimoda,Набор махровых кухонных полотенец 30х30. В комплекте 10 штук,AivUV6e9k3kRMOXFHu98,4,2026-09-14 13:59:37,Заказывала салфетки красные и белые они более нежные махровые но нежные здесь махра очень грубая и полотенце после Второй стирки распустились края у двух,,,Черный · 30х30 см,0,0,,,,2026-09-21T14:15:25+03:00
wildberries,212124157,114913078,Modjimoda,Набор махровых кухонных полотенец 30х30. В комплекте 10 штук,uGNdFzh1wPXAK0Nwj7tU,3,2026-09-14 13:58:06,Полотенца для кухни ожидала немного лучше,,,Белый · 30х30 см,0,0,,,,2026-09-21T14:15:25+03:00
wildberries,212124157,114913078,Modjimoda,Набор махровых кухонных полотенец 30х30. В комплекте 10 штук,4bmZJwNdMcdbjmWpjOGN,2,2026-09-14 11:58:25,,,,Черный · 45х70 см,0,0,,,,2026-09-21T14:15:25+03:00
wildberries,212124157,114913078,Modjimoda,Набор махровых кухонных полотенец 30х30. В комплекте 10 штук,rojBrk92V1HSnVfA8Dr3,5,2026-09-14 10:02:04,,,,"Темно-бежевый, серо-бежевый, графит · 45х70 см",0,0,,,,2026-09-21T14:15:25+03:00
wildberries,212124157,114913078,Modjimoda,Набор махровых кухонных полотенец 30х30. В комплекте 10 штук,AGA3Oy1r0Jh1pjZAkCHj,1,2026-09-14 08:30:56,Воду не впитывает,,,Черный · 30х30 см,0,0,,,,2026-09-21T14:15:25+03:00
wildberries,212124157,114913078,Modjimoda,Набор махровых кухонных полотенец 30х30. В комплекте 10 штук,zOP1LzdhgNQGCKuxdmTJ,5,2026-09-14 08:30:52,"Хорошие, хлопковые салфетки.",,,черный,,0,,,,2026-09-21T14:15:25+03:00
wildberries,212124157,114913078,Modjimoda,Набор махровых кухонных полотенец 30х30. В комплекте 10 штук,GIPvpCvMsNMHz5aoYTY5,1,2026-09-14 07:52:54,"Очень тонкие, долго сохнут",,,коричневый,,0,,,,2026-09-21T14:15:25+03:00
wildberries,212124157,114913078,Modjimoda,Набор махровых кухонных полотенец 30х30. В комплекте 10 штук,8z5D3dVltkbhaofWGUQw,5,2026-09-14 06:09:46,,,,Черный · 30х30 см,0,0,,,,2026-09-21T14:15:25+03:00
wildberries,212124157,114913078,Modjimoda,Набор махровых кухонных полотенец 30х30. В комплекте 10 штук,V3zK0NccLOdADrja0fjY,5,2026-09-14 06:08:06,,,,Черный · 45х70 см,0,0,,,,2026-09-21T14:15:25+03:00
wildberries,212124157,114913078,Modjimoda,Набор махровых кухонных полотенец 30х30. В комплекте 10 штук,VpT4h86BAIgfndFZjvQv,3,2026-09-13 22:54:49,Очень тонкое,,,"Серый, графит, черный · 45х70 см",0,0,,,,2026-09-21T14:15:25+03:00
wildberries,212124157,114913078,Modjimoda,Набор махровых кухонных полотенец 30х30. В комплекте 10 штук,VIc6txlfjEoyBqT7Doit,2,2026-09-13 19:30:24,Плохо впитывают,,,Белый · 30х30 см,0,0,,,,2026-09-21T14:15:25+03:00
wildberries,212124157,114913078,Modjimoda,Набор махровых кухонных полотенец 30х30. В комплекте 10 штук,pMeIBlEvwgJgEv5PqCRS,2,2026-09-13 19:07:59,Цена качество,,,черный,,0,,,,2026-09-21T14:15:25+03:00
wildberries,212124157,114913078,Modjimoda,Набор махровых кухонных полотенец 30х30. В комплекте 10 штук,wPQN7OPUO8qSVMFjsTSW,5,2026-09-13 16:49:32,Качество хорошее. Можно не гладить. Стирала много раз.,,,"Серый, графит, черный · 45х70 см",0,0,,,,2026-09-21T14:15:25+03:00
wildberries,212124157,114913078,Modjimoda,Набор махровых кухонных полотенец 30х30. В комплекте 10 штук,kqNg4mDlf6b14u0yls3P,5,2026-09-13 16:48:55,Полотенца мягкие. Хорошо вытирают посуду.,,,"Темно-бежевый, серо-бежевый, графит · 45х70 см",0,0,,,,2026-09-21T14:15:25+03:00
wildberries,212124157,114913078,Modjimoda,Набор махровых кухонных полотенец 30х30. В комплекте 10 штук,Ax0YFVxGByvrw8JVpKKA,1,2026-09-13 16:28:42,,,,белый,,0,,,,2026-09-21T14:15:25+03:00
wildberries,212124157,114913078,Modjimoda,Набор махровых кухонных полотенец 30х30. В комплекте 10 штук,ncR5RZTQJvMzu5FwOP6S,3,2026-09-13 14:01:18,Очень тонкое полотно,,,"Серый, графит, черный · 45х70 см",0,0,,,,2026-09-21T14:15:25+03:00
wildberries,212124157,114913078,Modjimoda,Набор махровых кухонных полотенец 30х30. В комплекте 10 штук,URVl1flEczkRXS69P4t0,2,2026-09-13 12:29:18,,,"Не хлопок, совсем не впитывает воду",черный,0,0,,,,2026-09-21T14:15:25+03:00
wildberries,212124157,114913078,Modjimoda,Набор махровых кухонных полотенец 30х30. В комплекте 10 штук,copwB3TGnU8SQqu4yAGx,5,2026-09-13 12:15:54,,,,серый,,0,,,,2026-09-21T14:15:25+03:00
wildberries,212124157,114913078,Modjimoda,Набор махровых кухонных полотенец 30х30. В комплекте 10 штук,PcvixIvBSdGjdy34Wgkk,1,2026-09-13 11:06:17,"в карточке товара продавец заявляет, что полотенца не оставляют ворса.. ага, конечно! уже несколько раз их перестирывала, ничего не меняется, они все равно оставляют мелкий мусор! годятся только на половые тряпки😤 никому не советую.",,,черный,,0,,,,2026-09-21T14:15:25+03:00
wildberries,212124157,114913078,Modjimoda,Набор махровых кухонных полотенец 30х30. В комплекте 10 штук,uI5jE5HORQjGn0KTB8wj,4,2026-09-13 10:27:26,Качество не очень быстро рвутся,,,Черный · 30х30 см,0,0,,,,2026-09-21T14:15:25+03:00
wildberries,212124157,114913078,Modjimoda,Набор махровых кухонных полотенец 30х30. В комплекте 10 штук,Qyzd0xIPS7XpwHDOvREo,5,2026-09-13 09:38:07,,,,"Темно-бежевый, серо-бежевый, графит · 45х70 см",0,0,,,,2026-09-21T14:15:25+03:00
wildberries,212124157,114913078,Modjimoda,Набор махровых кухонных полотенец 30х30. В комплекте 10 штук,t1eiLl5GXqe9Ld0s8EnI,5,2026-09-13 09:22:57,,,,серый,0,0,,,,2026-09-21T14:15:25+03:00
wildberries,212124157,114913078,Modjimoda,Набор махровых кухонных полотенец 30х30. В комплекте 10 штук,9f5Z1DkXEH2FJeq0gOHE,1,2026-09-12 18:12:04,После двух стирок разошлись нитки и полотенце село потеряла форму,,,"Серый, графит, черный · 45х70 см",0,1,,,,2026-09-21T14:15:25+03:00
wildberries,212124157,114913078,Modjimoda,Набор махровых кухонных полотенец 30х30. В комплекте 10 штук,XbBQuWKA8xpIiItnsgtt,5,2026-09-12 17:16:20,,,,"Серый, графит, черный · 45х70 см",0,0,,,,2026-09-21T14:15:25+03:00
wildberries,212124157,114913078,Modjimoda,Набор махровых кухонных полотенец 30х30. В комплекте 10 штук,pYznBAcJLCaEN9MMdSZB,5,2026-09-12 15:22:10,Беру уже не первый раз. Отличные полотенце.,,,"Серый, графит, черный · 45х70 см",0,0,,,,2026-09-21T14:15:25+03:00
wildberries,212124157,114913078,Modjimoda,Набор махровых кухонных полотенец 30х30. В комплекте 10 штук,AUxoBpYXvI88YKvOeSZI,3,2026-09-12 13:57:37,,,,черный,,0,,,,2026-09-21T14:15:25+03:00
wildberries,212124157,114913078,Modjimoda,Набор махровых кухонных полотенец 30х30. В комплекте 10 штук,t5IAmqp6NsRinvQQbPtp,4,2026-09-12 11:19:15,"Тонкие, вшиты большие этикетки белого цвета в каждое полотенчико, при срезе все равно видно это место.",,,черный,,0,,,,2026-09-21T14:15:25+03:00
wildberries,212124157,114913078,Modjimoda,Набор махровых кухонных полотенец 30х30. В комплекте 10 штук,p7gbQA553pWRfwidb6Ry,3,2026-09-12 09:42:50,Синтетика. Плохо впитывает воду,,,"Серый, графит, черный · 45х70 см",0,0,,,,2026-09-21T14:15:25+03:00
wildberries,212124157,114913078,Modjimoda,Набор махровых кухонных полотенец 30х30. В комплекте 10 штук,cPZAjj2mexsUmAT6QLn2,5,2026-09-12 06:42:38,"Хорошие, для каждого гостя.",,,Черный · 30х30 см,0,0,,,,2026-09-21T14:15:25+03:00
wildberries,212124157,114913078,Modjimoda,Набор махровых кухонных полотенец 30х30. В комплекте 10 штук,j64ZjQVbwZPGF7QQJfgx,2,2026-09-12 02:20:55,"После стирок начинает разваливаться, качество упало",,,Черный · 30х30 см,0,0,,,,2026-09-21T14:15:25+03:00
wildberries,212124157,114913078,Modjimoda,Набор махровых кухонных полотенец 30х30. В комплекте 10 штук,JLt2PO7PhtsqXnQAA4A8,5,2026-09-11 18:38:07,,,,серый,,0,,,,2026-09-21T14:15:25+03:00
wildberries,212124157,114913078,Modjimoda,Набор махровых кухонных полотенец 30х30. В комплекте 10 штук,B4mcPtzfHbCbkw8t9dF3,5,2026-09-11 17:07:12,,"Полотенца отлично впитывают влагу, хорошо отстирываются.",,"Темно-бежевый, серо-бежевый, графит · 45х70 см",0,0,,,,2026-09-21T14:15:25+03:00
wildberries,212124157,114913078,Modjimoda,Набор махровых кухонных полотенец 30х30. В комплекте 10 штук,BPEHswUrMf1MalvCgLDD,2,2026-09-11 16:32:33,,Плохо впитывают.,,серый,,0,,,,2026-09-21T14:15:25+03:00
wildberries,212124157,114913078,Modjimoda,Набор махровых кухонных полотенец 30х30. В комплекте 10 штук,Y2K0gr7miPeNBRytkxdz,5,2026-09-11 13:45:50,,,,черный,0,0,,,,2026-09-21T14:15:25+03:00
wildberries,212124157,114913078,Modjimoda,Набор махровых кухонных полотенец 30х30. В комплекте 10 штук,sb2xe3SYQr7zY2ZR8Wd7,5,2026-09-11 07:27:36,"Практичные, удобные.",,,"Темно-бежевый, серо-бежевый, графит · 45х70 см",0,0,,,,2026-09-21T14:15:25+03:00
wildberries,212124157,114913078,Modjimoda,Набор махровых кухонных полотенец 30х30. В комплекте 10 штук,XHMMSbzGz9KceGuYAfEE,5,2026-09-11 07:20:45,"Тонкие, но это же тряпочки.",,,Белый · 30х30 см,0,0,,,,2026-09-21T14:15:25+03:00
wildberries,212124157,114913078,Modjimoda,Набор махровых кухонных полотенец 30х30. В комплекте 10 штук,uMiwHAR8DH1HxZQiDNqa,5,2026-09-11 06:51:01,"Отличные, и много для чего подходят. Использовать можно и на кухне и в ванной.","Натуральный состав, удобный размер, что тут добавишь, счтитаю покупку  очень удачной.","Надо было брать еще, сейчас цена выше.",белый,0,0,,,,2026-09-21T14:15:25+03:00
wildberries,212124157,114913078,Modjimoda,Набор махровых кухонных полотенец 30х30. В комплекте 10 штук,R78JAvub9vBPMbk1sLPC,3,2026-09-10 22:06:51,,,,серый,,0,,,,2026-09-21T14:15:25+03:00
wildberries,212124157,114913078,Modjimoda,Набор махровых кухонных полотенец 30х30. В комплекте 10 штук,7kd5AWYldxXrpsqTft9O,5,2026-09-10 14:10:35,Рекомендую,,,белый,,0,,,,2026-09-21T14:15:25+03:00
wildberries,212124157,114913078,Modjimoda,Набор махровых кухонных полотенец 30х30. В комплекте 10 штук,wfKNmC5Y8jbYgqLqzUYl,5,2026-09-10 08:53:15,"Любимые Полотенчик, всегда беру для кухни,стираю использую в среднем 4 месяца ..",,,Белый · 30х30 см,0,1,,,,2026-09-21T14:15:25+03:00
wildberries,212124157,114913078,Modjimoda,Набор махровых кухонных полотенец 30х30. В комплекте 10 штук,MFiKHUcsZdAuAUCbXsEl,5,2026-09-10 08:51:07,Пришли в хорошем состоянии мне понравились пять звёзд продовцу,,,"Серый, графит, черный · 45х70 см",0,0,,,,2026-09-21T14:15:25+03:00
wildberries,212124157,114913078,Modjimoda,Набор махровых кухонных полотенец 30х30. В комплекте 10 штук,Mx2fdFlI0G6zoy8LyIEp,5,2026-09-10 05:28:44,"Мягкие хорошие. Впитывают хорошо, не воняют.",,,"Темно-бежевый, серо-бежевый, графит · 45х70 см",0,0,,,,2026-09-21T14:15:25+03:00
wildberries,212124157,114913078,Modjimoda,Набор махровых кухонных полотенец 30х30. В комплекте 10 штук,69h8Rj5h1MImMJTuel9P,5,2026-09-10 04:29:39,,,,серый,0,0,,,,2026-09-21T14:15:25+03:00
wildberries,212124157,114913078,Modjimoda,Набор махровых кухонных полотенец 30х30. В комплекте 10 штук,iLADvmOV5MxKONHH3Nxq,5,2026-09-09 18:45:54,"Хорошие хлопковые полотенца, используются на кухне",,,"Серый, графит, черный · 45х70 см",0,0,,,,2026-09-21T14:15:25+03:00
wildberries,212124157,114913078,Modjimoda,Набор махровых кухонных полотенец 30х30. В комплекте 10 штук,IsKAc7XXSA1H7Ud3IWmA,5,2026-09-09 17:16:53,,,,белый,0,0,,,,2026-09-21T14:15:25+03:00
wildberries,212124157,114913078,Modjimoda,Набор махровых кухонных полотенец 30х30. В комплекте 10 штук,Mq9aQXHzUPRStDEbp00T,5,2026-09-09 13:39:52,Отличные,,,"Темно-бежевый, серо-бежевый, графит · 45х70 см",0,0,,,,2026-09-21T14:15:25+03:00
wildberries,212124157,114913078,Modjimoda,Набор махровых кухонных полотенец 30х30. В комплекте 10 штук,jPxvV6OOMzNvPqnTGlXc,5,2026-09-09 13:39:44,Отличные,,,"Серый, графит, черный · 45х70 см",0,0,,,,2026-09-21T14:15:25+03:00
wildberries,212124157,114913078,Modjimoda,Набор махровых кухонных полотенец 30х30. В комплекте 10 штук,IkMFZnc98vvkdxmeCBjQ,5,2026-09-09 09:45:05,,,,"Темно-бежевый, серо-бежевый, графит · 45х70 см",0,0,,,,2026-09-21T14:15:25+03:00
wildberries,212124157,114913078,Modjimoda,Набор махровых кухонных полотенец 30х30. В комплекте 10 штук,usNsqglPSIZZIEGqCqIV,5,2026-09-09 07:15:16,"Очень удобные для кухни,спасибо производителю",,,Черный · 30х30 см,0,0,,,,2026-09-21T14:15:25+03:00
wildberries,212124157,114913078,Modjimoda,Набор махровых кухонных полотенец 30х30. В комплекте 10 штук,zhj2anAXn9GCxItbp6m4,5,2026-09-09 04:27:25,,,,белый,,0,,,,2026-09-21T14:15:25+03:00
wildberries,212124157,114913078,Modjimoda,Набор махровых кухонных полотенец 30х30. В комплекте 10 штук,tOXosKQQxcUdsWvPAQ7e,5,2026-09-09 02:34:50,,,,Черный · 30х30 см,0,0,,,,2026-09-21T14:15:25+03:00
wildberries,212124157,114913078,Modjimoda,Набор махровых кухонных полотенец 30х30. В комплекте 10 штук,VVuNGyG3vPe8pDytYoFo,5,2026-09-08 20:10:29,Хорошие полотенца рекомендую,,,"Темно-бежевый, серо-бежевый, графит · 45х70 см",0,0,,,,2026-09-21T14:15:25+03:00
wildberries,212124157,114913078,Modjimoda,Набор махровых кухонных полотенец 30х30. В комплекте 10 штук,gUIPV9JXVaMUoMyK4Bks,3,2026-09-08 19:34:44,,,после стирки уменьшились на половину,серый,0,0,,,,2026-09-21T14:15:25+03:00
wildberries,212124157,114913078,Modjimoda,Набор махровых кухонных полотенец 30х30. В комплекте 10 штук,SoJg4NgBX7YEdQOUXkls,5,2026-09-08 18:35:40,,,,коричневый,,0,,,,2026-09-21T14:15:25+03:00
wildberries,212124157,114913078,Modjimoda,Набор махровых кухонных полотенец 30х30. В комплекте 10 штук,ms1hs8sqFQllWiHyDeyW,5,2026-09-08 13:58:04,Черные полотенца. Использовала для сушки ягод смородины - не видно пятен. И в комнате подростков накрываю принтер от пыли - такое вот интерьерной решение)),,,Черный · 45х70 см,0,0,,,,2026-09-21T14:15:25+03:00
wildberries,212124157,114913078,Modjimoda,Набор махровых кухонных полотенец 30х30. В комплекте 10 штук,XYeux6bUwNHw48Wvcuyj,5,2026-09-08 12:59:38,,,,Белый · 30х30 см,0,0,,,,2026-09-21T14:15:25+03:00
wildberries,212124157,114913078,Modjimoda,Набор махровых кухонных полотенец 30х30. В комплекте 10 штук,I0nHFFJPG95fQACpZAqD,5,2026-09-08 11:28:30,,,,Черный · 45х70 см,0,0,,,,2026-09-21T14:15:25+03:00
wildberries,212124157,114913078,Modjimoda,Набор махровых кухонных полотенец 30х30. В комплекте 10 штук,WohEbpI8FkEe42ZaeEzT,5,2026-09-08 07:25:36,"Очень хорошее качество. Брала три упаковки, на подарок, в одной упаковке не хватало 1 полотенца. На пвз не пересчитывала.",,,белый,,0,,,,2026-09-21T14:15:25+03:00
wildberries,212124157,114913078,Modjimoda,Набор махровых кухонных полотенец 30х30. В комплекте 10 штук,akDWjAr2NevGVwUXYmz0,2,2026-09-08 06:31:38,"Плохо впитывает и цепляет весь мусор,пожалела что купила",,,черный,,0,,,,2026-09-21T14:15:25+03:00
wildberries,212124157,114913078,Modjimoda,Набор махровых кухонных полотенец 30х30. В комплекте 10 штук,sBI5DgMVmPh4PBaJJg6V,5,2026-09-08 06:11:49,"Использование для лица и рук, мне подходит)",,,Белый · 30х30 см,0,0,,,,2026-09-21T14:15:25+03:00
wildberries,212124157,114913078,Modjimoda,Набор махровых кухонных полотенец 30х30. В комплекте 10 штук,J6uJN199IpvMulSUjDaV,5,2026-09-07 18:35:24,,,,"Кофе, коричневый · 35х60 см",0,0,,,,2026-09-21T14:15:25+03:00
wildberries,212124157,114913078,Modjimoda,Набор махровых кухонных полотенец 30х30. В комплекте 10 штук,pjfFH2KoEQZ40pi6ziBH,5,2026-09-07 18:35:12,,,,"Темно-бежевый, серо-бежевый, графит · 45х70 см",0,0,,,,2026-09-21T14:15:25+03:00
wildberries,212124157,114913078,Modjimoda,Набор махровых кухонных полотенец 30х30. В комплекте 10 штук,e98I8hTZMBIAiHvD0c2M,5,2026-09-07 18:16:06,,,,"Серый, графит, черный · 45х70 см",0,0,,,,2026-09-21T14:15:25+03:00
wildberries,212124157,114913078,Modjimoda,Набор махровых кухонных полотенец 30х30. В комплекте 10 штук,NRGC2If6ey8Mt1mlhyUi,3,2026-09-07 17:58:38,,,,"Серый, графит, черный · 45х70 см",0,0,,,,2026-09-21T14:15:25+03:00
wildberries,212124157,114913078,Modjimoda,Набор махровых кухонных полотенец 30х30. В комплекте 10 штук,Wh7nloGGjuiyIA5Jl1w9,5,2026-09-07 16:29:48,"Мягкие,хорошо впитывают",,,"Темно-бежевый, серо-бежевый, графит · 45х70 см",0,0,,,,2026-09-21T14:15:25+03:00
wildberries,212124157,114913078,Modjimoda,Набор махровых кухонных полотенец 30х30. В комплекте 10 штук,6mpg6U3ilX7b3EhZrhJj,1,2026-09-07 15:42:43,"Быстро форму потеряли , просвечивает ткань .на месяц для съемной квартире хватило 😔",,,Черный · 45х70 см,0,0,,,,2026-09-21T14:15:25+03:00
wildberries,212124157,114913078,Modjimoda,Набор махровых кухонных полотенец 30х30. В комплекте 10 штук,9jtgRMQ4LZzjDEFDgo65,5,2026-09-07 13:32:22,,,,"Темно-бежевый, серо-бежевый, графит · 45х70 см",0,0,,,,2026-09-21T14:15:25+03:00
wildberries,212124157,114913078,Modjimoda,Набор махровых кухонных полотенец 30х30. В комплекте 10 штук,5sdLX7KiPUuSOnb8IOjc,5,2026-09-07 11:50:02,Супер салфеточки.,,,Белый · 30х30 см,0,0,,,,2026-09-21T14:15:25+03:00
wildberries,212124157,114913078,Modjimoda,Набор махровых кухонных полотенец 30х30. В комплекте 10 штук,6qIqrgdaoRk7FCzj7rCe,5,2026-09-07 06:09:31,,,,"Серый, графит, черный · 45х70 см",0,0,,,,2026-09-21T14:15:25+03:00
wildberries,212124157,114913078,Modjimoda,Набор махровых кухонных полотенец 30х30. В комплекте 10 штук,nxb5WTPn3q1W7cPP3AcD,5,2026-09-07 05:04:04,"Тонковаты, но за эту цену пойдёт.",,,Черный · 30х30 см,0,0,,,,2026-09-21T14:15:25+03:00
wildberries,212124157,114913078,Modjimoda,Набор махровых кухонных полотенец 30х30. В комплекте 10 штук,Hgt9yBUilX4f6bfDttyF,1,2026-09-07 04:15:49,"Ужасное качество,синтетика воду не впитывает вообще",,,черный,,0,,,,2026-09-21T14:15:25+03:00
wildberries,212124157,114913078,Modjimoda,Набор махровых кухонных полотенец 30х30. В комплекте 10 штук,xbwSI3k0ZokFJDASm5Zr,5,2026-09-07 02:47:31,,,,серый,0,0,,,,2026-09-21T14:15:25+03:00
wildberries,212124157,114913078,Modjimoda,Набор махровых кухонных полотенец 30х30. В комплекте 10 штук,W6scMTRSlZUuLNqoBRFj,3,2026-09-06 21:52:38,"В упаковке новые красивые.  Но не  выдерживают и первой стирки. После стирки тановятся похожи на вискозные тряпки, теряют форму.  Не 100% хб Синтетика есть в составе,  100 хб ткань посте стирки себя так не ведёт, сохраняет форму. Купила дороже реально хб серые и беж кух. полотенца и на ощупь чувствуется хб и не теряют форму как и раньше кухон. вафельные полотенца, только без рисунка.",,,"Серый, графит, черный · 45х70 см",0,0,,,,2026-09-21T14:15:25+03:00
wildberries,212124157,114913078,Modjimoda,Набор махровых кухонных полотенец 30х30. В комплекте 10 штук,tMlGArk7rvSAbNVkoqdS,5,2026-07-26 09:54:35,"Отлично и для дома. и для аппартаментов, строгие, без рисунка.",,,"Серый, графит, черный · 45х70 см",0,0,,,,2026-09-21T14:15:25+03:00
wildberries,212124157,114913078,Modjimoda,Набор махровых кухонных полотенец 30х30. В комплекте 10 штук,9P6DbFnYGwHRGqDvtYJC,3,2026-09-06 21:47:48,"В упаковке новые красивые.  Не выдерживают и первой стирки. Становятся похожи на вискозные тряпки.  Не 100% хб Синтетика, может хб и есть в составе, из 100 хб ткань так посте стирки себя не ведёт, сохраняет форму.",,,"Серый, графит, черный · 45х70 см",0,0,,,,2026-09-21T14:15:25+03:00
wildberries,212124157,114913078,Modjimoda,Набор махровых кухонных полотенец 30х30. В комплекте 10 штук,DchHs6XzYodbhwHgqDwQ,5,2026-09-06 19:12:07,,,,Белый · 30х30 см,0,0,,,,2026-09-21T14:15:25+03:00
wildberries,212124157,114913078,Modjimoda,Набор махровых кухонных полотенец 30х30. В комплекте 10 штук,YeEw9MNHLEduFSeqIdwf,5,2026-09-06 12:58:13,"Хороший набор, пошито хорошо, впитывает тоже",,,"Серый, графит, черный · 45х70 см",0,0,,,,2026-09-21T14:15:25+03:00
wildberries,212124157,114913078,Modjimoda,Набор махровых кухонных полотенец 30х30. В комплекте 10 штук,Zg0lwFZuLdypbKk06u2f,5,2026-09-06 12:08:57,"Очень классные полотенца. Стильное дополнение кухни. При этом впитывают прекрасно, стираются легко.",,,серый,,0,,,,2026-09-21T14:15:25+03:00
wildberries,212124157,114913078,Modjimoda,Набор махровых кухонных полотенец 30х30. В комплекте 10 штук,qv2GD7qHHrlrecQAaVVT,5,2026-09-06 10:46:03,,,,Белый · 30х30 см,0,0,,,,2026-09-21T14:15:25+03:00
wildberries,212124157,114913078,Modjimoda,Набор махровых кухонных полотенец 30х30. В комплекте 10 штук,BcHKtHlJYFkHW3A2tL4m,5,2026-09-06 10:45:59,,,,Белый · 30х30 см,0,0,,,,2026-09-21T14:15:25+03:00
wildberries,212124157,114913078,Modjimoda,Набор махровых кухонных полотенец 30х30. В комплекте 10 штук,9DVsOzBsRLWE2gyR9pcj,5,2026-09-06 10:29:54,,Все как на фото,Немного тонковатые,серый,0,0,,,,2026-09-21T14:15:25+03:00
wildberries,212124157,114913078,Modjimoda,Набор махровых кухонных полотенец 30х30. В комплекте 10 штук,UkZ8kBhEVfiHRukG5Sbq,5,2026-09-06 07:45:56,"Отличные салфетки! Кладу в подарки. Хорошего качества, приятные наощупь, чисто белые! Покупаю уже не в первый раз, всегда довольна. Спасибо продавцу",,,Белый · 30х30 см,0,2,,,,2026-09-21T14:15:25+03:00
wildberries,212124157,114913078,Modjimoda,Набор махровых кухонных полотенец 30х30. В комплекте 10 штук,KHBwSNa3i8ob39Zpe64j,4,2026-09-06 06:55:08,Для меня очень плотные.,,,Черный · 30х30 см,0,0,,,,2026-09-21T14:15:25+03:00
wildberries,212124157,114913078,Modjimoda,Набор махровых кухонных полотенец 30х30. В комплекте 10 штук,b95PXwnABCLFrZv6ZSzg,5,2026-09-06 05:13:52,,,,серый,0,0,,,,2026-09-21T14:15:25+03:00
wildberries,212124157,114913078,Modjimoda,Набор махровых кухонных полотенец 30х30. В комплекте 10 штук,fefDrakhw6DaFBtl3bAx,3,2026-09-05 18:55:49,Они какие то несуразные после стирки,,,черный,,0,,,,2026-09-21T14:15:25+03:00
wildberries,212124157,114913078,Modjimoda,Набор махровых кухонных полотенец 30х30. В комплекте 10 штук,fYP4dYml0dGdnEggccaZ,5,2026-09-05 18:50:53,,,,Белый · 30х30 см,0,0,,,,2026-09-21T14:15:25+03:00
wildberries,212124157,114913078,Modjimoda,Набор махровых кухонных полотенец 30х30. В комплекте 10 штук,0F07PBzqzVcVufs72B7m,5,2026-09-05 17:24:04,"Хорошее качество, покупали на подарки и себе оставили",,,"Темно-бежевый, серо-бежевый, графит · 45х70 см",0,0,,,,2026-09-21T14:15:25+03:00
wildberries,212124157,114913078,Modjimoda,Набор махровых кухонных полотенец 30х30. В комплекте 10 штук,5oiDmH6GCsxjbEB9UpAC,2,2026-09-05 14:11:07,,,,черный,,0,,,,2026-09-21T14:15:25+03:00
wildberries,212124157,114913078,Modjimoda,Набор махровых кухонных полотенец 30х30. В комплекте 10 штук,WBGS5DJKyvg0QUCNrIvD,5,2026-09-05 12:01:09,,,,"Темно-бежевый, серо-бежевый, графит · 45х70 см",0,0,,,,2026-09-21T14:15:25+03:00
wildberries,212124157,114913078,Modjimoda,Набор махровых кухонных полотенец 30х30. В комплекте 10 штук,okQWe3wWu3RqU8mTWhOh,5,2026-09-05 09:28:44,,,,"Кофе, коричневый · 35х60 см",0,0,,,,2026-09-21T14:15:25+03:00
wildberries,212124157,114913078,Modjimoda,Набор махровых кухонных полотенец 30х30. В комплекте 10 штук,3I1s4YvpXM7mBKYfdIdd,5,2026-09-05 07:19:20,Супер 👍,,,Черный · 30х30 см,0,0,,,,2026-09-21T14:15:25+03:00
wildberries,212124157,114913078,Modjimoda,Набор махровых кухонных полотенец 30х30. В комплекте 10 штук,llHGNOBqkGq4AYgrYB5H,5,2026-09-05 05:58:22,"Просто шикарные ,впитывает очень хорошо",,,Черный · 30х30 см,0,0,,,,2026-09-21T14:15:25+03:00
wildberries,212124157,114913078,Modjimoda,Набор махровых кухонных полотенец 30х30. В комплекте 10 штук,w4h7Nkatrju5V6JS40rU,5,2026-09-05 05:28:18,,На кухню норм.,,"Серый, графит, черный · 45х70 см",0,0,,,,2026-09-21T14:15:25+03:00
wildberries,212124157,114913078,Modjimoda,Набор махровых кухонных полотенец 30х30. В комплекте 10 штук,vm6W8FtysdK7cPsu7I0x,5,2026-09-05 03:59:54,5тая покупка,,,Белый · 30х30 см,0,0,,,,2026-09-21T14:15:25+03:00
wildberries,212124157,114913078,Modjimoda,Набор махровых кухонных полотенец 30х30. В комплекте 10 штук,1gur1Vd0FUDDOVMXwJV6,5,2026-09-05 02:07:25,,,,Черный · 30х30 см,0,0,,,,2026-09-21T14:15:25+03:00
wildberries,212124157,114913078,Modjimoda,Набор махровых кухонных полотенец 30х30. В комплекте 10 штук,b2QZeEQmQsd4AABRFZKw,1,2026-09-04 19:57:19,,,,Черный · 30х30 см,0,0,,,,2026-09-21T14:15:25+03:00
wildberries,212124157,114913078,Modjimoda,Набор махровых кухонных полотенец 30х30. В комплекте 10 штук,XUxMinulckLeBu9usMDP,5,2026-09-04 19:43:32,,,,черный,,0,,,,2026-09-21T14:15:25+03:00
wildberries,212124157,114913078,Modjimoda,Набор махровых кухонных полотенец 30х30. В комплекте 10 штук,CCBb5L7t4aOhFh9ff5eU,5,2026-09-04 07:57:14,,,,"Темно-бежевый, серо-бежевый, графит · 45х70 см",0,0,,,,2026-09-21T14:15:25+03:00
wildberries,212124157,114913078,Modjimoda,Набор махровых кухонных полотенец 30х30. В комплекте 10 штук,JA6Hli3dv9QzlJniy735,5,2026-09-04 07:20:59,,,,Белый · 30х30 см,0,0,,,,2026-09-21T14:15:25+03:00
wildberries,212124157,114913078,Modjimoda,Набор махровых кухонных полотенец 30х30. В комплекте 10 штук,CeepiT4jjRcZvcLbxVU6,5,2026-09-04 05:00:55,,,,"Серый, графит, черный · 45х70 см",0,0,,,,2026-09-21T14:15:25+03:00
wildberries,212124157,114913078,Modjimoda,Набор махровых кухонных полотенец 30х30. В комплекте 10 штук,dF5AMJbyxcthjW1CO8IV,5,2026-09-03 21:57:03,,,,Белый · 30х30 см,0,0,,,,2026-09-21T14:15:25+03:00
wildberries,212124157,114913078,Modjimoda,Набор махровых кухонных полотенец 30х30. В комплекте 10 штук,DzDWq0oS1prZn4ODpMy0,1,2026-09-03 16:57:24,После стирки все потянулось в разные стороны,,,серый,,0,,,,2026-09-21T14:15:25+03:00
wildberries,212124157,114913078,Modjimoda,Набор махровых кухонных полотенец 30х30. В комплекте 10 штук,fsuSPBmtUz7Nfj9DdVNI,5,2026-09-03 15:12:24,"Хорошие салфетки, для кухни то, что надо, рекомендую",,,Черный · 30х30 см,0,0,,,,2026-09-21T14:15:25+03:00
wildberries,212124157,114913078,Modjimoda,Набор махровых кухонных полотенец 30х30. В комплекте 10 штук,98c7VqRNuPDhT1KXHKIY,5,2026-09-03 14:04:44,,,,серый,0,0,,,,2026-09-21T14:15:25+03:00
wildberries,212124157,114913078,Modjimoda,Набор махровых кухонных полотенец 30х30. В комплекте 10 штук,oddE15AZwA1ypCPCCE7m,5,2026-09-03 13:42:07,,,,"Серый, графит, черный · 45х70 см",0,0,,,,2026-09-21T14:15:25+03:00
wildberries,212124157,114913078,Modjimoda,Набор махровых кухонных полотенец 30х30. В комплекте 10 штук,SwLZOLnOx8qKeUzbrd1M,4,2026-09-03 08:33:54,,,,Черный · 45х70 см,0,0,,,,2026-09-21T14:15:25+03:00
wildberries,212124157,114913078,Modjimoda,Набор махровых кухонных полотенец 30х30. В комплекте 10 штук,YYOuQOxDNZMZrmufVBKR,4,2026-09-03 08:33:33,,,,"Темно-бежевый, серо-бежевый, графит · 45х70 см",0,0,,,,2026-09-21T14:15:25+03:00
wildberries,212124157,114913078,Modjimoda,Набор махровых кухонных полотенец 30х30. В комплекте 10 штук,4IEHx1FI2f42ik4F22uz,3,2026-09-03 04:38:36,"Хотелось бы ,чтобы хорошо пропитывалась влага",,,серый,,0,,,,2026-09-21T14:15:25+03:00
wildberries,212124157,114913078,Modjimoda,Набор махровых кухонных полотенец 30х30. В комплекте 10 штук,7sfmvGcTcgy3CoFzue00,5,2026-09-03 04:03:14,"Отличные салфетки, всегда брала для внучки инвалида, как слюнявки, и цена радовала. Сейчас же цена-как космос...",,,Белый · 30х30 см,0,1,,,,2026-09-21T14:15:25+03:00
wildberries,212124157,114913078,Modjimoda,Набор махровых кухонных полотенец 30х30. В комплекте 10 штук,HTHVm9HpHF4d5DOD5vca,5,2026-09-02 20:59:52,"Для кухни самое то, спасибо продавцу",,,"Серый, графит, черный · 45х70 см",0,0,,,,2026-09-21T14:15:25+03:00
wildberries,212124157,114913078,Modjimoda,Набор махровых кухонных полотенец 30х30. В комплекте 10 штук,rOVcmXgRB6VFTndKih3c,5,2026-09-02 20:09:14,,"Полотенца просто шикарные , брала 3 раза, жаль что больше нет, моим родственникам всем ссылки скинула чтоб заказали, они успели 😀спасибо продавцу за качественный товар.",,серый,0,0,,,,2026-09-21T14:15:25+03:00
wildberries,212124157,114913078,Modjimoda,Набор махровых кухонных полотенец 30х30. В комплекте 10 штук,nF1YlvFNyEbd4tqkPq2p,5,2026-09-02 12:58:23,,,,белый,,0,,,,2026-09-21T14:15:25+03:00
wildberries,212124157,114913078,Modjimoda,Набор махровых кухонных полотенец 30х30. В комплекте 10 штук,nLs2sXHLEhrBqTSP7psA,5,2026-09-02 09:23:10,"Очень хорошие, вместо салфеток к праздничному столу",,,Белый · 30х30 см,0,0,,,,2026-09-21T14:15:25+03:00
wildberries,212124157,114913078,Modjimoda,Набор махровых кухонных полотенец 30х30. В комплекте 10 штук,D7bh1rYi84Z3AGIJnAXt,1,2026-09-02 08:30:11,"Качество плохое, сделала возврат продавец отказался принимать свой же товар ужасного качество",,,Черный · 30х30 см,0,0,,,,2026-09-21T14:15:25+03:00
wildberries,212124157,114913078,Modjimoda,Набор махровых кухонных полотенец 30х30. В комплекте 10 штук,VTyxrNpqTj0aB2CBrukZ,5,2026-09-02 08:21:07,,,,"Темно-бежевый, серо-бежевый, графит · 45х70 см",0,0,,,,2026-09-21T14:15:25+03:00
wildberries,212124157,114913078,Modjimoda,Набор махровых кухонных полотенец 30х30. В комплекте 10 штук,PRq9YAHXXBLjYbIeKt8x,5,2026-09-02 05:42:19,"Очень хорошие, отличного качества,без синтетики",,,Белый · 30х30 см,0,1,,,,2026-09-21T14:15:25+03:00
wildberries,212124157,114913078,Modjimoda,Набор махровых кухонных полотенец 30х30. В комплекте 10 штук,9YAZyFyKwurhQawmOj5Z,1,2026-09-02 05:35:11,,,,Черный · 30х30 см,0,0,,,,2026-09-21T14:15:25+03:00
wildberries,212124157,114913078,Modjimoda,Набор махровых кухонных полотенец 30х30. В комплекте 10 штук,LjXko5wDfc6hrIhA7YkZ,2,2026-09-02 03:31:00,,,,Белый · 30х30 см,0,0,,,,2026-09-21T14:15:25+03:00
wildberries,212124157,114913078,Modjimoda,Набор махровых кухонных полотенец 30х30. В комплекте 10 штук,0me1vDb8xYaB0EFAoXjR,5,2026-09-01 19:19:48,Для кухни нормально я довольно,,,"Серый, графит, черный · 45х70 см",0,0,,,,2026-09-21T14:15:25+03:00
wildberries,212124157,114913078,Modjimoda,Набор махровых кухонных полотенец 30х30. В комплекте 10 штук,xppoWnvC3Ygv997EOuwm,4,2026-09-01 18:40:41,"Все хорошо, предполагала, сто будут плотнее, ино за свои деньги - самое то.",,,Черный · 30х30 см,0,0,,,,2026-09-21T14:15:25+03:00
wildberries,212124157,114913078,Modjimoda,Набор махровых кухонных полотенец 30х30. В комплекте 10 штук,b6c84ipTIVnhJdWEAVu4,5,2026-09-01 18:02:48,,,,"Темно-бежевый, серо-бежевый, графит · 45х70 см",0,0,,,,2026-09-21T14:15:25+03:00
wildberries,212124157,114913078,Modjimoda,Набор махровых кухонных полотенец 30х30. В комплекте 10 штук,Ru8vsxGLoJLF6MQAa4V1,5,2026-09-01 11:02:35,Беру не первый раз! Мне нравятся!,,,Черный · 30х30 см,0,0,,,,2026-09-21T14:15:25+03:00
wildberries,212124157,114913078,Modjimoda,Набор махровых кухонных полотенец 30х30. В комплекте 10 штук,gEsCuFFsaF30tYVEXywN,5,2026-09-01 03:43:58,"Купила на подарок , цена хорошая",,,белый,,1,,,,2026-09-21T14:15:25+03:00
wildberries,212124157,114913078,Modjimoda,Набор махровых кухонных полотенец 30х30. В комплекте 10 штук,owk6Fidfhct3XI8CGfEE,5,2026-08-31 18:41:50,,,,Белый · 30х30 см,0,0,,,,2026-09-21T14:15:25+03:00
wildberries,212124157,114913078,Modjimoda,Набор махровых кухонных полотенец 30х30. В комплекте 10 штук,72yUnYEjDET4i2aV8XTF,4,2026-08-31 13:49:21,"Сильно садятся и дкформируются после стирки, впитывает не очень хорошо.",,,Черный · 45х70 см,0,0,,,,2026-09-21T14:15:25+03:00
wildberries,212124157,114913078,Modjimoda,Набор махровых кухонных полотенец 30х30. В комплекте 10 штук,KUeOs1JzwBzYUWwBmrX2,2,2026-08-31 12:20:24,Не впитывают,,,черный,,0,,,,2026-09-21T14:15:25+03:00
wildberries,212124157,114913078,Modjimoda,Набор махровых кухонных полотенец 30х30. В комплекте 10 штук,CGcgyG4XBYeVksV8nssa,5,2026-08-31 12:11:36,,,,"Серый, графит, черный · 45х70 см",0,0,,,,2026-09-21T14:15:25+03:00
wildberries,212124157,114913078,Modjimoda,Набор махровых кухонных полотенец 30х30. В комплекте 10 штук,2bRAzpS2JRTJp1FnXiIF,4,2026-08-31 07:40:37,"Даль нет петелек, а так качество хорошее",,,Черный · 30х30 см,0,0,,,,2026-09-21T14:15:25+03:00
wildberries,212124157,114913078,Modjimoda,Набор махровых кухонных полотенец 30х30. В комплекте 10 штук,PqHWwjromr6eOIWB44oS,5,2026-08-31 05:24:16,"Заказываю уже не первый раз эти тряпочки , просто восторг",,,черный,,0,,,,2026-09-21T14:15:25+03:00
wildberries,212124157,114913078,Modjimoda,Набор махровых кухонных полотенец 30х30. В комплекте 10 штук,uT6bvFyRDMDczcgcMTqs,5,2026-08-30 18:50:25,Хорошее качество.  Не красятся при стирке,,,Черный · 30х30 см,0,0,,,,2026-09-21T14:15:25+03:00
wildberries,212124157,114913078,Modjimoda,Набор махровых кухонных полотенец 30х30. В комплекте 10 штук,J0b4yDXCvBCSLCpsG99G,3,2026-08-30 17:43:39,"Не впитывают воду,по ощущениям не хлопок",,,Черный · 30х30 см,0,0,,,,2026-09-21T14:15:25+03:00
wildberries,212124157,114913078,Modjimoda,Набор махровых кухонных полотенец 30х30. В комплекте 10 штук,7tBQ2SxmgpuE6qdiACfK,5,2026-08-30 12:07:53,,,,"Кофе, коричневый · 35х60 см",0,0,,,,2026-09-21T14:15:25+03:00
wildberries,212124157,114913078,Modjimoda,Набор махровых кухонных полотенец 30х30. В комплекте 10 штук,xcUpllFr52vUAIptLazM,1,2026-08-30 08:21:19,хлопок не очень,,,черный,,0,,,,2026-09-21T14:15:25+03:00
wildberries,212124157,114913078,Modjimoda,Набор махровых кухонных полотенец 30х30. В комплекте 10 штук,I4HO3BVLEIXtmhDuBd8u,5,2026-08-30 08:00:40,"Классные, после стирки не деформируются, хорошо отстирываются",,,"Серый, графит, черный · 45х70 см",0,0,,,,2026-09-21T14:15:25+03:00
wildberries,212124157,114913078,Modjimoda,Набор махровых кухонных полотенец 30х30. В комплекте 10 штук,bAzXUXEPPXAIWss698Hz,5,2026-08-30 07:37:22,спасибо.,все.,все так.,черный,0,0,,,,2026-09-21T14:15:25+03:00
wildberries,212124157,114913078,Modjimoda,Набор махровых кухонных полотенец 30х30. В комплекте 10 штук,HjEWyvAUddIw1aBPTGI7,5,2026-08-30 07:36:37,спасибо.,все.,все так.,черный,0,0,,,,2026-09-21T14:15:25+03:00
wildberries,212124157,114913078,Modjimoda,Набор махровых кухонных полотенец 30х30. В комплекте 10 штук,gurRnbIqVykb8leAPd2e,5,2026-08-30 05:29:50,спасибо.,все.,все так.,черный,0,0,,,,2026-09-21T14:15:25+03:00
wildberries,212124157,114913078,Modjimoda,Набор махровых кухонных полотенец 30х30. В комплекте 10 штук,R3ZioguoTo3A3xmLYyiC,5,2026-08-30 03:34:34,,,,"Серый, графит, черный · 45х70 см",0,0,,,,2026-09-21T14:15:25+03:00
wildberries,212124157,114913078,Modjimoda,Набор махровых кухонных полотенец 30х30. В комплекте 10 штук,xx2NjMGTpAIu812V9qCv,5,2026-08-30 01:44:02,,,,"Кофе, коричневый · 35х60 см",0,0,,,,2026-09-21T14:15:25+03:00
wildberries,212124157,114913078,Modjimoda,Набор махровых кухонных полотенец 30х30. В комплекте 10 штук,GTt3mZIMrtRs3VHdl1ek,5,2026-08-29 22:43:31,,,,серый,,0,,,,2026-09-21T14:15:25+03:00
wildberries,212124157,114913078,Modjimoda,Набор махровых кухонных полотенец 30х30. В комплекте 10 штук,xld9Tg8zCpu4VXXRAjOs,5,2026-08-29 20:57:07,,,,серый,,0,,,,2026-09-21T14:15:25+03:00
wildberries,212124157,114913078,Modjimoda,Набор махровых кухонных полотенец 30х30. В комплекте 10 штук,lJWf1ul4hxZYnwXpXMMx,5,2026-08-29 18:41:17,Хорошие салфетки,,,Белый · 30х30 см,0,0,,,,2026-09-21T14:15:25+03:00
wildberries,212124157,114913078,Modjimoda,Набор махровых кухонных полотенец 30х30. В комплекте 10 штук,9sDVcEyw7KHE40n4Anqc,5,2026-08-29 05:53:54,"Полотенчики небольшие, аккуратные , хорошо впитывают влагу . Белоснежные . Спасибо большое. На кухне самое то, покупкой довольна .",,,белый,,0,,,,2026-09-21T14:15:25+03:00
wildberries,212124157,114913078,Modjimoda,Набор махровых кухонных полотенец 30х30. В комплекте 10 штук,KfdGXyl3K8UU8QcVMGLW,5,2026-08-28 05:40:43,,,,белый,,0,,,,2026-09-21T14:15:25+03:00
wildberries,212124157,114913078,Modjimoda,Набор махровых кухонных полотенец 30х30. В комплекте 10 штук,kHxIlNEXfRxQdHwFbMIo,4,2026-08-29 05:08:17,"Не очень мягкие, ожидала другого качества, а так аккуратные. Пришли хорошо упакованы",,,Черный · 30х30 см,0,0,,,,2026-09-21T14:15:25+03:00
wildberries,212124157,114913078,Modjimoda,Набор махровых кухонных полотенец 30х30. В комплекте 10 штук,688LPmGszGUNbfqeKzuO,5,2026-08-29 02:54:20,,"Цена,комплектация.Но качество,к сожалению,не порадовало",,"Серый, графит, черный · 45х70 см",0,0,,,,2026-09-21T14:15:25+03:00
wildberries,212124157,114913078,Modjimoda,Набор махровых кухонных полотенец 30х30. В комплекте 10 штук,4CqADuUN8HkZ2PG1rkaX,5,2026-08-29 01:47:34,"Все отлично! Впитывают хорошо, мягкие! Спасибо!",,,Черный · 45х70 см,0,0,,,,2026-09-21T14:15:25+03:00
wildberries,212124157,114913078,Modjimoda,Набор махровых кухонных полотенец 30х30. В комплекте 10 штук,7Lr6zL4UucYpfcc48xJQ,1,2026-08-28 23:25:44,,,,Белый · 30х30 см,0,1,,,,2026-09-21T14:15:25+03:00
wildberries,212124157,114913078,Modjimoda,Набор махровых кухонных полотенец 30х30. В комплекте 10 штук,3upCKXnJCU5LbwbTfCYh,1,2026-08-28 19:55:50,"Очень плохое качество,после стирки превратились не понятно во что",,,"Серый, графит, черный · 45х70 см",0,0,,,,2026-09-21T14:15:25+03:00
wildberries,212124157,114913078,Modjimoda,Набор махровых кухонных полотенец 30х30. В комплекте 10 штук,42e4GypaBEwnKPMqGhvm,4,2026-08-28 19:44:52,"Далеки от того, что на первом фото в карточке товара . Они не молочные, а кипельно-белые, как бумага А4. После стирки на оборотах от 600 могут рваться по шву. Но в целом за такую цену норм, все же экологичнее, чем одноразовые. Использую только для про тирания чистой посуды или овощей/фруктов после того, как помыли их. Больше ничего ими не вытираю, так как они белые.   Кстати, один раз остались пятна  салатового цвета от шпината, после замачивания с кислородным отбеливателем отстирались.",,,Белый · 30х30 см,0,0,,,,2026-09-21T14:15:25+03:00
wildberries,212124157,114913078,Modjimoda,Набор махровых кухонных полотенец 30х30. В комплекте 10 штук,eOX1IjdhSEpBNzdrD1qY,3,2026-08-28 14:41:27,,,,серый,,0,,,,2026-09-21T14:15:25+03:00
wildberries,212124157,114913078,Modjimoda,Набор махровых кухонных полотенец 30х30. В комплекте 10 штук,dhiBQk4Po0tdGHL65hWj,5,2026-08-28 12:57:29,,,,"Темно-бежевый, серо-бежевый, графит · 45х70 см",0,0,,,,2026-09-21T14:15:25+03:00
wildberries,212124157,114913078,Modjimoda,Набор махровых кухонных полотенец 30х30. В комплекте 10 штук,XfIDVRB5lumT9TspKElc,5,2026-08-28 12:25:25,,,,серый,,0,,,,2026-09-21T14:15:25+03:00
wildberries,212124157,114913078,Modjimoda,Набор махровых кухонных полотенец 30х30. В комплекте 10 штук,kOV3gYlLX7DOo1PyiRXN,5,2026-08-28 10:53:00,,,,Черный · 30х30 см,0,0,,,,2026-09-21T14:15:25+03:00
wildberries,212124157,114913078,Modjimoda,Набор махровых кухонных полотенец 30х30. В комплекте 10 штук,bSQ8kMetoKo4gSwAlWCf,5,2026-08-28 10:20:44,,,,"Серый, графит, черный · 45х70 см",0,0,,,,2026-09-21T14:15:25+03:00
wildberries,212124157,114913078,Modjimoda,Набор махровых кухонных полотенец 30х30. В комплекте 10 штук,TIjxl7JHEMDwxY1FRgfN,5,2026-08-28 09:56:57,,,,коричневый,0,0,,,,2026-09-21T14:15:25+03:00
wildberries,212124157,114913078,Modjimoda,Набор махровых кухонных полотенец 30х30. В комплекте 10 штук,lE23IvViK5d55fukunRP,5,2026-08-28 09:39:18,,Хорошие полотенца 👍 рекомендую,,"Серый, графит, черный · 45х70 см",0,0,,,,2026-09-21T14:15:25+03:00
wildberries,212124157,114913078,Modjimoda,Набор махровых кухонных полотенец 30х30. В комплекте 10 штук,frN347C6xrUp2XZQnI4K,1,2026-08-28 08:27:37,"Качество ужасное,просто выкинула после первой стирки",,,серый,,0,,,,2026-09-21T14:15:25+03:00
wildberries,212124157,114913078,Modjimoda,Набор махровых кухонных полотенец 30х30. В комплекте 10 штук,B1O8nKgDZkOnB3vSbxs4,5,2026-08-28 07:43:54,"Превосходные полотенца для кухни, отлично впитывают влагу 👍 рекомендую.",,,Черный · 45х70 см,0,0,,,,2026-09-21T14:15:25+03:00
wildberries,212124157,114913078,Modjimoda,Набор махровых кухонных полотенец 30х30. В комплекте 10 штук,3fPZu8S8zJJ0aUhFiIXF,5,2026-08-28 06:19:37,,,,"Темно-бежевый, серо-бежевый, графит · 45х70 см",0,0,,,,2026-09-21T14:15:25+03:00
wildberries,212124157,114913078,Modjimoda,Набор махровых кухонных полотенец 30х30. В комплекте 10 штук,GbQp4NOXrl8UW7Nsoms9,5,2026-08-28 04:49:06,Классные полотенчики,,,Белый · 30х30 см,0,0,,,,2026-09-21T14:15:25+03:00
wildberries,212124157,114913078,Modjimoda,Набор махровых кухонных полотенец 30х30. В комплекте 10 штук,1b2XbVQzSAm0g5gvWCtC,5,2026-08-28 01:12:00,,,,"Серый, графит, черный · 45х70 см",0,0,,,,2026-09-21T14:15:25+03:00
wildberries,212124157,114913078,Modjimoda,Набор махровых кухонных полотенец 30х30. В комплекте 10 штук,yLed2VlDaCv1NNVVqEgn,5,2026-08-28 00:19:34,Качество хорошее,,,"Темно-бежевый, серо-бежевый, графит · 45х70 см",0,0,,,,2026-09-21T14:15:25+03:00
wildberries,212124157,114913078,Modjimoda,Набор махровых кухонных полотенец 30х30. В комплекте 10 штук,aI2b8zrB9TNlI3sTRoV7,3,2026-08-27 17:30:35,"После первой стирки у половины полотенец повылазили нитки. Приобретала по акции, поэтому не так обидно.",,,Белый · 30х30 см,0,0,,,,2026-09-21T14:15:25+03:00
wildberries,212124157,114913078,Modjimoda,Набор махровых кухонных полотенец 30х30. В комплекте 10 штук,vlDM4q1MhVmfT4w6ttmh,5,2026-08-27 15:19:25,"Беру далеко не в первый раз, хорошие салфетки",,,Белый · 30х30 см,0,0,,,,2026-09-21T14:15:25+03:00
wildberries,212124157,114913078,Modjimoda,Набор махровых кухонных полотенец 30х30. В комплекте 10 штук,pwzqorsv8Si6Uiou3vn8,4,2026-08-27 15:08:18,,,,Черный · 30х30 см,0,0,,,,2026-09-21T14:15:25+03:00
wildberries,212124157,114913078,Modjimoda,Набор махровых кухонных полотенец 30х30. В комплекте 10 штук,Jm9gERpP0GrnMb4gopzt,5,2026-08-27 13:11:52,Всё хорошо,,,Черный · 30х30 см,0,0,,,,2026-09-21T14:15:25+03:00
wildberries,212124157,114913078,Modjimoda,Набор махровых кухонных полотенец 30х30. В комплекте 10 штук,qughqm8IMfjS0ky9KGl7,4,2026-08-27 13:02:21,После стирки полотенца деформировались. Впитывают влагу  нормально.,,,"Серый, графит, черный · 45х70 см",0,0,,,,2026-09-21T14:15:25+03:00
wildberries,212124157,114913078,Modjimoda,Набор махровых кухонных полотенец 30х30. В комплекте 10 штук,u8Sy2RcwWdmBF9MJAYKh,5,2026-08-27 12:26:54,Классные полотенчики.заказываю уже второй комплект,,,Черный · 30х30 см,0,0,,,,2026-09-21T14:15:25+03:00
wildberries,212124157,114913078,Modjimoda,Набор махровых кухонных полотенец 30х30. В комплекте 10 штук,g49dvDJT18cuCAwTt2nk,5,2026-08-27 11:58:09,"Понравился , довольна качеством и цветом",,,черный,,0,,,,2026-09-21T14:15:25+03:00
wildberries,212124157,114913078,Modjimoda,Набор махровых кухонных полотенец 30х30. В комплекте 10 штук,jkv0eyPIVzU3vBnv7Jsl,5,2026-08-27 09:41:13,"Беру не первый раз, рекомендую",,,Белый · 30х30 см,0,0,,,,2026-09-21T14:15:25+03:00
wildberries,212124157,114913078,Modjimoda,Набор махровых кухонных полотенец 30х30. В комплекте 10 штук,d8n8nfuSZA8KsrB8MKOI,5,2026-08-27 08:03:41,,,,серый,,0,,,,2026-09-21T14:15:25+03:00
wildberries,212124157,114913078,Modjimoda,Набор махровых кухонных полотенец 30х30. В комплекте 10 штук,Xs7qBYZmGkS23KBdpLWS,5,2026-08-27 07:10:07,,,,серый,,0,,,,2026-09-21T14:15:25+03:00
wildberries,212124157,114913078,Modjimoda,Набор махровых кухонных полотенец 30х30. В комплекте 10 штук,G9qOlKvV22g3FsUTrabM,5,2026-08-27 07:04:48,,"Тёмный цвет, синий коричневый",Тонковатые,серый,0,0,,,,2026-09-21T14:15:25+03:00
wildberries,212124157,114913078,Modjimoda,Набор махровых кухонных полотенец 30х30. В комплекте 10 штук,SG4cuHoe0FLuJfHxLKdE,5,2026-08-27 04:23:01,,,,"Темно-бежевый, серо-бежевый, графит · 45х70 см",0,0,,,,2026-09-21T14:15:25+03:00
wildberries,212124157,114913078,Modjimoda,Набор махровых кухонных полотенец 30х30. В комплекте 10 штук,mY53JEX8QWNf7Aqj6dZK,4,2026-08-27 01:51:56,После первой стирки становятся деревянными(((((((,,,"Кофе, коричневый · 35х60 см",0,0,,,,2026-09-21T14:15:25+03:00
wildberries,212124157,114913078,Modjimoda,Набор махровых кухонных полотенец 30х30. В комплекте 10 штук,RcUyQzsM8EV92eyNjjb3,1,2026-08-26 20:14:44,,,,Белый · 30х30 см,0,1,,,,2026-09-21T14:15:25+03:00
wildberries,212124157,114913078,Modjimoda,Набор махровых кухонных полотенец 30х30. В комплекте 10 штук,I8bSnR2AmzDpLVk9ixgA,3,2026-08-26 19:29:50,"Покупала, чтобы вытирать лицо , после умывания. Как бы и чем бы я их не стирала, на лице остаётся куча черных волосинок и ворсинок. Не понравились.",,,Черный · 45х70 см,0,0,,,,2026-09-21T14:15:25+03:00
wildberries,212124157,114913078,Modjimoda,Набор махровых кухонных полотенец 30х30. В комплекте 10 штук,kyt3K7Ki5z2uuTYslXrV,3,2026-08-26 18:04:25,"Плотные, но плохо впитывает 100% не хлопок",,,черный,,0,,,,2026-09-21T14:15:25+03:00
wildberries,212124157,114913078,Modjimoda,Набор махровых кухонных полотенец 30х30. В комплекте 10 штук,oYpR8Fxj8qCHpU3giulO,5,2026-08-26 18:03:47,Рекомендую 👍👍👍👍,,,"Кофе, коричневый · 35х60 см",0,0,,,,2026-09-21T14:15:25+03:00
wildberries,212124157,114913078,Modjimoda,Набор махровых кухонных полотенец 30х30. В комплекте 10 штук,5hFQh9p9A9BiXcfYAAvI,4,2026-08-26 16:52:56,"Очень тонкие, быстро намокают",,,черный,,0,,,,2026-09-21T14:15:25+03:00
wildberries,212124157,114913078,Modjimoda,Набор махровых кухонных полотенец 30х30. В комплекте 10 штук,qmASm9C4OlVKGpcoSDyq,5,2026-08-26 15:31:45,,,,Белый · 30х30 см,0,0,,,,2026-09-21T14:15:25+03:00
wildberries,212124157,114913078,Modjimoda,Набор махровых кухонных полотенец 30х30. В комплекте 10 штук,J9tmtl4JBhiWvyNzvpZz,5,2026-08-26 15:09:43,,,,Белый · 30х30 см,0,0,,,,2026-09-21T14:15:25+03:00
wildberries,212124157,114913078,Modjimoda,Набор махровых кухонных полотенец 30х30. В комплекте 10 штук,PcfdYDhUnfCdhv1ARxUT,5,2026-08-26 13:41:50,,,,"Серый, графит, черный · 45х70 см",0,0,,,,2026-09-21T14:15:25+03:00
wildberries,212124157,114913078,Modjimoda,Набор махровых кухонных полотенец 30х30. В комплекте 10 штук,GVD81sTGsLSKiruVJmUR,3,2026-08-26 11:46:26,Качество не очень. Форму потеряли после первой стирки. Стирала на 30°. Впитывают влагу тоже очень плохо,,,Черный · 45х70 см,0,0,,,,2026-09-21T14:15:25+03:00
wildberries,212124157,114913078,Modjimoda,Набор махровых кухонных полотенец 30х30. В комплекте 10 штук,HVd99agsxT6SX0L1HRxd,5,2026-08-26 09:15:08,👍,,,черный,,0,,,,2026-09-21T14:15:25+03:00
wildberries,212124157,114913078,Modjimoda,Набор махровых кухонных полотенец 30х30. В комплекте 10 штук,SxgJnYHvjkskWltqI43G,4,2026-08-26 05:21:46,Хорошие немного потеряли форму,,,серый,,0,,,,2026-09-21T14:15:25+03:00
